actual_coverage,benign_coverage,attack_coverage,accepted_rows,abstained_rows,selective_risk,accepted_accuracy,accepted_precision,accepted_recall,accepted_f1,attack_abstention_rate,accepted_false_negative_rate,seed,dataset,model,condition_type,missing_groups,desired_policy_coverage,confidence_cutoff,aurc
0.7811863255603351,0.8648748035970982,0.4531546878071152,117317,32861,0.0,1.0,1.0,1.0,1.0,0.5468453121928848,0.0,2027,source,ordinary_baseline,complete,,0.8,0.9999925032700044,5.089194572071484e-06
0.8793165443673507,0.9433691037341624,0.6282513267378628,132054,18124,0.0,1.0,1.0,1.0,1.0,0.3717486732621372,0.0,2027,source,ordinary_baseline,complete,,0.9,0.9999525181100614,5.089194572071484e-06
0.9506851869115316,0.9853408217163108,0.8148463604795911,142772,7406,0.0,1.0,1.0,1.0,1.0,0.1851536395204088,0.0,2027,source,ordinary_baseline,complete,,0.95,0.9996191215135498,5.089194572071484e-06
0.904000585971314,0.966193628188413,0.660224071283496,135761,14417,0.0,1.0,1.0,1.0,1.0,0.3397759287165039,0.0,2027,source,full_method,complete,,0.8,0.9998136103081596,1.3666361186148762e-05
0.938200002663506,0.9921940293517868,0.7265609644237699,140897,9281,1.4194766389632142e-05,0.9999858052336104,0.999954912304432,0.999954912304432,0.999954912304432,0.2734390355762301,3.2758959575443885e-05,2027,source,full_method,complete,,0.9,0.9985148348024138,1.3666361186148762e-05
0.9667394691632596,0.9966235416039848,0.8496036165891371,145183,4995,0.000241075056997,0.999758924943003,0.9989212513484358,0.9997300944669366,0.9993255092405234,0.1503963834108628,0.0002293127170281,2027,source,full_method,complete,,0.95,0.9940159898170458,1.3666361186148762e-05
0.5122587862403282,0.6429478821916892,0.0,76930,73248,0.0,1.0,0.0,0.0,0.0,1.0,0.0,2027,source,ordinary_baseline,single,G1_Packet_Byte_Magnitude,0.8,0.9999925032700044,0.0137683659077614
0.7390430023039327,0.9271804900879216,0.0016051890191967,110988,39190,0.0004414891700003,0.9995585108299996,0.0,0.0,0.0,0.9983948109808032,0.0016051890191967,2027,source,ordinary_baseline,single,G1_Packet_Byte_Magnitude,0.9,0.9999525181100614,0.0137683659077614
0.7833104715737325,0.97127503092301,0.0465504815567057,117636,32542,0.0120796354857356,0.9879203645142643,0.0,0.0,0.0,0.9534495184432944,0.0465504815567057,2027,source,ordinary_baseline,single,G1_Packet_Byte_Magnitude,0.95,0.9996191215135498,0.0137683659077614
0.7258053776185593,0.8406879951860395,0.275502850029483,109000,41178,0.0,1.0,1.0,1.0,1.0,0.724497149970517,0.0,2027,source,full_method,single,G1_Packet_Byte_Magnitude,0.8,0.9998136103081596,1.94852308835425e-05
0.855904326865453,0.948885100123692,0.4914499115508091,128538,21640,0.0,1.0,1.0,1.0,1.0,0.5085500884491908,0.0,2027,source,full_method,single,G1_Packet_Byte_Magnitude,0.9,0.9985148348024138,1.94852308835425e-05
0.9208406024850512,0.9796409587804632,0.6903623140929044,138290,11888,2.169354255549932e-05,0.9999783064574445,0.9999525459118304,0.999905096327228,0.9999288205566232,0.3096376859070956,6.551791915088777e-05,2027,source,full_method,single,G1_Packet_Byte_Magnitude,0.95,0.9940159898170458,1.94852308835425e-05
0.730286726417984,0.8792916123424598,0.1462359955447815,109673,40505,0.0,1.0,1.0,1.0,1.0,0.8537640044552185,0.0,2027,source,ordinary_baseline,single,G2_Temporal_Activity,0.8,0.9999925032700044,0.0004130676369914
0.8244150275006992,0.933431952662722,0.3971041079735307,123809,26369,8.076957248665283e-06,0.9999919230427512,0.9999175121669552,1.0,0.9999587543823468,0.6028958920264692,0.0,2027,source,ordinary_baseline,single,G2_Temporal_Activity,0.9,0.9999525181100614,0.0004130676369914
0.8530743517692339,0.9655751679871628,0.412107711459084,128113,22065,4.6833654664241725e-05,0.9999531663453356,0.9999204834605598,0.9996025437201908,0.9997614883129272,0.5878922885409159,0.0001637947978772,2027,source,ordinary_baseline,single,G2_Temporal_Activity,0.95,0.9996191215135498,0.0004130676369914
0.8207860006126064,0.8929645973322635,0.5378693572692131,123264,26914,0.0,1.0,1.0,1.0,1.0,0.4621306427307868,0.0,2027,source,full_method,single,G2_Temporal_Activity,0.8,0.9998136103081596,1.949785355293236e-05
0.9071701580790796,0.9736736535954268,0.646498067221385,136237,13941,1.4680299771721338e-05,0.9999853197002284,0.999949328604003,0.999949328604003,0.999949328604003,0.3535019327786149,3.2758959575443885e-05,2027,source,full_method,single,G2_Temporal_Activity,0.9,0.9985148348024138,1.949785355293236e-05
0.9626110349052458,0.9853157490054492,0.8736159339579375,144563,5615,0.00015218278536,0.99984781721464,0.9994002548916712,0.9997750112494376,0.999587597945488,0.1263840660420625,0.0001965537574526,2027,source,full_method,single,G2_Temporal_Activity,0.95,0.9940159898170458,1.949785355293236e-05
0.7538520955133242,0.8623758900812356,0.3284740876629758,113212,36966,0.0,1.0,1.0,1.0,1.0,0.6715259123370242,0.0,2027,source,ordinary_baseline,single,G3_TCP_Control_Flags,0.8,0.9999925032700044,6.344461146025816e-06
0.8548988533606786,0.9409454083508842,0.5176243202515888,128387,21791,0.0,1.0,1.0,1.0,1.0,0.4823756797484111,0.0,2027,source,ordinary_baseline,single,G3_TCP_Control_Flags,0.9,0.9999525181100614,6.344461146025816e-06
0.9409234375208086,0.9838197439240464,0.7727838563847212,141306,8872,0.0,1.0,1.0,1.0,1.0,0.2272161436152787,0.0,2027,source,ordinary_baseline,single,G3_TCP_Control_Flags,0.95,0.9996191215135498,6.344461146025816e-06
0.8934597610835142,0.9567412161936282,0.6454170215553954,134178,16000,0.0,1.0,1.0,1.0,1.0,0.3545829784446046,0.0,2027,source,full_method,single,G3_TCP_Control_Flags,0.8,0.9998136103081596,1.3254658905159267e-05
0.9300163805617334,0.9897034734062112,0.6960623730590316,139668,10510,7.159836182948134e-06,0.9999928401638172,1.0,0.999952936746988,0.9999764678197436,0.3039376269409684,3.2758959575443885e-05,2027,source,full_method,single,G3_TCP_Control_Flags,0.9,0.9985148348024138,1.3254658905159267e-05
0.96119271797467,0.9960552268244576,0.8245430125139226,144350,5828,0.0001801177693107,0.9998198822306892,0.9990473166084471,0.9999205403257848,0.9994837377387712,0.1754569874860774,6.551791915088777e-05,2027,source,full_method,single,G3_TCP_Control_Flags,0.95,0.9940159898170458,1.3254658905159267e-05
0.0873297020868569,0.1096095343161836,0.0,13115,137063,0.0,1.0,0.0,0.0,0.0,1.0,0.0,2027,source,ordinary_baseline,single,G4_Rate_Header_Flow_Context,0.8,0.9999925032700044,0.0271014171695558
0.1615083434324601,0.2024537826363119,0.0010155277468387,24255,125923,0.0,1.0,1.0,1.0,1.0,0.9989844722531612,0.0,2027,source,ordinary_baseline,single,G4_Rate_Header_Flow_Context,0.9,0.9999525181100614,0.0271014171695558
0.3637550107206115,0.4473640223314278,0.0360348555329882,54628,95550,0.0001830563081203,0.9998169436918796,0.990990990990991,1.0,0.995475113122172,0.9639651444670118,0.0,2027,source,ordinary_baseline,single,G4_Rate_Header_Flow_Context,0.95,0.9996191215135498,0.0271014171695558
0.5759365552877252,0.6304198843312272,0.3623796108235602,86493,63685,0.0,1.0,1.0,1.0,1.0,0.6376203891764397,0.0,2027,source,full_method,single,G4_Rate_Header_Flow_Context,0.8,0.9998136103081596,0.0014286630887841
0.77209045266284,0.8307257714037375,0.5422590578523226,115951,34227,4.312166346128968e-05,0.9999568783365388,1.0,0.9996979399504622,0.9998489471617172,0.4577409421476774,0.0001637947978772,2027,source,full_method,single,G4_Rate_Header_Flow_Context,0.9,0.9985148348024138,0.0014286630887841
0.8606520262621689,0.9205278641393374,0.6259581995675817,129251,20927,0.0003868442023659,0.999613155797634,1.0,0.9973832949549928,0.9986899334486192,0.3740418004324182,0.0016379479787721,2027,source,full_method,single,G4_Rate_Header_Flow_Context,0.95,0.9940159898170458,0.0014286630887841
0.4786320233323123,0.5960786280212617,0.0182794994430976,71880,78298,0.0077629382303839,0.992237061769616,0.0,0.0,0.0,0.9817205005569024,0.0182794994430976,2027,source,ordinary_baseline,pairwise_unseen,G1_Packet_Byte_Magnitude+G2_Temporal_Activity,0.8,0.9999925032700044,0.0294338898290691
0.7566088241952883,0.9036121418781132,0.1804035903819694,113626,36552,0.0484660201010332,0.9515339798989668,0.0,0.0,0.0,0.8195964096180305,0.1804035903819694,2027,source,ordinary_baseline,pairwise_unseen,G1_Packet_Byte_Magnitude+G2_Temporal_Activity,0.9,0.9999525181100614,0.0294338898290691
0.8286100494080358,0.970163474074817,0.2737666251719845,124439,25739,0.0671574024220702,0.9328425975779298,0.0,0.0,0.0,0.7262333748280154,0.2737666251719845,2027,source,ordinary_baseline,pairwise_unseen,G1_Packet_Byte_Magnitude+G2_Temporal_Activity,0.95,0.9996191215135498,0.0294338898290691
0.5763627162433912,0.7234062113462374,0.0,86557,63621,0.0,1.0,0.0,0.0,0.0,1.0,0.0,2027,source,full_method,pairwise_unseen,G1_Packet_Byte_Magnitude+G2_Temporal_Activity,0.8,0.9998136103081596,8.110533969401257e-05
0.7280959927552637,0.8676411593621502,0.1811242874926292,109344,40834,0.0,1.0,1.0,1.0,1.0,0.8188757125073708,0.0,2027,source,full_method,pairwise_unseen,G1_Packet_Byte_Magnitude+G2_Temporal_Activity,0.9,0.9985148348024138,8.110533969401257e-05
0.8058237558097724,0.9092535018219504,0.4004127628906506,121017,29161,4.9579811100919706e-05,0.9999504201888992,1.0,0.9995091221467725,0.9997545008183306,0.5995872371093494,0.0001965537574526,2027,source,full_method,pairwise_unseen,G1_Packet_Byte_Magnitude+G2_Temporal_Activity,0.95,0.9940159898170458,8.110533969401257e-05
0.5255896336347534,0.6596045197740112,0.0002948306361789,78932,71246,0.0001140221963208,0.9998859778036792,0.0,0.0,0.0,0.999705169363821,0.0002948306361789,2027,source,ordinary_baseline,pairwise_unseen,G1_Packet_Byte_Magnitude+G3_TCP_Control_Flags,0.8,0.9999925032700044,0.0156319844241298
0.7479457710183915,0.9341339885668438,0.0181484636047959,112325,37853,0.0049321166258624,0.9950678833741377,0.0,0.0,0.0,0.981851536395204,0.0181484636047959,2027,source,ordinary_baseline,pairwise_unseen,G1_Packet_Byte_Magnitude+G3_TCP_Control_Flags,0.9,0.9999525181100614,0.0156319844241298
0.8053376659697159,0.9751863738174038,0.1395859267509664,120944,29234,0.0352311813731975,0.9647688186268024,0.0,0.0,0.0,0.8604140732490336,0.1395859267509664,2027,source,ordinary_baseline,pairwise_unseen,G1_Packet_Byte_Magnitude+G3_TCP_Control_Flags,0.95,0.9996191215135498,0.0156319844241298
0.7119484877944838,0.8305168321465584,0.2471991089562995,106919,43259,0.0,1.0,1.0,1.0,1.0,0.7528008910437004,0.0,2027,source,full_method,pairwise_unseen,G1_Packet_Byte_Magnitude+G3_TCP_Control_Flags,0.8,0.9998136103081596,1.9597634638496068e-05
0.8177163099788252,0.9369421321833316,0.3503898316189477,122803,27375,0.0,1.0,1.0,1.0,1.0,0.6496101683810522,0.0,2027,source,full_method,pairwise_unseen,G1_Packet_Byte_Magnitude+G3_TCP_Control_Flags,0.9,0.9985148348024138,1.9597634638496068e-05
0.8743491057278696,0.9725035937552234,0.4896154098145843,131308,18870,0.0,1.0,1.0,1.0,1.0,0.5103845901854157,0.0,2027,source,full_method,pairwise_unseen,G1_Packet_Byte_Magnitude+G3_TCP_Control_Flags,0.95,0.9940159898170458,1.9597634638496068e-05
0.0,0.0,0.0,0,150178,,,,,,1.0,0.0,2027,source,ordinary_baseline,pairwise_unseen,G1_Packet_Byte_Magnitude+G4_Rate_Header_Flow_Context,0.8,0.9999925032700044,0.0534190136123499
0.0001931041830361,0.0002423695383278,0.0,29,150149,0.0,1.0,0.0,0.0,0.0,1.0,0.0,2027,source,ordinary_baseline,pairwise_unseen,G1_Packet_Byte_Magnitude+G4_Rate_Header_Flow_Context,0.9,0.9999525181100614,0.0534190136123499
0.1403534472426054,0.1758349212716879,0.0012775994234423,21078,129100,0.0018502704241389,0.9981497295758612,0.0,0.0,0.0,0.9987224005765576,0.0012775994234423,2027,source,ordinary_baseline,pairwise_unseen,G1_Packet_Byte_Magnitude+G4_Rate_Header_Flow_Context,0.95,0.9996191215135498,0.0534190136123499
6.65876493228036e-06,8.357570287166115e-06,0.0,1,150177,0.0,1.0,0.0,0.0,0.0,1.0,0.0,2027,source,full_method,pairwise_unseen,G1_Packet_Byte_Magnitude+G4_Rate_Header_Flow_Context,0.8,0.9998136103081596,0.0362551323828531
0.0117926726950685,0.0148012569785711,0.0,1771,148407,0.0,1.0,0.0,0.0,0.0,1.0,0.0,2027,source,full_method,pairwise_unseen,G1_Packet_Byte_Magnitude+G4_Rate_Header_Flow_Context,0.9,0.9985148348024138,0.0362551323828531
0.1298325986496024,0.1629559054591649,0.0,19498,130680,0.0,1.0,0.0,0.0,0.0,1.0,0.0,2027,source,full_method,pairwise_unseen,G1_Packet_Byte_Magnitude+G4_Rate_Header_Flow_Context,0.95,0.9940159898170458,0.0362551323828531
0.734395184381201,0.8948199779360144,0.1055821267116556,110290,39888,0.0,1.0,1.0,1.0,1.0,0.8944178732883443,0.0,2027,source,ordinary_baseline,pairwise_unseen,G2_Temporal_Activity+G3_TCP_Control_Flags,0.8,0.9999925032700044,0.0014519471943392
0.8083274514243098,0.9421823287533848,0.2836598309637685,121393,28785,8.237707281309466e-06,0.9999917622927188,1.0,0.999884513223236,0.9999422532771264,0.7163401690362314,3.2758959575443885e-05,2027,source,ordinary_baseline,pairwise_unseen,G2_Temporal_Activity+G3_TCP_Control_Flags,0.9,0.9999525181100614,0.0014519471943392
0.8570429756688729,0.9707568615652058,0.4113214964292734,128709,21469,0.0002719312557785,0.9997280687442216,0.9999201469296496,0.9972921312519912,0.9986044100641972,0.5886785035707266,0.001113804625565,2027,source,ordinary_baseline,pairwise_unseen,G2_Temporal_Activity+G3_TCP_Control_Flags,0.95,0.9996191215135498,0.0014519471943392
0.8106979717402016,0.8859024504396082,0.5159208543536657,121749,28429,0.0,1.0,1.0,1.0,1.0,0.4840791456463342,0.0,2027,source,full_method,pairwise_unseen,G2_Temporal_Activity+G3_TCP_Control_Flags,0.8,0.9998136103081596,2.072360016691857e-05
0.9017832172488648,0.9687844749774346,0.6391600602764856,135428,14750,1.476799480166583e-05,0.9999852320051984,0.9999487468607452,0.9999487468607452,0.9999487468607452,0.3608399397235143,3.2758959575443885e-05,2027,source,full_method,pairwise_unseen,G2_Temporal_Activity+G3_TCP_Control_Flags,0.9,0.9985148348024138,2.072360016691857e-05
0.957963216982514,0.9841958345869688,0.8551398807573871,143865,6313,9.036249261460396e-05,0.9999096375073854,0.999578753877379,0.9999233833895188,0.9997510389336806,0.1448601192426128,6.551791915088777e-05,2027,source,full_method,pairwise_unseen,G2_Temporal_Activity+G3_TCP_Control_Flags,0.95,0.9940159898170458,2.072360016691857e-05
0.0,0.0,0.0,0,150178,,,,,,1.0,0.0,2027,source,ordinary_baseline,pairwise_unseen,G2_Temporal_Activity+G4_Rate_Header_Flow_Context,0.8,0.9999925032700044,0.0178575998931209
0.109183768594601,0.1370390799986628,0.0,16397,133781,0.0,1.0,0.0,0.0,0.0,1.0,0.0,2027,source,ordinary_baseline,pairwise_unseen,G2_Temporal_Activity+G4_Rate_Header_Flow_Context,0.9,0.9999525181100614,0.0178575998931209
0.3857622288217981,0.4841791194463945,0.0,57933,92245,0.0,1.0,0.0,0.0,0.0,1.0,0.0,2027,source,ordinary_baseline,pairwise_unseen,G2_Temporal_Activity+G4_Rate_Header_Flow_Context,0.95,0.9996191215135498,0.0178575998931209
0.4326132988853227,0.5183950122020526,0.0963768590709559,64969,85209,0.0,1.0,1.0,1.0,1.0,0.903623140929044,0.0,2027,source,full_method,pairwise_unseen,G2_Temporal_Activity+G4_Rate_Header_Flow_Context,0.8,0.9998136103081596,0.0021093692800334
0.6092503562439239,0.7038077090228329,0.2386162615475332,91496,58682,2.185887907668095e-05,0.9999781411209232,1.0,0.999725425590335,0.999862693944803,0.7613837384524668,6.551791915088777e-05,2027,source,full_method,pairwise_unseen,G2_Temporal_Activity+G4_Rate_Header_Flow_Context,0.9,0.9985148348024138,0.0021093692800334
0.7661708106380428,0.8590077892555077,0.4022800235864509,115062,35116,0.000738732161791,0.999261267838209,0.9999180126260556,0.9931596091205211,0.9965273522081954,0.5977199764135491,0.0027517526043372,2027,source,full_method,pairwise_unseen,G2_Temporal_Activity+G4_Rate_Header_Flow_Context,0.95,0.9940159898170458,0.0021093692800334
0.087143256668753,0.1093755223481429,0.0,13087,137091,0.0,1.0,0.0,0.0,0.0,1.0,0.0,2027,source,ordinary_baseline,pairwise_unseen,G3_TCP_Control_Flags+G4_Rate_Header_Flow_Context,0.8,0.9999925032700044,0.0294112202946091
0.1598369934344577,0.2003978203456691,0.0008517329489615,24004,126174,0.0,1.0,1.0,1.0,1.0,0.9991482670510384,0.0,2027,source,ordinary_baseline,pairwise_unseen,G3_TCP_Control_Flags+G4_Rate_Header_Flow_Context,0.9,0.9999525181100614,0.0294112202946091
0.3589007710849791,0.4431016614849731,0.028860643385966,53899,96279,0.0001855321991131,0.9998144678008868,0.9887766554433222,1.0,0.9943566591422122,0.971139356614034,0.0,2027,source,ordinary_baseline,pairwise_unseen,G3_TCP_Control_Flags+G4_Rate_Header_Flow_Context,0.95,0.9996191215135498,0.0294112202946091
0.5717148983206595,0.6279042556747902,0.3514708772849374,85859,64319,1.16470026438696e-05,0.999988352997356,1.0,0.9999067946686552,0.999953395162418,0.6485291227150626,3.2758959575443885e-05,2027,source,full_method,pairwise_unseen,G3_TCP_Control_Flags+G4_Rate_Header_Flow_Context,0.8,0.9998136103081596,0.0020766829658123
0.7444033080744183,0.8229532310366731,0.4365131363427897,111793,38385,3.578041558952707e-05,0.9999642195844104,1.0,0.9996998123827392,0.9998498836598364,0.5634868636572102,0.0001310358383017,2027,source,full_method,pairwise_unseen,G3_TCP_Control_Flags+G4_Rate_Header_Flow_Context,0.9,0.9985148348024138,0.0020766829658123
0.841321631663759,0.8981379333400193,0.6186201926226823,126348,23830,0.00030075664039,0.99969924335961,1.0,0.997987714467274,0.9989928438908032,0.3813798073773177,0.0012448404638668,2027,source,full_method,pairwise_unseen,G3_TCP_Control_Flags+G4_Rate_Header_Flow_Context,0.95,0.9940159898170458,0.0020766829658123
0.5744543073413916,0.635838052797766,0.2730821553202815,573962,425181,0.0804408654231464,0.9195591345768536,0.0,0.0,0.0,0.7269178446797184,0.2730821553202815,2027,target,ordinary_baseline,complete,,0.8,0.9999925032700044,0.057699299297569
0.6845596676351633,0.7537252747649905,0.344981368663867,683973,315170,0.0852752959546648,0.9147247040453352,0.0,0.0,0.0,0.6550186313361329,0.344981368663867,2027,target,ordinary_baseline,complete,,0.9,0.9999525181100614,0.057699299297569
0.7746148449220982,0.8585847268854667,0.3623528715916484,773951,225192,0.0790256747520191,0.9209743252479808,1.0,0.0016486296785988,0.0032918323446972,0.6376471284083516,0.3617554858934169,2027,target,ordinary_baseline,complete,,0.95,0.9996191215135498,0.057699299297569
0.7523507646052667,0.8347856152410692,0.3476252439817827,751706,247437,0.0781861525649655,0.9218138474350344,0.0,0.0,0.0,0.6523747560182173,0.3476252439817827,2027,target,full_method,complete,,0.8,0.9998136103081596,0.0609818652906106
0.8496971904922519,0.9469432206564964,0.3722540959365943,848969,150174,0.0735633456580864,0.9264366543419136,1.0,0.0076902299124521,0.0152630832058781,0.6277459040634057,0.3693913763529899,2027,target,full_method,complete,,0.9,0.9985148348024138,0.0609818652906106
0.8811611551099292,0.9732686161337616,0.4289465901697522,880406,118737,0.0813397455264957,0.9186602544735044,0.9789473684210528,0.0128236948787954,0.0253157665505226,0.5710534098302478,0.4234459099781156,2027,target,full_method,complete,,0.95,0.9940159898170458,0.0609818652906106
0.3184078755493458,0.3418422235152812,0.2033536405039333,318135,681008,0.1080704732267748,0.8919295267732252,0.0,0.0,0.0,0.7966463594960668,0.2033536405039333,2027,target,ordinary_baseline,single,G1_Packet_Byte_Magnitude,0.8,0.9999925032700044,0.0894491332490244
0.6206949355597747,0.6805606253907789,0.3267758916425149,620163,378980,0.089086256355184,0.910913743644816,0.0,0.0,0.0,0.673224108357485,0.3267758916425149,2027,target,ordinary_baseline,single,G1_Packet_Byte_Magnitude,0.9,0.9999525181100614,0.0894491332490244
0.7550120453228417,0.8128887459295748,0.470858224404093,754365,244778,0.1055298164681553,0.8944701835318447,0.0,0.0,0.0,0.529141775595907,0.470858224404093,2027,target,ordinary_baseline,single,G1_Packet_Byte_Magnitude,0.95,0.9996191215135498,0.0894491332490244
0.5707811594536518,0.637611390805387,0.2426687170994262,570292,428851,0.0719420928226242,0.9280579071773758,0.0,0.0,0.0,0.7573312829005737,0.2426687170994262,2027,target,full_method,single,G1_Packet_Byte_Magnitude,0.8,0.9998136103081596,0.0568486681483602
0.659433134196006,0.7359208166028771,0.2839060744070503,658868,340275,0.0728567785960161,0.9271432214039838,0.0,0.0,0.0,0.7160939255929497,0.2839060744070503,2027,target,full_method,single,G1_Packet_Byte_Magnitude,0.9,0.9985148348024138,0.0568486681483602
0.7648754983020448,0.8603484271865246,0.2961376944460874,764220,234923,0.0650061500615006,0.9349938499384994,0.8324786324786325,0.0097267715906367,0.0192288709454523,0.7038623055539126,0.2932572307328325,2027,target,full_method,single,G1_Packet_Byte_Magnitude,0.95,0.9940159898170458,0.0568486681483602
0.6841343030977548,0.7536216694194366,0.3429762820133672,683548,315595,0.0848323746101224,0.9151676253898776,0.0,0.0,0.0,0.6570237179866327,0.3429762820133672,2027,target,ordinary_baseline,single,G2_Temporal_Activity,0.8,0.9999925032700044,0.0539153816230021
0.8629895820718355,0.9461890701179294,0.4545099662861536,862250,136893,0.0891203247318063,0.9108796752681936,0.0,0.0,0.0,0.5454900337138463,0.4545099662861536,2027,target,ordinary_baseline,single,G2_Temporal_Activity,0.9,0.9999525181100614,0.0539153816230021
0.9150491971619678,0.9931198822272258,0.5317501626545218,914265,84878,0.098333634121398,0.901666365878602,0.0,0.0,0.0,0.4682498373454782,0.5317501626545218,2027,target,ordinary_baseline,single,G2_Temporal_Activity,0.95,0.9996191215135498,0.0539153816230021
0.77184847414234,0.858524491219447,0.3463003489678831,771187,227956,0.0759206262553699,0.92407937374463,0.0,0.0,0.0,0.6536996510321169,0.3463003489678831,2027,target,full_method,single,G2_Temporal_Activity,0.8,0.9998136103081596,0.0555446406212949
0.8360494944167152,0.9333914005153764,0.358135683444727,835333,163810,0.072486062444558,0.927513937555442,0.0,0.0,0.0,0.641864316555273,0.358135683444727,2027,target,full_method,single,G2_Temporal_Activity,0.9,0.9985148348024138,0.0555446406212949
0.8932785397085302,0.970358028751688,0.5148459218075353,892513,106630,0.0975279911889238,0.902472008811076,0.0,0.0,0.0,0.4851540781924646,0.5148459218075353,2027,target,full_method,single,G2_Temporal_Activity,0.95,0.9940159898170458,0.0555446406212949
0.6009199884300845,0.6678135537476825,0.272496599041817,600405,398738,0.0767332050865665,0.9232667949134334,0.0,0.0,0.0,0.727503400958183,0.272496599041817,2027,target,ordinary_baseline,single,G3_TCP_Control_Flags,0.8,0.9999925032700044,0.0589667066515971
0.710742105984829,0.7847502569051156,0.3473886555864435,710133,289010,0.0827070422019537,0.9172929577980464,0.0,0.0,0.0,0.6526113444135565,0.3473886555864435,2027,target,ordinary_baseline,single,G3_TCP_Control_Flags,0.9,0.9999525181100614,0.0589667066515971
0.8224788643867794,0.9045457447718454,0.4195599455846691,821774,177369,0.0862804128629039,0.913719587137096,1.0,0.0004511172199901,0.0009018276100159,0.580440054415331,0.4193706748683977,2027,target,ordinary_baseline,single,G3_TCP_Control_Flags,0.95,0.9996191215135498,0.0589667066515971
0.7802817014181154,0.8680055850509534,0.3495889276630981,779613,219530,0.0758132560642267,0.9241867439357732,0.0,0.0,0.0,0.6504110723369019,0.3495889276630981,2027,target,full_method,single,G3_TCP_Control_Flags,0.8,0.9998136103081596,0.0592623136356095
0.8514627035369311,0.9485310328127768,0.3748920565446265,850733,148410,0.0739350654083008,0.9260649345916993,1.0,0.0076361169398734,0.0151564970955266,0.6251079434553735,0.3720293369610221,2027,target,full_method,single,G3_TCP_Control_Flags,0.9,0.9985148348024138,0.0592623136356095
0.887648714948711,0.9795861327859116,0.4362690010055007,886888,112255,0.0821276192709789,0.917872380729021,0.9989177489177488,0.012513557483731,0.0247174763001446,0.5637309989944993,0.4308097237830484,2027,target,full_method,single,G3_TCP_Control_Flags,0.95,0.9940159898170458,0.0592623136356095
0.0354383706836759,0.0421962887601451,0.0022594191754894,35408,963735,0.0107885223678264,0.9892114776321737,0.0,0.0,0.0,0.9977405808245106,0.0022594191754894,2027,target,ordinary_baseline,single,G4_Rate_Header_Flow_Context,0.8,0.9999925032700044,0.0877910604429506
0.2123319684970019,0.2525910371738389,0.0146743952209144,212150,786993,0.011694555738864,0.988305444261136,0.0,0.0,0.0,0.9853256047790856,0.0146743952209144,2027,target,ordinary_baseline,single,G4_Rate_Header_Flow_Context,0.9,0.9999525181100614,0.0877910604429506
0.3416347810073232,0.401846584577501,0.046016442893476,341342,657801,0.0217553069941583,0.9782446930058416,0.8881578947368421,0.0520565552699228,0.0983487129674599,0.953983557106524,0.0436209853906665,2027,target,ordinary_baseline,single,G4_Rate_Header_Flow_Context,0.95,0.9996191215135498,0.0877910604429506
0.4695383944040042,0.5362684968671431,0.1419175489442243,469136,530007,0.0511450837283858,0.9488549162716142,0.0,0.0,0.0,0.8580824510557757,0.1419175489442243,2027,target,full_method,single,G4_Rate_Header_Flow_Context,0.8,0.9998136103081596,0.0539086177906121
0.7637255127644391,0.8482699714362472,0.3486425740817412,763071,236072,0.077247071373437,0.9227529286265628,0.0,0.0,0.0,0.6513574259182587,0.3486425740817412,2027,target,full_method,single,G4_Rate_Header_Flow_Context,0.9,0.9985148348024138,0.0539086177906121
0.8695562096716887,0.9390017504484546,0.5286035369965103,868811,130332,0.1026195570728271,0.8973804429271729,1.0,0.0023945127614103,0.0047775855332924,0.4713964630034897,0.5273377890814456,2027,target,full_method,single,G4_Rate_Header_Flow_Context,0.95,0.9940159898170458,0.0539086177906121
0.5493397841950551,0.5929671245781998,0.3351452061276394,548869,450274,0.1032359269698234,0.8967640730301766,0.0,0.0,0.0,0.6648547938723606,0.3351452061276394,2027,target,ordinary_baseline,pairwise_unseen,G1_Packet_Byte_Magnitude+G2_Temporal_Activity,0.8,0.9999925032700044,0.0855650822108452
0.7944418366540125,0.8735099202118368,0.4062459336369551,793761,205382,0.0865298244685743,0.9134701755314256,0.0,0.0,0.0,0.5937540663630448,0.4062459336369551,2027,target,ordinary_baseline,pairwise_unseen,G1_Packet_Byte_Magnitude+G2_Temporal_Activity,0.9,0.9999525181100614,0.0855650822108452
0.935014307261323,0.9626346116546376,0.7994085290116519,934213,64930,0.1446736450895031,0.8553263549104969,0.0,0.0,0.0,0.200591470988348,0.7994085290116519,2027,target,ordinary_baseline,pairwise_unseen,G1_Packet_Byte_Magnitude+G2_Temporal_Activity,0.95,0.9996191215135498,0.0855650822108452
0.5092524293319375,0.5684921687610608,0.2184065771573904,508816,490327,0.0725724033835414,0.9274275966164586,0.0,0.0,0.0,0.7815934228426096,0.2184065771573904,2027,target,full_method,pairwise_unseen,G1_Packet_Byte_Magnitude+G2_Temporal_Activity,0.8,0.9998136103081596,0.0491816992817561
0.6539214106489262,0.7296008905240864,0.282362335127462,653361,345782,0.0730668038037164,0.9269331961962836,0.0,0.0,0.0,0.717637664872538,0.282362335127462,2027,target,full_method,pairwise_unseen,G1_Packet_Byte_Magnitude+G2_Temporal_Activity,0.9,0.9985148348024138,0.0491816992817561
0.7445630905686174,0.8256008808863798,0.3466966345300763,743925,255218,0.0787928890681184,0.9212071109318816,0.0,0.0,0.0,0.6533033654699237,0.3466966345300763,2027,target,full_method,pairwise_unseen,G1_Packet_Byte_Magnitude+G2_Temporal_Activity,0.95,0.9940159898170458,0.0491816992817561
0.3502041249350693,0.3723829109006075,0.2413142485361093,349904,649239,0.1166005532946179,0.8833994467053821,0.0,0.0,0.0,0.7586857514638907,0.2413142485361093,2027,target,ordinary_baseline,pairwise_unseen,G1_Packet_Byte_Magnitude+G3_TCP_Control_Flags,0.8,0.9999925032700044,0.0885024510813867
0.648634880092239,0.7105808766216947,0.3445022771633051,648079,351064,0.0898733024831849,0.9101266975168152,0.0,0.0,0.0,0.6554977228366948,0.3445022771633051,2027,target,ordinary_baseline,pairwise_unseen,G1_Packet_Byte_Magnitude+G3_TCP_Control_Flags,0.9,0.9999525181100614,0.0885024510813867
0.7907766956281533,0.8442582760793328,0.5282013367244337,790099,209044,0.1130276079326767,0.8869723920673233,0.0,0.0,0.0,0.4717986632755663,0.5282013367244337,2027,target,ordinary_baseline,pairwise_unseen,G1_Packet_Byte_Magnitude+G3_TCP_Control_Flags,0.95,0.9996191215135498,0.0885024510813867
0.5509321488515658,0.6179070997370111,0.222109185544449,550460,448683,0.0682193074882825,0.9317806925117176,0.0,0.0,0.0,0.777890814455551,0.222109185544449,2027,target,full_method,pairwise_unseen,G1_Packet_Byte_Magnitude+G3_TCP_Control_Flags,0.8,0.9998136103081596,0.0543499532728695
0.6857316720429408,0.76742768407116,0.2846335837227184,685144,313999,0.0702377894282078,0.9297622105717922,0.0,0.0,0.0,0.7153664162772816,0.2846335837227184,2027,target,full_method,pairwise_unseen,G1_Packet_Byte_Magnitude+G3_TCP_Control_Flags,0.9,0.9985148348024138,0.0543499532728695
0.7802696911252944,0.8780589177096472,0.300159697166854,779601,219542,0.0646856533021379,0.935314346697862,0.9968847352024922,0.0063056672184125,0.0125320644618065,0.699840302833146,0.2982669900041403,2027,target,full_method,pairwise_unseen,G1_Packet_Byte_Magnitude+G3_TCP_Control_Flags,0.95,0.9940159898170458,0.0543499532728695
0.0,0.0,0.0,0,999143,,,,,,1.0,0.0,2027,target,ordinary_baseline,pairwise_unseen,G1_Packet_Byte_Magnitude+G4_Rate_Header_Flow_Context,0.8,0.9999925032700044,0.1619919574163927
0.0002772375926168,0.0003300914497881,1.7744129650440647e-05,277,998866,0.0108303249097472,0.9891696750902528,0.0,0.0,0.0,0.9999822558703496,1.7744129650440647e-05,2027,target,ordinary_baseline,pairwise_unseen,G1_Packet_Byte_Magnitude+G4_Rate_Header_Flow_Context,0.9,0.9999525181100614,0.1619919574163927
0.1370454479488922,0.121371252889806,0.2140001182941976,136928,862215,0.2642337578873568,0.7357662421126432,0.0,0.0,0.0,0.7859998817058024,0.2140001182941976,2027,target,ordinary_baseline,pairwise_unseen,G1_Packet_Byte_Magnitude+G4_Rate_Header_Flow_Context,0.95,0.9996191215135498,0.1619919574163927
2.3019727906816143e-05,2.770840636907838e-05,0.0,23,999120,0.0,1.0,0.0,0.0,0.0,1.0,0.0,2027,target,full_method,pairwise_unseen,G1_Packet_Byte_Magnitude+G4_Rate_Header_Flow_Context,0.8,0.9998136103081596,0.2069908480140943
0.020053185580042,0.0073848926540195,0.0822499556396758,20036,979107,0.6940507087242963,0.3059492912757037,0.0,0.0,0.0,0.917750044360324,0.0822499556396758,2027,target,full_method,pairwise_unseen,G1_Packet_Byte_Magnitude+G4_Rate_Header_Flow_Context,0.9,0.9985148348024138,0.2069908480140943
0.0996574063972824,0.075494564935855,0.2182882829597208,99572,899571,0.3706463664483991,0.6293536335516009,0.0,0.0,0.0,0.7817117170402792,0.2182882829597208,2027,target,full_method,pairwise_unseen,G1_Packet_Byte_Magnitude+G4_Rate_Header_Flow_Context,0.95,0.9940159898170458,0.2069908480140943
0.7804628566681646,0.8684175970065283,0.3486366593718578,779794,219349,0.0755891940692028,0.924410805930797,0.0,0.0,0.0,0.6513633406281422,0.3486366593718578,2027,target,ordinary_baseline,pairwise_unseen,G2_Temporal_Activity+G3_TCP_Control_Flags,0.8,0.9999925032700044,0.0521218629333545
0.8792144868152006,0.9555521020440372,0.5044242029928432,878461,120682,0.0970822836756555,0.9029177163243444,0.0,0.0,0.0,0.4955757970071568,0.5044242029928432,2027,target,ordinary_baseline,pairwise_unseen,G2_Temporal_Activity+G3_TCP_Control_Flags,0.9,0.9999525181100614,0.0521218629333545
0.9337362119336272,0.9939186071586474,0.6382622582362335,932936,66207,0.1156681701638697,0.8843318298361302,0.0,0.0,0.0,0.3617377417637665,0.6382622582362335,2027,target,ordinary_baseline,pairwise_unseen,G2_Temporal_Activity+G3_TCP_Control_Flags,0.95,0.9996191215135498,0.0521218629333545
0.7793689191637233,0.8675574316957665,0.3463949843260188,778701,220442,0.0752085845529927,0.9247914154470072,0.0,0.0,0.0,0.6536050156739812,0.3463949843260188,2027,target,full_method,pairwise_unseen,G2_Temporal_Activity+G3_TCP_Control_Flags,0.8,0.9998136103081596,0.0549821236642896
0.8393903575364087,0.9376344008298064,0.3570473768261666,838671,160472,0.07197816545463,0.92802183454537,0.0,0.0,0.0,0.6429526231738333,0.3570473768261666,2027,target,full_method,pairwise_unseen,G2_Temporal_Activity+G3_TCP_Control_Flags,0.9,0.9985148348024138,0.0549821236642896
0.9021791675465874,0.9806655559209853,0.5168391790382681,901406,97737,0.0969396698047272,0.9030603301952728,0.0,0.0,0.0,0.4831608209617318,0.5168391790382681,2027,target,full_method,pairwise_unseen,G2_Temporal_Activity+G3_TCP_Control_Flags,0.95,0.9940159898170458,0.0549821236642896
0.0,0.0,0.0,0,999143,,,,,,1.0,0.0,2027,target,ordinary_baseline,pairwise_unseen,G2_Temporal_Activity+G4_Rate_Header_Flow_Context,0.8,0.9999925032700044,0.0540869168618547
0.0571960169865574,0.0679494454102229,0.0044005441533092,57147,941996,0.0130190561184314,0.9869809438815684,0.0,0.0,0.0,0.9955994558466909,0.0044005441533092,2027,target,ordinary_baseline,pairwise_unseen,G2_Temporal_Activity+G4_Rate_Header_Flow_Context,0.9,0.9999525181100614,0.0540869168618547
0.3278679828613121,0.3899163085656322,0.0232329804223102,327587,671556,0.0119907078119705,0.9880092921880296,0.0,0.0,0.0,0.9767670195776896,0.0232329804223102,2027,target,ordinary_baseline,pairwise_unseen,G2_Temporal_Activity+G4_Rate_Header_Flow_Context,0.95,0.9996191215135498,0.0540869168618547
0.3545628603713382,0.4109036193202284,0.0779499615543857,354259,644884,0.0372015954428821,0.9627984045571178,0.0,0.0,0.0,0.9220500384456144,0.0779499615543857,2027,target,full_method,pairwise_unseen,G2_Temporal_Activity+G4_Rate_Header_Flow_Context,0.8,0.9998136103081596,0.0459679977546594
0.6785775409525964,0.7835913226908958,0.1629975749689477,677996,321147,0.0406462575000442,0.9593537424999558,0.0,0.0,0.0,0.8370024250310523,0.1629975749689477,2027,target,full_method,pairwise_unseen,G2_Temporal_Activity+G4_Rate_Header_Flow_Context,0.9,0.9985148348024138,0.0459679977546594
0.9060074483832644,0.977069486659607,0.5571183533447684,905231,93912,0.1040529986268698,0.8959470013731302,0.0,0.0,0.0,0.4428816466552315,0.5571183533447684,2027,target,full_method,pairwise_unseen,G2_Temporal_Activity+G4_Rate_Header_Flow_Context,0.95,0.9940159898170458,0.0459679977546594
0.0353172668977313,0.0420529278750182,0.0022475897557224,35287,963856,0.0107688383824071,0.9892311616175928,0.0,0.0,0.0,0.9977524102442776,0.0022475897557224,2027,target,ordinary_baseline,pairwise_unseen,G3_TCP_Control_Flags+G4_Rate_Header_Flow_Context,0.8,0.9999925032700044,0.0883669990441189
0.2107706304302787,0.2507261409538679,0.0146034187023126,210590,788553,0.0117242034284628,0.9882757965715372,0.0,0.0,0.0,0.9853965812976874,0.0146034187023126,2027,target,ordinary_baseline,pairwise_unseen,G3_TCP_Control_Flags+G4_Rate_Header_Flow_Context,0.9,0.9999525181100614,0.0883669990441189
0.335471499074707,0.3943701337111314,0.0463003489678831,335184,663959,0.0222534488519738,0.977746551148026,0.8933901918976546,0.0535258048032703,0.1010003615764734,0.9536996510321168,0.0438220855267049,2027,target,ordinary_baseline,pairwise_unseen,G3_TCP_Control_Flags+G4_Rate_Header_Flow_Context,0.95,0.9996191215135498,0.0883669990441189
0.4501257577744126,0.5131235445557198,0.1408292423256639,449740,549403,0.0529416996486859,0.947058300351314,0.0,0.0,0.0,0.859170757674336,0.1408292423256639,2027,target,full_method,pairwise_unseen,G3_TCP_Control_Flags+G4_Rate_Header_Flow_Context,0.8,0.9998136103081596,0.0529919536489245
0.7826597393966629,0.8659238404333113,0.3738628970249009,781989,217154,0.0808310602834566,0.9191689397165432,0.0,0.0,0.0,0.6261371029750991,0.3738628970249009,2027,target,full_method,pairwise_unseen,G3_TCP_Control_Flags+G4_Rate_Header_Flow_Context,0.9,0.9985148348024138,0.0529919536489245
0.8752080533016795,0.9447675083998636,0.5336961022061868,874458,124685,0.103010093109103,0.896989906890897,1.0,0.0017067115879067,0.0034076073728232,0.4663038977938132,0.5327852368841308,2027,target,full_method,pairwise_unseen,G3_TCP_Control_Flags+G4_Rate_Header_Flow_Context,0.95,0.9940159898170458,0.0529919536489245
0.7815858514562719,0.871702938521713,0.4283561554085042,117377,32801,0.0,1.0,1.0,1.0,1.0,0.5716438445914958,0.0,2028,source,ordinary_baseline,complete,,0.8,0.9999930690003088,5.066521198262604e-06
0.8790435350051272,0.945918162671748,0.6169167267247592,132013,18165,0.0,1.0,1.0,1.0,1.0,0.3830832732752408,0.0,2028,source,ordinary_baseline,complete,,0.9,0.9999566139546476,5.066521198262604e-06
0.9503522486649176,0.9852321733025776,0.8136342789752997,142722,7456,0.0,1.0,1.0,1.0,1.0,0.1863657210247002,0.0,2028,source,ordinary_baseline,complete,,0.95,0.9996670878493288,5.066521198262604e-06
0.902169425614937,0.9642881021629393,0.6586844001834502,135486,14692,0.0,1.0,1.0,1.0,1.0,0.3413155998165498,0.0,2028,source,full_method,complete,,0.8,0.999835576217732,1.3679374122067325e-05
0.9434537681950752,0.9922525323437972,0.752178470811767,141686,8492,4.234716203435767e-05,0.9999576528379656,0.9998258067325698,0.9999128957798006,0.999869349359812,0.2478215291882329,6.551791915088777e-05,2028,source,full_method,complete,,0.9,0.9986083085787582,1.3679374122067325e-05
0.989119578100654,0.9962892387924982,0.9610168381052218,148544,1634,0.0002894765187419,0.999710523481258,0.9988080237033,0.9997272975184074,0.999267449189935,0.0389831618947782,0.0002620716766035,2028,source,full_method,complete,,0.95,0.994586808278096,1.3679374122067325e-05
0.6220618199736313,0.7807642162270585,0.0,93420,56758,0.0,1.0,0.0,0.0,0.0,1.0,0.0,2028,source,ordinary_baseline,single,G1_Packet_Byte_Magnitude,0.8,0.9999930690003088,0.0139362826364809
0.7458149662400618,0.9354628422425032,0.0024569219681582,112005,38173,0.0006696129637069,0.9993303870362932,0.0,0.0,0.0,0.9975430780318416,0.0024569219681582,2028,source,ordinary_baseline,single,G1_Packet_Byte_Magnitude,0.9,0.9999566139546476,0.0139362826364809
0.7914874349105728,0.9818557149065624,0.0453056410928388,118864,31314,0.0114837124781262,0.9885162875218736,1.0,0.0130151843817787,0.025695931477516,0.9546943589071611,0.0447159798204809,2028,source,ordinary_baseline,single,G1_Packet_Byte_Magnitude,0.95,0.9996670878493288,0.0139362826364809
0.7292879116781419,0.8443151806906696,0.2784183974316975,109523,40655,0.0,1.0,1.0,1.0,1.0,0.7215816025683024,0.0,2028,source,full_method,single,G1_Packet_Byte_Magnitude,0.8,0.999835576217732,2.425350715671238e-05
0.858967358734302,0.9489101728345536,0.506420756076787,128998,21180,7.752058171444519e-06,0.9999922479418284,1.0,0.999935312762792,0.9999676553352524,0.493579243923213,3.2758959575443885e-05,2028,source,full_method,single,G1_Packet_Byte_Magnitude,0.9,0.9986083085787582,2.425350715671238e-05
0.9254284915233922,0.9801340554274062,0.711000458625434,138979,11199,0.0001007346433633,0.9998992653566366,0.9996314383119874,0.9997235532620716,0.999677493665054,0.2889995413745659,0.0001965537574526,2028,source,full_method,single,G1_Packet_Byte_Magnitude,0.95,0.994586808278096,2.425350715671238e-05
0.7154576569137956,0.8748370273794003,0.0907423180239795,107446,42732,0.0,1.0,1.0,1.0,1.0,0.9092576819760204,0.0,2028,source,ordinary_baseline,single,G2_Temporal_Activity,0.8,0.9999930690003088,0.0005257220537596
0.8115902462411272,0.9223080266105038,0.3776125270261417,121883,28295,0.0,1.0,1.0,1.0,1.0,0.6223874729738583,0.0,2028,source,ordinary_baseline,single,G2_Temporal_Activity,0.9,0.9999566139546476,0.0005257220537596
0.8494719599408702,0.9612459465784108,0.4113542553888488,127572,22606,4.703226413319537e-05,0.9999529677358668,0.9999203377678644,0.9996018157203154,0.9997610513739544,0.5886457446111512,0.0001637947978772,2028,source,ordinary_baseline,single,G2_Temporal_Activity,0.95,0.9996670878493288,0.0005257220537596
0.8146333018151793,0.8849747601377328,0.5389176439756274,122340,27838,0.0,1.0,1.0,1.0,1.0,0.4610823560243726,0.0,2028,source,full_method,single,G2_Temporal_Activity,0.8,0.999835576217732,2.038375746078556e-05
0.922571881367444,0.9667535853976532,0.7493939592478542,138550,11628,1.4435221941537353e-05,0.9999855647780584,0.9999562860639972,0.9999562860639972,0.9999562860639972,0.2506060407521457,3.2758959575443885e-05,2028,source,full_method,single,G2_Temporal_Activity,0.9,0.9986083085787582,2.038375746078556e-05
0.9614923623966228,0.9837110955103132,0.8744021489877482,144395,5783,0.0001246580560268,0.9998753419439732,0.999550528129448,0.9997752135471304,0.9996628582131484,0.1255978510122518,0.0001965537574526,2028,source,full_method,single,G2_Temporal_Activity,0.95,0.994586808278096,2.038375746078556e-05
0.7479191359586624,0.8699478487614081,0.2696062373059031,112321,37857,0.0,1.0,1.0,1.0,1.0,0.7303937626940968,0.0,2028,source,ordinary_baseline,single,G3_TCP_Control_Flags,0.8,0.9999930690003088,7.66732980131147e-06
0.8495718414148544,0.9451241934944672,0.4750376728035118,127587,22591,0.0,1.0,1.0,1.0,1.0,0.5249623271964883,0.0,2028,source,ordinary_baseline,single,G3_TCP_Control_Flags,0.9,0.9999566139546476,7.66732980131147e-06
0.9359293638215984,0.9836358773777288,0.7489353338137981,140556,9622,0.0,1.0,1.0,1.0,1.0,0.2510646661862019,0.0,2028,source,ordinary_baseline,single,G3_TCP_Control_Flags,0.95,0.9996670878493288,7.66732980131147e-06
0.8886587915673401,0.9523785645037276,0.6388979885998821,133457,16721,0.0,1.0,1.0,1.0,1.0,0.3611020114001179,0.0,2028,source,full_method,single,G3_TCP_Control_Flags,0.8,0.999835576217732,1.0124943601320542e-05
0.9284915233922412,0.9880653896299268,0.694981327393042,139439,10739,1.4343189495048011e-05,0.999985656810505,0.9999528635399482,0.9999528635399482,0.9999528635399482,0.305018672606958,3.2758959575443885e-05,2028,source,full_method,single,G3_TCP_Control_Flags,0.9,0.9986083085787582,1.0124943601320542e-05
0.9816417850817032,0.9957376391535452,0.9263906178339776,147421,2757,0.0001492324702722,0.9998507675297278,0.9993285032691288,0.9998939142119594,0.9996111287870754,0.0736093821660224,9.827687872633164e-05,2028,source,full_method,single,G3_TCP_Control_Flags,0.95,0.994586808278096,1.0124943601320542e-05
0.0009189095606546,0.0011533446996289,0.0,138,150040,0.0,1.0,0.0,0.0,0.0,1.0,0.0,2028,source,ordinary_baseline,single,G4_Rate_Header_Flow_Context,0.8,0.9999930690003088,0.0249203224671763
0.0936488700075909,0.1163540935379266,0.004651772259713,14064,136114,0.0001422070534698,0.99985779294653,0.9861111111111112,1.0,0.993006993006993,0.995348227740287,0.0,2028,source,ordinary_baseline,single,G4_Rate_Header_Flow_Context,0.9,0.9999566139546476,0.0249203224671763
0.3166775426493894,0.3639805435763715,0.1312651510188036,47558,102620,0.001093401741032,0.998906598258968,0.9871889627987188,1.0,0.9935531862137368,0.8687348489811964,0.0,2028,source,ordinary_baseline,single,G4_Rate_Header_Flow_Context,0.95,0.9996670878493288,0.0249203224671763
0.5834942534858635,0.6346404573262461,0.3830177553560899,87628,62550,0.0,1.0,1.0,1.0,1.0,0.6169822446439102,0.0,2028,source,full_method,single,G4_Rate_Header_Flow_Context,0.8,0.999835576217732,0.0012559228822888
0.7694602405145894,0.831152007488383,0.5276485618816746,115556,34622,4.32690643497525e-05,0.9999567309356504,1.0,0.9996895759607624,0.9998447638858704,0.4723514381183253,0.0001637947978772,2028,source,full_method,single,G4_Rate_Header_Flow_Context,0.9,0.9986083085787582,0.0012559228822888
0.856024184634234,0.9157974793568012,0.6217322937823495,128556,21622,0.0003811568499331,0.9996188431500668,0.9999471793788296,0.99747088887718,0.998707499142729,0.3782677062176505,0.0015724300596213,2028,source,full_method,single,G4_Rate_Header_Flow_Context,0.95,0.994586808278096,0.0012559228822888
0.6053483199936076,0.7547805302042591,0.0196226167856908,90910,59268,0.0065889341106588,0.9934110658893412,0.0,0.0,0.0,0.9803773832143092,0.0196226167856908,2028,source,ordinary_baseline,pairwise_unseen,G1_Packet_Byte_Magnitude+G2_Temporal_Activity,0.8,0.9999930690003088,0.0281540754812915
0.7596851735940018,0.910548925216461,0.1683482932582061,114088,36090,0.0450441764252156,0.9549558235747844,0.0,0.0,0.0,0.8316517067417939,0.1683482932582061,2028,source,ordinary_baseline,pairwise_unseen,G1_Packet_Byte_Magnitude+G2_Temporal_Activity,0.9,0.9999566139546476,0.0281540754812915
0.8319061380495145,0.9710493765252566,0.2865098604468322,124934,25244,0.0700049626202635,0.9299950373797364,0.0,0.0,0.0,0.7134901395531678,0.2865098604468322,2028,source,ordinary_baseline,pairwise_unseen,G1_Packet_Byte_Magnitude+G2_Temporal_Activity,0.95,0.9996670878493288,0.0281540754812915
0.5301309113185686,0.6653796008424431,0.0,79614,70564,0.0,1.0,0.0,0.0,0.0,1.0,0.0,2028,source,full_method,pairwise_unseen,G1_Packet_Byte_Magnitude+G2_Temporal_Activity,0.8,0.999835576217732,0.0001087716107848
0.6876240194968637,0.8625430414869789,0.001998296534102,103266,46912,1.9367458795731413e-05,0.9999806325412044,1.0,0.9672131147540984,0.9833333333333332,0.998001703465898,6.551791915088777e-05,2028,source,full_method,pairwise_unseen,G1_Packet_Byte_Magnitude+G2_Temporal_Activity,0.9,0.9986083085787582,0.0001087716107848
0.7888838578220512,0.8874987463644569,0.4023455415056017,118473,31705,5.064445063432175e-05,0.9999493555493656,1.0,0.9995114802149488,0.9997556804300024,0.5976544584943982,0.0001965537574526,2028,source,full_method,pairwise_unseen,G1_Packet_Byte_Magnitude+G2_Temporal_Activity,0.95,0.994586808278096,0.0001087716107848
0.6288204663798959,0.78898806538963,0.0010155277468387,94435,55743,0.0003282681209297,0.9996717318790702,0.0,0.0,0.0,0.9989844722531612,0.0010155277468387,2028,source,ordinary_baseline,pairwise_unseen,G1_Packet_Byte_Magnitude+G3_TCP_Control_Flags,0.8,0.9999930690003088,0.0163879321616097
0.7525070249970035,0.938722294654498,0.0226036821070562,113010,37168,0.0061056543668701,0.9938943456331298,0.0,0.0,0.0,0.9773963178929436,0.0226036821070562,2028,source,ordinary_baseline,pairwise_unseen,G1_Packet_Byte_Magnitude+G3_TCP_Control_Flags,0.9,0.9999566139546476,0.0163879321616097
0.8185220205356311,0.9849814461939624,0.166055166087925,122924,27254,0.0410172138882561,0.9589827861117438,1.0,0.0053264943775892,0.010596546310832,0.833944833912075,0.165170674179388,2028,source,ordinary_baseline,pairwise_unseen,G1_Packet_Byte_Magnitude+G3_TCP_Control_Flags,0.95,0.9996670878493288,0.0163879321616097
0.695374821878038,0.8060792966268846,0.2614492563716176,104430,45748,0.0,1.0,1.0,1.0,1.0,0.7385507436283824,0.0,2028,source,full_method,pairwise_unseen,G1_Packet_Byte_Magnitude+G3_TCP_Control_Flags,0.8,0.999835576217732,2.072792835946745e-05
0.8102718107845357,0.9270384113930398,0.3525846819105025,121685,28493,8.21793976250154e-06,0.9999917820602376,1.0,0.9999070891015516,0.9999535423925668,0.6474153180894975,3.2758959575443885e-05,2028,source,full_method,pairwise_unseen,G1_Packet_Byte_Magnitude+G3_TCP_Control_Flags,0.9,0.9986083085787582,2.072792835946745e-05
0.8688822597184674,0.9661351251964028,0.4876826311996331,130487,19691,1.532719734532942e-05,0.9999846728026548,1.0,0.9998656545979714,0.9999328227865109,0.5123173688003669,6.551791915088777e-05,2028,source,full_method,pairwise_unseen,G1_Packet_Byte_Magnitude+G3_TCP_Control_Flags,0.95,0.994586808278096,2.072792835946745e-05
0.0,0.0,0.0,0,150178,,,,,,1.0,0.0,2028,source,ordinary_baseline,pairwise_unseen,G1_Packet_Byte_Magnitude+G4_Rate_Header_Flow_Context,0.8,0.9999930690003088,0.0551277323176118
0.0001797866531715,0.0002256543977534,0.0,27,150151,0.0,1.0,0.0,0.0,0.0,1.0,0.0,2028,source,ordinary_baseline,pairwise_unseen,G1_Packet_Byte_Magnitude+G4_Rate_Header_Flow_Context,0.9,0.9999566139546476,0.0551277323176118
0.1281679074165324,0.1604904222244509,0.0014741531808949,19248,130930,0.0023379052369077,0.9976620947630924,0.0,0.0,0.0,0.9985258468191052,0.0014741531808949,2028,source,ordinary_baseline,pairwise_unseen,G1_Packet_Byte_Magnitude+G4_Rate_Header_Flow_Context,0.95,0.9996670878493288,0.0551277323176118
0.0009588621502483,0.0012034901213519,0.0,144,150034,0.0,1.0,0.0,0.0,0.0,1.0,0.0,2028,source,full_method,pairwise_unseen,G1_Packet_Byte_Magnitude+G4_Rate_Header_Flow_Context,0.8,0.999835576217732,0.0269368165279358
0.0318355551412324,0.0399575435429412,0.0,4781,145397,0.0,1.0,0.0,0.0,0.0,1.0,0.0,2028,source,full_method,pairwise_unseen,G1_Packet_Byte_Magnitude+G4_Rate_Header_Flow_Context,0.9,0.9986083085787582,0.0269368165279358
0.1994499860165936,0.2503343028114866,0.0,29953,120225,0.0,1.0,0.0,0.0,0.0,1.0,0.0,2028,source,full_method,pairwise_unseen,G1_Packet_Byte_Magnitude+G4_Rate_Header_Flow_Context,0.95,0.994586808278096,0.0269368165279358
0.7268374861830628,0.8888944606024136,0.0916268099325165,109155,41023,0.0,1.0,1.0,1.0,1.0,0.9083731900674834,0.0,2028,source,ordinary_baseline,pairwise_unseen,G2_Temporal_Activity+G3_TCP_Control_Flags,0.8,0.9999930690003088,0.0017284578549011
0.7860871765504934,0.9349781031658476,0.2024831291358186,118053,32125,2.541231480775584e-05,0.9999745876851922,1.0,0.9995146416437468,0.9997572619143944,0.7975168708641813,9.827687872633164e-05,2028,source,ordinary_baseline,pairwise_unseen,G2_Temporal_Activity+G3_TCP_Control_Flags,0.9,0.9999566139546476,0.0017284578549011
0.8521421246787146,0.9657506769631932,0.4068335189674376,127973,22205,0.0003203800801731,0.9996796199198268,0.999919224555735,0.996779128754328,0.9983467075285294,0.5931664810325624,0.0013103583830177,2028,source,ordinary_baseline,pairwise_unseen,G2_Temporal_Activity+G3_TCP_Control_Flags,0.95,0.9996670878493288,0.0017284578549011
0.7983792566154829,0.8714354962725237,0.5120225381641879,119899,30279,0.0,1.0,1.0,1.0,1.0,0.4879774618358121,0.0,2028,source,full_method,pairwise_unseen,G2_Temporal_Activity+G3_TCP_Control_Flags,0.8,0.999835576217732,2.1193352535967217e-05
0.9150141831693056,0.9589308996088656,0.742874926292341,137415,12763,1.4554451842957464e-05,0.999985445548157,0.9999559024562332,0.9999559024562332,0.9999559024562332,0.257125073707659,3.2758959575443885e-05,2028,source,full_method,pairwise_unseen,G2_Temporal_Activity+G3_TCP_Control_Flags,0.9,0.9986083085787582,2.1193352535967217e-05
0.9454780327344884,0.982841908200448,0.7990237830046518,141990,8188,4.225649693640397e-05,0.9999577435030635,0.9998770038128818,0.9998770038128818,0.9998770038128818,0.2009762169953482,9.827687872633164e-05,2028,source,full_method,pairwise_unseen,G2_Temporal_Activity+G3_TCP_Control_Flags,0.95,0.994586808278096,2.1193352535967217e-05
0.0,0.0,0.0,0,150178,,,,,,1.0,0.0,2028,source,ordinary_baseline,pairwise_unseen,G2_Temporal_Activity+G4_Rate_Header_Flow_Context,0.8,0.9999930690003088,0.0108068299256431
0.0018977480056999,0.0023819075318423,0.0,285,149893,0.0,1.0,0.0,0.0,0.0,1.0,0.0,2028,source,ordinary_baseline,pairwise_unseen,G2_Temporal_Activity+G4_Rate_Header_Flow_Context,0.9,0.9999566139546476,0.0108068299256431
0.259785055067986,0.3260622471834988,0.0,39014,111164,0.0,1.0,0.0,0.0,0.0,1.0,0.0,2028,source,ordinary_baseline,pairwise_unseen,G2_Temporal_Activity+G4_Rate_Header_Flow_Context,0.95,0.9996670878493288,0.0108068299256431
0.4233376393346562,0.5067529167920303,0.0963768590709559,63576,86602,0.0,1.0,1.0,1.0,1.0,0.903623140929044,0.0,2028,source,full_method,pairwise_unseen,G2_Temporal_Activity+G4_Rate_Header_Flow_Context,0.8,0.999835576217732,0.0020727267989763
0.6309512711582256,0.6930933039146859,0.3873746969796239,94755,55423,2.110706559020632e-05,0.9999788929344098,1.0,0.999830866807611,0.9999154262516916,0.6126253030203761,6.551791915088777e-05,2028,source,full_method,pairwise_unseen,G2_Temporal_Activity+G4_Rate_Header_Flow_Context,0.9,0.9986083085787582,0.0020727267989763
0.7516347267908748,0.840813358740347,0.4020834698289982,112879,37299,0.0005581197565534,0.9994418802434464,0.9999181200360272,0.9949486719895716,0.997427206272716,0.5979165301710018,0.0020310554936775,2028,source,full_method,pairwise_unseen,G2_Temporal_Activity+G4_Rate_Header_Flow_Context,0.95,0.994586808278096,0.0020727267989763
0.0009255683255869,0.001161702269916,0.0,139,150039,0.0,1.0,0.0,0.0,0.0,1.0,0.0,2028,source,ordinary_baseline,pairwise_unseen,G3_TCP_Control_Flags+G4_Rate_Header_Flow_Context,0.8,0.9999930690003088,0.0276954487318073
0.0933692018804352,0.1161033664293116,0.0042586647448077,14022,136156,0.0001426330052774,0.9998573669947226,0.9848484848484848,1.0,0.9923664122137404,0.9957413352551924,0.0,2028,source,ordinary_baseline,pairwise_unseen,G3_TCP_Control_Flags+G4_Rate_Header_Flow_Context,0.9,0.9999566139546476,0.0276954487318073
0.311397142058091,0.3623508173703741,0.1116752931926882,46765,103413,0.0011119426921843,0.9988880573078156,0.984975440624097,1.0,0.9924308588064048,0.8883247068073118,0.0,2028,source,ordinary_baseline,pairwise_unseen,G3_TCP_Control_Flags+G4_Rate_Header_Flow_Context,0.95,0.9996670878493288,0.0276954487318073
0.5749910106673414,0.6276200982850266,0.3687020900216209,86351,63827,1.158064179916851e-05,0.9999884193582008,1.0,0.9999111505997336,0.9999555733262252,0.6312979099783791,3.2758959575443885e-05,2028,source,full_method,pairwise_unseen,G3_TCP_Control_Flags+G4_Rate_Header_Flow_Context,0.8,0.999835576217732,0.0015062976747232
0.7385569124638762,0.8186240096279209,0.4247199108956299,110915,39263,2.704773925979353e-05,0.9999729522607402,1.0,0.9997686077902044,0.9998842905079648,0.57528008910437,9.827687872633164e-05,2028,source,full_method,pairwise_unseen,G3_TCP_Control_Flags+G4_Rate_Header_Flow_Context,0.9,0.9986083085787582,0.0015062976747232
0.8248278709265006,0.8818239561394712,0.6014217388455743,123871,26307,0.0001453124621582,0.9998546875378418,0.9999454832906286,0.9990740236396318,0.9995095635115252,0.3985782611544257,0.0005569023127825,2028,source,full_method,pairwise_unseen,G3_TCP_Control_Flags+G4_Rate_Header_Flow_Context,0.95,0.994586808278096,0.0015062976747232
0.5865706910822575,0.6489525620035829,0.2802981013781274,586068,413075,0.0808609239883426,0.9191390760116572,0.0,0.0,0.0,0.7197018986218726,0.2802981013781274,2028,target,ordinary_baseline,complete,,0.8,0.9999930690003088,0.0712902248032754
0.6916967841440114,0.7637942686968495,0.3377240196368368,691104,308039,0.0826199819419363,0.9173800180580636,0.0,0.0,0.0,0.6622759803631632,0.3377240196368368,2028,target,ordinary_baseline,complete,,0.9,0.9999566139546476,0.0712902248032754
0.7860176170978529,0.8683164010876152,0.3819601348553853,785344,213799,0.082064674843126,0.917935325156874,1.0,0.0019975843166403,0.0039872038573879,0.6180398651446146,0.3811971372804164,2028,target,ordinary_baseline,complete,,0.95,0.9996670878493288,0.0712902248032754
0.7880413514381825,0.8777312356864999,0.3476962205003844,787366,211777,0.0746184112598207,0.9253815887401792,1.0,0.0005613676958407,0.0011221054779149,0.6523037794996156,0.3475010350742296,2028,target,full_method,complete,,0.8,0.999835576217732,0.0635962997759172
0.8628344491228983,0.959693906439554,0.387289288460401,862095,137048,0.0752016889089949,0.9247983110910052,1.0,0.009896302631378,0.0195986510804966,0.612710711539599,0.3834565564559058,2028,target,full_method,complete,,0.9,0.9986083085787582,0.0635962997759172
0.8941272670678772,0.9836905910684964,0.454403501508251,893361,105782,0.0849734877613865,0.9150265122386136,0.9780334728033472,0.0121703589930492,0.0240415520300326,0.545596498491749,0.448873247767197,2028,target,full_method,complete,,0.95,0.994586808278096,0.0635962997759172
0.3629090130241617,0.3925690872971413,0.2172886969894126,362598,636545,0.1013160580036293,0.8986839419963706,0.0,0.0,0.0,0.7827113030105873,0.2172886969894126,2028,target,ordinary_baseline,single,G1_Packet_Byte_Magnitude,0.8,0.9999930690003088,0.0931014999533314
0.6374392854676457,0.6987867332150305,0.3362453421659667,636893,362250,0.0892598913789286,0.9107401086210714,0.0,0.0,0.0,0.6637546578340332,0.3362453421659667,2028,target,ordinary_baseline,single,G1_Packet_Byte_Magnitude,0.9,0.9999566139546476,0.0931014999533314
0.7771690338620197,0.8325544861716981,0.505246347666647,776503,222640,0.1100085897929563,0.8899914102070436,0.0,0.0,0.0,0.494753652333353,0.505246347666647,2028,target,ordinary_baseline,single,G1_Packet_Byte_Magnitude,0.95,0.9996670878493288,0.0931014999533314
0.5786288849544059,0.6409918163824145,0.2724492813627491,578133,421010,0.0796754380047497,0.9203245619952504,0.0,0.0,0.0,0.7275507186372508,0.2724492813627491,2028,target,full_method,single,G1_Packet_Byte_Magnitude,0.8,0.999835576217732,0.0730040814209791
0.7259851692900816,0.8154150297624426,0.2869166617377418,725363,273780,0.0668713457951398,0.9331286542048602,0.6666666666666666,0.0001236883877218,0.0002473308875056,0.7130833382622582,0.2868811734784409,2028,target,full_method,single,G1_Packet_Byte_Magnitude,0.9,0.9986083085787582,0.0730040814209791
0.7690110424633911,0.8655576075839113,0.2950020701484592,768352,230791,0.0643975677814335,0.9356024322185664,0.8322147651006712,0.0099446627636538,0.0196544618798541,0.7049979298515407,0.292068374046253,2028,target,full_method,single,G1_Packet_Byte_Magnitude,0.95,0.994586808278096,0.0730040814209791
0.7124195435488213,0.7873753272302556,0.3444135565150529,711809,287334,0.081805652920938,0.918194347079062,0.0,0.0,0.0,0.6555864434849471,0.3444135565150529,2028,target,ordinary_baseline,single,G2_Temporal_Activity,0.8,0.9999930690003088,0.0683437218302344
0.8445958186165544,0.931363867997152,0.4185958478736618,843872,155271,0.0838657995525387,0.9161342004474612,0.0,0.0,0.0,0.5814041521263382,0.4185958478736618,2028,target,ordinary_baseline,single,G2_Temporal_Activity,0.9,0.9999566139546476,0.0683437218302344
0.9017497995782384,0.977789905225203,0.5284201809901224,900977,98166,0.0991590240372395,0.9008409759627604,0.0,0.0,0.0,0.4715798190098775,0.5284201809901224,2028,target,ordinary_baseline,single,G2_Temporal_Activity,0.95,0.9996670878493288,0.0683437218302344
0.7643660617148896,0.8494385433570301,0.3466907198201928,763711,235432,0.0767502366732965,0.9232497633267034,0.0,0.0,0.0,0.6533092801798072,0.3466907198201928,2028,target,full_method,single,G2_Temporal_Activity,0.8,0.999835576217732,0.0594839295270163
0.8540899550915134,0.9547871090855864,0.3597030815638493,853358,145785,0.0712655181061172,0.9287344818938827,0.0,0.0,0.0,0.6402969184361507,0.3597030815638493,2028,target,full_method,single,G2_Temporal_Activity,0.9,0.9986083085787582,0.0594839295270163
0.901945967694314,0.9802427015455268,0.5175371148045188,901173,97970,0.0969258954717906,0.9030741045282094,1.0,0.0017485714285714,0.0034910385269186,0.4824628851954811,0.5166321641923464,2028,target,full_method,single,G2_Temporal_Activity,0.95,0.994586808278096,0.0594839295270163
0.6137639957443529,0.680295588460292,0.2871177618737801,613238,385905,0.0791584996363565,0.9208415003636434,0.0,0.0,0.0,0.7128822381262199,0.2871177618737801,2028,target,ordinary_baseline,single,G3_TCP_Control_Flags,0.8,0.9999930690003088,0.0772045236434239
0.716217798653446,0.7934085315387923,0.3372390134263914,715604,283539,0.0796767485927971,0.9203232514072028,0.0,0.0,0.0,0.6627609865736086,0.3372390134263914,2028,target,ordinary_baseline,single,G3_TCP_Control_Flags,0.9,0.9999566139546476,0.0772045236434239
0.8347914162437209,0.9129004316487828,0.4513041935293074,834076,165067,0.0914329149861643,0.9085670850138357,1.0,0.000524232654452,0.0010479159571402,0.5486958064706926,0.4510676051339681,2028,target,ordinary_baseline,single,G3_TCP_Control_Flags,0.95,0.9996670878493288,0.0772045236434239
0.7918025748066093,0.88179111957623,0.3499911279351748,791124,208019,0.0747961128723183,0.9252038871276816,0.0,0.0,0.0,0.6500088720648253,0.3499911279351748,2028,target,full_method,single,G3_TCP_Control_Flags,0.8,0.999835576217732,0.058657732275356
0.8690747971011157,0.9625948561150646,0.4099248831844798,868330,130813,0.0791312058779496,0.9208687941220504,1.0,0.0085706865206475,0.0169957081545064,0.5900751168155202,0.4064115455136926,2028,target,full_method,single,G3_TCP_Control_Flags,0.9,0.9986083085787582,0.058657732275356
0.8956045330848538,0.9852253958386792,0.455598272904714,894837,104306,0.085061301667231,0.914938698332769,0.9978165938864628,0.0118658150283013,0.0234527352971364,0.544401727095286,0.4501922280712131,2028,target,full_method,single,G3_TCP_Control_Flags,0.95,0.994586808278096,0.058657732275356
0.0008457247861417,0.001001116769248,8.280593836872302e-05,845,998298,0.0165680473372781,0.983431952662722,0.0,0.0,0.0,0.9999171940616312,8.280593836872302e-05,2028,target,ordinary_baseline,single,G4_Rate_Header_Flow_Context,0.8,0.9999930690003088,0.0793689654692988
0.1107999555619165,0.1318088890977058,0.0076536345892233,110705,888438,0.0108847838851,0.9891152161149,1.0,0.0687789799072643,0.128705712219812,0.9923463654107766,0.0071272254095936,2028,target,ordinary_baseline,single,G4_Rate_Header_Flow_Context,0.9,0.9999566139546476,0.0793689654692988
0.3035751639154755,0.3597478775963078,0.02778730703259,303315,695828,0.0138766628752287,0.9861233371247712,0.995943204868154,0.104512558535547,0.1891735696397611,0.97221269296741,0.0248831844798012,2028,target,ordinary_baseline,single,G4_Rate_Header_Flow_Context,0.95,0.9996670878493288,0.0793689654692988
0.4521725118426491,0.5267524663493451,0.0860117111255693,451785,547358,0.0321878769768805,0.9678121230231194,0.0,0.0,0.0,0.9139882888744308,0.0860117111255693,2028,target,full_method,single,G4_Rate_Header_Flow_Context,0.8,0.999835576217732,0.0487201425334742
0.7634722957574641,0.8519768743231017,0.3289465901697522,762818,236325,0.0729072989887496,0.9270927010112504,0.0,0.0,0.0,0.6710534098302479,0.3289465901697522,2028,target,full_method,single,G4_Rate_Header_Flow_Context,0.9,0.9986083085787582,0.0487201425334742
0.8671721665467306,0.9371705862014544,0.5235050570769504,866429,132714,0.1021503204532627,0.8978496795467372,1.0,3.389485815001864e-05,6.778741865509762e-05,0.4764949429230496,0.5234873129472999,2028,target,full_method,single,G4_Rate_Header_Flow_Context,0.95,0.994586808278096,0.0487201425334742
0.6390366544128318,0.7004865837101074,0.3373395634944106,638489,360654,0.0893265193292288,0.9106734806707713,0.0,0.0,0.0,0.6626604365055894,0.3373395634944106,2028,target,ordinary_baseline,pairwise_unseen,G1_Packet_Byte_Magnitude+G2_Temporal_Activity,0.8,0.9999930690003088,0.0774905086529083
0.7988636261275913,0.8790913570252255,0.4049742710120068,798179,200964,0.0857815101625074,0.9142184898374924,0.0,0.0,0.0,0.5950257289879931,0.4049742710120068,2028,target,ordinary_baseline,pairwise_unseen,G1_Packet_Byte_Magnitude+G2_Temporal_Activity,0.9,0.9999566139546476,0.0774905086529083
0.9131795949128404,0.9683835036195612,0.64214822262968,912397,86746,0.1189920615696895,0.8810079384303104,0.0,0.0,0.0,0.35785177737032,0.64214822262968,2028,target,ordinary_baseline,pairwise_unseen,G1_Packet_Byte_Magnitude+G2_Temporal_Activity,0.95,0.9996670878493288,0.0774905086529083
0.4371716561092856,0.5167726212031953,0.0463594960667179,436797,562346,0.0179442624376998,0.9820557375623,0.0,0.0,0.0,0.953640503933282,0.0463594960667179,2028,target,full_method,pairwise_unseen,G1_Packet_Byte_Magnitude+G2_Temporal_Activity,0.8,0.999835576217732,0.0475872542534975
0.7142451080576053,0.8016078103973988,0.2853256047790856,713633,285510,0.0675977708429963,0.9324022291570035,0.0,0.0,0.0,0.7146743952209144,0.2853256047790856,2028,target,full_method,pairwise_unseen,G1_Packet_Byte_Magnitude+G2_Temporal_Activity,0.9,0.9986083085787582,0.0475872542534975
0.7248772197773492,0.814140443069465,0.2866268409534512,724256,274887,0.066910042857774,0.933089957142226,0.0,0.0,0.0,0.7133731590465487,0.2866268409534512,2028,target,full_method,pairwise_unseen,G1_Packet_Byte_Magnitude+G2_Temporal_Activity,0.95,0.994586808278096,0.0475872542534975
0.3952167007125106,0.4252842822257801,0.2475956704323653,394878,604265,0.1060099575058625,0.8939900424941374,0.0,0.0,0.0,0.7524043295676347,0.2475956704323653,2028,target,ordinary_baseline,pairwise_unseen,G1_Packet_Byte_Magnitude+G3_TCP_Control_Flags,0.8,0.9999930690003088,0.0973417402560995
0.6726194348556713,0.7311079868879002,0.3854616431064056,672043,327100,0.0969729615515673,0.9030270384484326,0.0,0.0,0.0,0.6145383568935944,0.3854616431064056,2028,target,ordinary_baseline,pairwise_unseen,G1_Packet_Byte_Magnitude+G3_TCP_Control_Flags,0.9,0.9999566139546476,0.0973417402560995
0.8273500389834088,0.8861847090557096,0.5384929319216892,826641,172502,0.1101360808379937,0.8898639191620062,0.0,0.0,0.0,0.4615070680783107,0.5384929319216892,2028,target,ordinary_baseline,pairwise_unseen,G1_Packet_Byte_Magnitude+G3_TCP_Control_Flags,0.95,0.9996670878493288,0.0973417402560995
0.5432355528688085,0.6101366988204652,0.2147749452889335,542770,456373,0.0669012657294986,0.9330987342705012,0.0,0.0,0.0,0.7852250547110664,0.2147749452889335,2028,target,full_method,pairwise_unseen,G1_Packet_Byte_Magnitude+G3_TCP_Control_Flags,0.8,0.999835576217732,0.0535217006657227
0.7245038998421648,0.8139488936515222,0.2853610930383864,723883,275260,0.0666488921552239,0.933351107844776,0.0,0.0,0.0,0.7146389069616136,0.2853610930383864,2028,target,full_method,pairwise_unseen,G1_Packet_Byte_Magnitude+G3_TCP_Control_Flags,0.9,0.9986083085787582,0.0535217006657227
0.7663978029170999,0.8624964310367883,0.2945880404566156,765741,233402,0.0648078136079954,0.9351921863920046,0.9945054945054944,0.0036341003091996,0.0072417380171241,0.7054119595433844,0.2935174779677056,2028,target,full_method,pairwise_unseen,G1_Packet_Byte_Magnitude+G3_TCP_Control_Flags,0.95,0.994586808278096,0.0535217006657227
0.0,0.0,0.0,0,999143,,,,,,1.0,0.0,2028,target,ordinary_baseline,pairwise_unseen,G1_Packet_Byte_Magnitude+G4_Rate_Header_Flow_Context,0.8,0.9999930690003088,0.1739737338122689
0.0001971689738105,0.0002349190974769,1.182941976696043e-05,197,998946,0.0101522842639593,0.9898477157360406,0.0,0.0,0.0,0.999988170580233,1.182941976696043e-05,2028,target,ordinary_baseline,pairwise_unseen,G1_Packet_Byte_Magnitude+G4_Rate_Header_Flow_Context,0.9,0.9999566139546476,0.1739737338122689
0.1210967799404089,0.1028138489024459,0.2108594073460696,120993,878150,0.2946451447604407,0.7053548552395593,0.0,0.0,0.0,0.7891405926539303,0.2108594073460696,2028,target,ordinary_baseline,pairwise_unseen,G1_Packet_Byte_Magnitude+G4_Rate_Header_Flow_Context,0.95,0.9996670878493288,0.1739737338122689
0.0008437230706715,0.0010119591891315,1.7744129650440647e-05,843,998300,0.0035587188612099,0.99644128113879,0.0,0.0,0.0,0.9999822558703496,1.7744129650440647e-05,2028,target,full_method,pairwise_unseen,G1_Packet_Byte_Magnitude+G4_Rate_Header_Flow_Context,0.8,0.999835576217732,0.1974849210839103
0.0332514965325283,0.0149577205860207,0.1230673685455728,33223,965920,0.6262829967191403,0.3737170032808596,0.0,0.0,0.0,0.8769326314544271,0.1230673685455728,2028,target,full_method,pairwise_unseen,G1_Packet_Byte_Magnitude+G4_Rate_Header_Flow_Context,0.9,0.9986083085787582,0.1974849210839103
0.2177315959777529,0.2110043333538134,0.2507600402200272,217545,781598,0.1948838171412811,0.8051161828587189,0.0,0.0,0.0,0.7492399597799728,0.2507600402200272,2028,target,full_method,pairwise_unseen,G1_Packet_Byte_Magnitude+G4_Rate_Header_Flow_Context,0.95,0.994586808278096,0.1974849210839103
0.7693913684027212,0.8552850171009055,0.3476843910806175,768732,230411,0.0764674815150143,0.9235325184849856,0.0,0.0,0.0,0.6523156089193825,0.3476843910806175,2028,target,ordinary_baseline,pairwise_unseen,G2_Temporal_Activity+G3_TCP_Control_Flags,0.8,0.9999930690003088,0.0654484447725184
0.8585828054642829,0.9477395361612774,0.4208552670491512,857847,141296,0.0829448607968553,0.9170551392031446,0.0,0.0,0.0,0.5791447329508488,0.4208552670491512,2028,target,ordinary_baseline,pairwise_unseen,G2_Temporal_Activity+G3_TCP_Control_Flags,0.9,0.9999566139546476,0.0654484447725184
0.9107194866000162,0.9663547663880164,0.6375702371798663,909939,89204,0.1184628859736751,0.8815371140263248,0.0,0.0,0.0,0.3624297628201336,0.6375702371798663,2028,target,ordinary_baseline,pairwise_unseen,G2_Temporal_Activity+G3_TCP_Control_Flags,0.95,0.9996670878493288,0.0654484447725184
0.7690060381747157,0.8550067283238943,0.3467735257585615,768347,230796,0.0763053672364179,0.923694632763582,0.0,0.0,0.0,0.6532264742414384,0.3467735257585615,2028,target,full_method,pairwise_unseen,G2_Temporal_Activity+G3_TCP_Control_Flags,0.8,0.999835576217732,0.0545582845560489
0.8544662775999031,0.955124428815297,0.3602708937126634,853734,145409,0.0713465786767307,0.9286534213232692,0.0,0.0,0.0,0.6397291062873366,0.3602708937126634,2028,target,full_method,pairwise_unseen,G2_Temporal_Activity+G3_TCP_Control_Flags,0.9,0.9986083085787582,0.0545582845560489
0.9028757645302024,0.9809233645715496,0.5196900692021056,902102,97041,0.0973991854579637,0.9026008145420362,0.0,0.0,0.0,0.4803099307978943,0.5196900692021056,2028,target,full_method,pairwise_unseen,G2_Temporal_Activity+G3_TCP_Control_Flags,0.95,0.994586808278096,0.0545582845560489
0.0,0.0,0.0,0,999143,,,,,,1.0,0.0,2028,target,ordinary_baseline,pairwise_unseen,G2_Temporal_Activity+G4_Rate_Header_Flow_Context,0.8,0.9999930690003088,0.0531854562026455
0.0001701458149634,0.0002011871245059,1.7744129650440647e-05,170,998973,0.0176470588235294,0.9823529411764704,0.0,0.0,0.0,0.9999822558703496,1.7744129650440647e-05,2028,target,ordinary_baseline,pairwise_unseen,G2_Temporal_Activity+G4_Rate_Header_Flow_Context,0.9,0.9999566139546476,0.0531854562026455
0.2235685982887334,0.2658513166914235,0.01597563139528,223377,775766,0.0120916656594009,0.9879083343405992,0.0,0.0,0.0,0.98402436860472,0.01597563139528,2028,target,ordinary_baseline,pairwise_unseen,G2_Temporal_Activity+G4_Rate_Header_Flow_Context,0.95,0.9996670878493288,0.0531854562026455
0.3175101061609799,0.3775354697719357,0.0228071213106997,317238,681905,0.012154912084933,0.9878450879150668,0.0,0.0,0.0,0.9771928786893004,0.0228071213106997,2028,target,full_method,pairwise_unseen,G2_Temporal_Activity+G4_Rate_Header_Flow_Context,0.8,0.999835576217732,0.0439190601002141
0.6887312426749724,0.7962167182886325,0.1610161471579819,688141,311002,0.039560206411186,0.960439793588814,0.0,0.0,0.0,0.8389838528420182,0.1610161471579819,2028,target,full_method,pairwise_unseen,G2_Temporal_Activity+G4_Rate_Header_Flow_Context,0.9,0.9986083085787582,0.0439190601002141
0.9051477115888316,0.976474358279332,0.5549594842372981,904372,94771,0.1037482363452207,0.8962517636547792,0.0,0.0,0.0,0.4450405157627018,0.5549594842372981,2028,target,full_method,pairwise_unseen,G2_Temporal_Activity+G4_Rate_Header_Flow_Context,0.95,0.994586808278096,0.0439190601002141
0.0008807548068694,0.0010432817354618,8.280593836872302e-05,880,998263,0.0159090909090909,0.9840909090909092,0.0,0.0,0.0,0.9999171940616312,8.280593836872302e-05,2028,target,ordinary_baseline,pairwise_unseen,G3_TCP_Control_Flags+G4_Rate_Header_Flow_Context,0.8,0.9999930690003088,0.0796562556120323
0.1107619229679835,0.1317908183978999,0.0075175962619033,110667,888476,0.0108885214201162,0.9891114785798838,1.0,0.051927616050354,0.0987284966342558,0.9924824037380966,0.0071272254095936,2028,target,ordinary_baseline,pairwise_unseen,G3_TCP_Control_Flags+G4_Rate_Header_Flow_Context,0.9,0.9999566139546476,0.0796562556120323
0.3024331852397505,0.3585467784158743,0.0269355888093689,302174,696969,0.0140151038805456,0.9859848961194544,0.9938080495356038,0.0704874835309617,0.1316383022349805,0.9730644111906313,0.0250369669367717,2028,target,ordinary_baseline,pairwise_unseen,G3_TCP_Control_Flags+G4_Rate_Header_Flow_Context,0.95,0.9996670878493288,0.0796562556120323
0.433551553681505,0.5053543483524943,0.0810256106937954,433180,565963,0.0316242670483401,0.9683757329516598,0.0,0.0,0.0,0.9189743893062046,0.0810256106937954,2028,target,full_method,pairwise_unseen,G3_TCP_Control_Flags+G4_Rate_Header_Flow_Context,0.8,0.999835576217732,0.050024009473666
0.7800234801224649,0.8653130507798712,0.3612823091027385,779355,219788,0.0783750665614514,0.9216249334385486,0.0,0.0,0.0,0.6387176908972615,0.3612823091027385,2028,target,full_method,pairwise_unseen,G3_TCP_Control_Flags+G4_Rate_Header_Flow_Context,0.9,0.9986083085787582,0.050024009473666
0.871323724431838,0.940837733548736,0.5300348967883125,870577,128566,0.1029317337811589,0.8970682662188411,1.0,3.347728566167855e-05,6.695232994108195e-05,0.4699651032116874,0.5300171526586621,2028,target,full_method,pairwise_unseen,G3_TCP_Control_Flags+G4_Rate_Header_Flow_Context,0.95,0.994586808278096,0.050024009473666
0.7810065389071635,0.8673904322535353,0.4424097490663696,117290,32888,0.0,1.0,1.0,1.0,1.0,0.5575902509336303,0.0,2029,source,ordinary_baseline,complete,,0.8,0.9999929378246064,5.02176599689774e-06
0.8786906204637164,0.94299301307124,0.6266461377186661,131960,18218,0.0,1.0,1.0,1.0,1.0,0.3733538622813339,0.0,2029,source,ordinary_baseline,complete,,0.9,0.9999555026629848,5.02176599689774e-06
0.950219073366272,0.9851235248888444,0.8134049662582716,142702,7476,0.0,1.0,1.0,1.0,1.0,0.1865950337417283,0.0,2029,source,ordinary_baseline,complete,,0.95,0.9996379752187236,5.02176599689774e-06
0.9038940457323976,0.966285561461572,0.659339579374959,135745,14433,0.0,1.0,1.0,1.0,1.0,0.3406604206250409,0.0,2029,source,full_method,complete,,0.8,0.9998476877205076,1.30810546143927e-05
0.9363755010720612,0.9924113261792532,0.7167332765511367,140623,9555,1.4222424496703952e-05,0.9999857775755032,0.9999542940719413,0.9999542940719413,0.9999542940719413,0.2832667234488633,3.2758959575443885e-05,2029,source,full_method,complete,,0.9,0.9987559866104704,1.30810546143927e-05
0.964941602631544,0.9967405475880052,0.840300072069711,144913,5265,0.0002277228406009,0.9997722771593992,0.9990260246220976,0.9996881213208062,0.9993569633079368,0.1596999279302889,0.0002620716766035,2029,source,full_method,complete,,0.95,0.9943904683862472,1.30810546143927e-05
0.5713286899545872,0.7170878882091398,0.0,85801,64377,0.0,1.0,0.0,0.0,0.0,1.0,0.0,2029,source,ordinary_baseline,single,G1_Packet_Byte_Magnitude,0.8,0.9999929378246064,0.0142823299495466
0.7375913915486956,0.9256426971550832,0.0004913843936316,110770,39408,0.0001354157262796,0.9998645842737204,0.0,0.0,0.0,0.9995086156063684,0.0004913843936316,2029,source,ordinary_baseline,single,G1_Packet_Byte_Magnitude,0.9,0.9999555026629848,0.0142823299495466
0.7787825114197818,0.97027212248855,0.0282054641944571,116956,33222,0.0073617428776633,0.9926382571223366,0.0,0.0,0.0,0.9717945358055428,0.0282054641944571,2029,source,ordinary_baseline,single,G1_Packet_Byte_Magnitude,0.95,0.9996379752187236,0.0142823299495466
0.72358800889611,0.8342359509243473,0.2898840332831029,108667,41511,0.0,1.0,1.0,1.0,1.0,0.710115966716897,0.0,2029,source,full_method,single,G1_Packet_Byte_Magnitude,0.8,0.9998476877205076,2.0813060452605912e-05
0.8532741147172023,0.9432688128907164,0.500524143353207,128143,22035,0.0,1.0,1.0,1.0,1.0,0.4994758566467929,0.0,2029,source,full_method,single,G1_Packet_Byte_Magnitude,0.9,0.9987559866104704,2.0813060452605912e-05
0.9261276618412816,0.9813459031190452,0.7096901002424163,139084,11094,5.032929740300825e-05,0.999949670702597,0.9998615150256196,0.9998153618906942,0.9998384379255428,0.2903098997575837,0.0001310358383017,2029,source,full_method,single,G1_Packet_Byte_Magnitude,0.95,0.9943904683862472,2.0813060452605912e-05
0.7282291680539094,0.8658108514692608,0.1889536788311603,109364,40814,0.0,1.0,1.0,1.0,1.0,0.8110463211688397,0.0,2029,source,ordinary_baseline,single,G2_Temporal_Activity,0.8,0.9999929378246064,0.0004416072717542
0.8134347241273688,0.9195416708454518,0.3975299744480115,122160,28018,8.185985592665357e-06,0.9999918140144072,0.9999176005273568,1.0,0.99995879856619,0.6024700255519885,0.0,2029,source,ordinary_baseline,single,G2_Temporal_Activity,0.9,0.9999555026629848,0.0004416072717542
0.8529278589407236,0.965040283488784,0.4134835877612527,128091,22087,3.9034748733322405e-05,0.9999609652512668,0.9999207544179411,0.9996830930122008,0.9998019095915376,0.5865164122387473,0.0001310358383017,2029,source,ordinary_baseline,single,G2_Temporal_Activity,0.95,0.9996379752187236,0.0004416072717542
0.8174699356763308,0.8906996957844415,0.5304330734455873,122766,27412,0.0,1.0,1.0,1.0,1.0,0.4695669265544126,0.0,2029,source,full_method,single,G2_Temporal_Activity,0.8,0.9998476877205076,1.7759189783448255e-05
0.9277257654250288,0.9710075886738208,0.7580750835353469,139324,10854,1.4355028566506849e-05,0.9999856449714336,0.9999567866557192,0.9999567866557192,0.9999567866557192,0.241924916464653,3.2758959575443885e-05,2029,source,full_method,single,G2_Temporal_Activity,0.9,0.9987559866104704,1.7759189783448255e-05
0.9557391894951324,0.9866028148296728,0.8347638079014611,143531,6647,6.270422417456856e-05,0.9999372957758256,0.9998430202896276,0.999803783062554,0.9998234012911328,0.1652361920985389,0.0001637947978772,2029,source,full_method,single,G2_Temporal_Activity,0.95,0.9943904683862472,1.7759189783448255e-05
0.7525935889411232,0.8650001671514057,0.3119963309965275,113023,37155,0.0,1.0,1.0,1.0,1.0,0.6880036690034724,0.0,2029,source,ordinary_baseline,single,G3_TCP_Control_Flags,0.8,0.9999929378246064,7.98788854908249e-06
0.8488327185073713,0.9409788386320328,0.4876498722400577,127476,22702,0.0,1.0,1.0,1.0,1.0,0.5123501277599424,0.0,2029,source,ordinary_baseline,single,G3_TCP_Control_Flags,0.9,0.9999555026629848,7.98788854908249e-06
0.937607372584533,0.9840453983218,0.7555854026076132,140808,9370,0.0,1.0,1.0,1.0,1.0,0.2444145973923868,0.0,2029,source,ordinary_baseline,single,G3_TCP_Control_Flags,0.95,0.9996379752187236,7.98788854908249e-06
0.893859286979451,0.957643833784642,0.6438445914957741,134238,15940,0.0,1.0,1.0,1.0,1.0,0.3561554085042259,0.0,2029,source,full_method,single,G3_TCP_Control_Flags,0.8,0.9998476877205076,1.264857871848043e-05
0.9297300536696452,0.9900294186474108,0.6933761383738453,139625,10553,1.432408236347359e-05,0.9999856759176364,0.999952754417462,0.999952754417462,0.999952754417462,0.3066238616261547,3.2758959575443885e-05,2029,source,full_method,single,G3_TCP_Control_Flags,0.9,0.9987559866104704,1.264857871848043e-05
0.957676890090426,0.9964146023468058,0.805837646596344,143822,6356,0.0001182016659481,0.9998817983340518,0.999390541199415,0.9999186958819464,0.9996545487797444,0.1941623534036559,6.551791915088777e-05,2029,source,full_method,single,G3_TCP_Control_Flags,0.95,0.9943904683862472,1.264857871848043e-05
0.0514323003369335,0.064553872898071,0.0,7724,142454,0.0,1.0,0.0,0.0,0.0,1.0,0.0,2029,source,ordinary_baseline,single,G4_Rate_Header_Flow_Context,0.8,0.9999929378246064,0.0177519243878213
0.142577474729987,0.1789355798482265,6.551791915088777e-05,21412,128766,0.0,1.0,1.0,1.0,1.0,0.9999344820808492,0.0,2029,source,ordinary_baseline,single,G4_Rate_Header_Flow_Context,0.9,0.9999555026629848,0.0177519243878213
0.3617573812409274,0.4480660582355497,0.0234554150560178,54328,95850,3.681342953909586e-05,0.9999631865704608,0.9972144846796658,1.0,0.99860529986053,0.9765445849439822,0.0,2029,source,ordinary_baseline,single,G4_Rate_Header_Flow_Context,0.95,0.9996379752187236,0.0177519243878213
0.5832079265937754,0.6379918430113998,0.3684727773045928,87585,62593,0.0,1.0,1.0,1.0,1.0,0.6315272226954072,0.0,2029,source,full_method,single,G4_Rate_Header_Flow_Context,0.8,0.9998476877205076,0.0014107388143307
0.774414361624206,0.8355648046000067,0.5347244971499705,116300,33878,3.4393809114359416e-05,0.9999656061908856,1.0,0.9997549470072904,0.9998774584890632,0.4652755028500295,0.0001310358383017,2029,source,full_method,single,G4_Rate_Header_Flow_Context,0.9,0.9987559866104704,0.0014107388143307
0.8671909334256682,0.9213886938789156,0.6547533250343969,130233,19945,0.0003916058141945,0.9996083941858056,0.9999498445180058,0.997498373943063,0.9987226048841578,0.3452466749656031,0.0016379479787721,2029,source,full_method,single,G4_Rate_Header_Flow_Context,0.95,0.9943904683862472,0.0014107388143307
0.6132855677928858,0.7676428308762077,0.0082552578130118,92102,58076,0.0027360969360057,0.9972639030639944,0.0,0.0,0.0,0.9917447421869882,0.0082552578130118,2029,source,ordinary_baseline,pairwise_unseen,G1_Packet_Byte_Magnitude+G2_Temporal_Activity,0.8,0.9999929378246064,0.0270964685064315
0.741047290548549,0.9011132283622504,0.1136408307672148,111289,38889,0.031171095076782,0.968828904923218,0.0,0.0,0.0,0.8863591692327851,0.1136408307672148,2029,source,ordinary_baseline,pairwise_unseen,G1_Packet_Byte_Magnitude+G2_Temporal_Activity,0.9,0.9999555026629848,0.0270964685064315
0.8257201454274261,0.9667786581085148,0.2728166153442967,124005,26173,0.0671585823152292,0.9328414176847708,0.0,0.0,0.0,0.7271833846557033,0.2728166153442967,2029,source,ordinary_baseline,pairwise_unseen,G1_Packet_Byte_Magnitude+G2_Temporal_Activity,0.95,0.9996379752187236,0.0270964685064315
0.5128847101439625,0.6437334937986828,0.0,77024,73154,0.0,1.0,0.0,0.0,0.0,1.0,0.0,2029,source,full_method,pairwise_unseen,G1_Packet_Byte_Magnitude+G2_Temporal_Activity,0.8,0.9998476877205076,9.903715555877212e-05
0.7018471413922146,0.8576956507204225,0.0909716307410076,105402,44776,0.0,1.0,1.0,1.0,1.0,0.9090283692589924,0.0,2029,source,full_method,pairwise_unseen,G1_Packet_Byte_Magnitude+G2_Temporal_Activity,0.9,0.9987559866104704,9.903715555877212e-05
0.7914141884963177,0.8887523819075318,0.4098801022079539,118853,31325,2.52412644190723e-05,0.999974758735581,1.0,0.9997602301790282,0.999880100715399,0.5901198977920461,9.827687872633164e-05,2029,source,full_method,pairwise_unseen,G1_Packet_Byte_Magnitude+G2_Temporal_Activity,0.95,0.9943904683862472,9.903715555877212e-05
0.5822557232084593,0.7305686490823388,0.0009172508681124,87442,62736,0.0003202122549804,0.9996797877450196,0.0,0.0,0.0,0.9990827491318875,0.0009172508681124,2029,source,ordinary_baseline,pairwise_unseen,G1_Packet_Byte_Magnitude+G3_TCP_Control_Flags,0.8,0.9999929378246064,0.0168353978048682
0.744276791540705,0.9289272222779392,0.0205071086942278,111774,38404,0.0056005868985631,0.9943994131014368,0.0,0.0,0.0,0.979492891305772,0.0205071086942278,2029,source,ordinary_baseline,pairwise_unseen,G1_Packet_Byte_Magnitude+G3_TCP_Control_Flags,0.9,0.9999555026629848,0.0168353978048682
0.8074484944532488,0.9737237990171498,0.1557033348620848,121261,28917,0.0391964440339433,0.9608035559660568,0.0,0.0,0.0,0.8442966651379152,0.1557033348620848,2029,source,ordinary_baseline,pairwise_unseen,G1_Packet_Byte_Magnitude+G3_TCP_Control_Flags,0.95,0.9996379752187236,0.0168353978048682
0.6960140633115369,0.8064721024303815,0.2630544453908144,104526,45652,0.0,1.0,1.0,1.0,1.0,0.7369455546091856,0.0,2029,source,full_method,pairwise_unseen,G1_Packet_Byte_Magnitude+G3_TCP_Control_Flags,0.8,0.9998476877205076,1.7131065277640368e-05
0.8090465980369961,0.927297496071942,0.3455415056017821,121501,28677,0.0,1.0,1.0,1.0,1.0,0.6544584943982179,0.0,2029,source,full_method,pairwise_unseen,G1_Packet_Byte_Magnitude+G3_TCP_Control_Flags,0.9,0.9987559866104704,1.7131065277640368e-05
0.8824528226504548,0.9717012670076556,0.5326279237371421,132525,17653,2.2637238256932653e-05,0.9999773627617432,1.0,0.9998154868073068,0.9999077348915884,0.4673720762628578,9.827687872633164e-05,2029,source,full_method,pairwise_unseen,G1_Packet_Byte_Magnitude+G3_TCP_Control_Flags,0.95,0.9943904683862472,1.7131065277640368e-05
0.0,0.0,0.0,0,150178,,,,,,1.0,0.0,2029,source,ordinary_baseline,pairwise_unseen,G1_Packet_Byte_Magnitude+G4_Rate_Header_Flow_Context,0.8,0.9999929378246064,0.0512150682418374
0.0050007324641425,0.0062765352856617,0.0,751,149427,0.0,1.0,0.0,0.0,0.0,1.0,0.0,2029,source,ordinary_baseline,pairwise_unseen,G1_Packet_Byte_Magnitude+G4_Rate_Header_Flow_Context,0.9,0.9999555026629848,0.0512150682418374
0.1694322737018737,0.2121987095911476,0.0018017427766494,25445,124733,0.0021615248575358,0.9978384751424642,0.0,0.0,0.0,0.9981982572233504,0.0018017427766494,2029,source,ordinary_baseline,pairwise_unseen,G1_Packet_Byte_Magnitude+G4_Rate_Header_Flow_Context,0.95,0.9996379752187236,0.0512150682418374
0.0001598103583747,0.0002005816868919,0.0,24,150154,0.0,1.0,0.0,0.0,0.0,1.0,0.0,2029,source,full_method,pairwise_unseen,G1_Packet_Byte_Magnitude+G4_Rate_Header_Flow_Context,0.8,0.9998476877205076,0.0276197987199739
0.0113398766796734,0.0142329421990438,0.0,1703,148475,0.0,1.0,0.0,0.0,0.0,1.0,0.0,2029,source,full_method,pairwise_unseen,G1_Packet_Byte_Magnitude+G4_Rate_Header_Flow_Context,0.9,0.9987559866104704,0.0276197987199739
0.0838138742026129,0.1050295857988165,0.0006551791915088,12587,137591,0.0,1.0,1.0,1.0,1.0,0.9993448208084912,0.0,2029,source,full_method,pairwise_unseen,G1_Packet_Byte_Magnitude+G4_Rate_Header_Flow_Context,0.95,0.9943904683862472,0.0276197987199739
0.7336693790035824,0.8892204058436132,0.1239599030334796,110181,39997,0.0,1.0,1.0,1.0,1.0,0.8760400969665203,0.0,2029,source,ordinary_baseline,pairwise_unseen,G2_Temporal_Activity+G3_TCP_Control_Flags,0.8,0.9999929378246064,0.0018053599726096
0.8013357482454154,0.9350449637281448,0.2772390748869816,120343,29835,2.4928745336247225e-05,0.9999750712546638,1.0,0.999645515774548,0.9998227264669384,0.7227609251130184,9.827687872633164e-05,2029,source,ordinary_baseline,pairwise_unseen,G2_Temporal_Activity+G3_TCP_Control_Flags,0.9,0.9999555026629848,0.0018053599726096
0.855857715510927,0.9698208136930432,0.4091594050972941,128531,21647,0.0002411869510079,0.999758813048992,0.9999197496188108,0.9975980784627704,0.998757564827061,0.5908405949027059,0.0009827687872633,2029,source,ordinary_baseline,pairwise_unseen,G2_Temporal_Activity+G3_TCP_Control_Flags,0.95,0.9996379752187236,0.0018053599726096
0.7844158265524911,0.8794921940293517,0.4117473629037542,117802,32376,0.0,1.0,1.0,1.0,1.0,0.5882526370962459,0.0,2029,source,full_method,pairwise_unseen,G2_Temporal_Activity+G3_TCP_Control_Flags,0.8,0.9998476877205076,1.8852459832657173e-05
0.9213333510900398,0.9665028582890384,0.744283561554085,138364,11814,1.4454626926079038e-05,0.999985545373074,0.999955985915493,0.999955985915493,0.999955985915493,0.2557164384459149,3.2758959575443885e-05,2029,source,full_method,pairwise_unseen,G2_Temporal_Activity+G3_TCP_Control_Flags,0.9,0.9987559866104704,1.8852459832657173e-05
0.9452516347267907,0.9856500518169358,0.7869029679617375,141956,8222,3.522218152103469e-05,0.9999647778184788,0.9998751144783948,0.999916739519587,0.9998959265657849,0.2130970320382624,6.551791915088777e-05,2029,source,full_method,pairwise_unseen,G2_Temporal_Activity+G3_TCP_Control_Flags,0.95,0.9943904683862472,1.8852459832657173e-05
0.0,0.0,0.0,0,150178,,,,,,1.0,0.0,2029,source,ordinary_baseline,pairwise_unseen,G2_Temporal_Activity+G4_Rate_Header_Flow_Context,0.8,0.9999929378246064,0.0125560861635968
0.0098949246893686,0.0124193494467288,0.0,1486,148692,0.0,1.0,0.0,0.0,0.0,1.0,0.0,2029,source,ordinary_baseline,pairwise_unseen,G2_Temporal_Activity+G4_Rate_Header_Flow_Context,0.9,0.9999555026629848,0.0125560861635968
0.3438519623380255,0.431576572058971,0.0,51639,98539,0.0,1.0,0.0,0.0,0.0,1.0,0.0,2029,source,ordinary_baseline,pairwise_unseen,G2_Temporal_Activity+G4_Rate_Header_Flow_Context,0.95,0.9996379752187236,0.0125560861635968
0.4143283303812808,0.5199913081269013,0.0001637947978772,62223,87955,0.0,1.0,1.0,1.0,1.0,0.9998362052021228,0.0,2029,source,full_method,pairwise_unseen,G2_Temporal_Activity+G4_Rate_Header_Flow_Context,0.8,0.9998476877205076,0.0019436955894817
0.5915713353487195,0.7015177347641494,0.1606171787984013,88841,61337,2.2512128409180445e-05,0.9999774878715908,1.0,0.9995920864776668,0.9997960016319868,0.8393828212015987,6.551791915088777e-05,2029,source,full_method,pairwise_unseen,G2_Temporal_Activity+G4_Rate_Header_Flow_Context,0.9,0.9987559866104704,0.0019436955894817
0.7544447255922971,0.8449169257513456,0.3998231016182926,113301,36877,0.0005736930830266,0.9994263069169732,1.0,0.9946743138058172,0.9973300472376256,0.6001768983817074,0.0021293323724038,2029,source,full_method,pairwise_unseen,G2_Temporal_Activity+G4_Rate_Header_Flow_Context,0.95,0.9943904683862472,0.0019436955894817
0.050446803126956,0.0633169524955704,0.0,7576,142602,0.0,1.0,0.0,0.0,0.0,1.0,0.0,2029,source,ordinary_baseline,pairwise_unseen,G3_TCP_Control_Flags+G4_Rate_Header_Flow_Context,0.8,0.9999929378246064,0.022157019095296
0.140200295649163,0.1759519272557082,6.551791915088777e-05,21055,129123,0.0,1.0,1.0,1.0,1.0,0.9999344820808492,0.0,2029,source,ordinary_baseline,pairwise_unseen,G3_TCP_Control_Flags+G4_Rate_Header_Flow_Context,0.9,0.9999555026629848,0.022157019095296
0.3568831653104982,0.4420068197773543,0.0232261023389897,53596,96582,3.731621762818121e-05,0.999962683782372,0.9971870604781996,1.0,0.9985915492957746,0.9767738976610104,0.0,2029,source,ordinary_baseline,pairwise_unseen,G3_TCP_Control_Flags+G4_Rate_Header_Flow_Context,0.95,0.9996379752187236,0.022157019095296
0.5737857742145986,0.628447497743456,0.3595295813404966,86170,64008,1.160496692584426e-05,0.999988395033074,1.0,0.9999088838268791,0.999954439837806,0.6404704186595034,3.2758959575443885e-05,2029,source,full_method,pairwise_unseen,G3_TCP_Control_Flags+G4_Rate_Header_Flow_Context,0.8,0.9998476877205076,0.0021766825652493
0.7468137809799038,0.8264466954167085,0.4346786346065649,112155,38023,4.4581160001783245e-05,0.9999554188399982,1.0,0.999623181852438,0.9998115554215504,0.5653213653934351,0.0001637947978772,2029,source,full_method,pairwise_unseen,G3_TCP_Control_Flags+G4_Rate_Header_Flow_Context,0.9,0.9987559866104704,0.0021766825652493
0.8435589766810052,0.9096797379065958,0.5843870798663434,126684,23494,0.000402576489533,0.999597423510467,1.0,0.9971410953528784,0.9985685014174644,0.4156129201336566,0.0016707069383476,2029,source,full_method,pairwise_unseen,G3_TCP_Control_Flags+G4_Rate_Header_Flow_Context,0.95,0.9943904683862472,0.0021766825652493
0.6045390900001301,0.6702832160544916,0.281759034719347,604021,395122,0.0788664632521054,0.9211335367478946,0.0,0.0,0.0,0.718240965280653,0.281759034719347,2029,target,ordinary_baseline,complete,,0.8,0.9999929378246064,0.0616639794305887
0.704518772588108,0.777725573533894,0.3450996628615366,703915,295228,0.082887848674911,0.9171121513250888,0.0,0.0,0.0,0.6549003371384634,0.3450996628615366,2029,target,ordinary_baseline,complete,,0.9,0.9999555026629848,0.0616639794305887
0.8392362254452066,0.931565055121658,0.385934819897084,838517,160626,0.0774951491740775,0.9225048508259224,1.0,0.0041226053639846,0.0082113585372182,0.614065180102916,0.3843437629384278,2029,target,ordinary_baseline,complete,,0.95,0.9996379752187236,0.0616639794305887
0.7868653435994647,0.8782998603737262,0.3379546933222925,786191,212952,0.0725396245950411,0.9274603754049588,1.0,0.0018901606636564,0.0037731893931453,0.6620453066777074,0.3373159046548766,2029,target,full_method,complete,,0.8,0.9998476877205076,0.056162514158781
0.8564279587606579,0.9538895976618924,0.3779263027148518,855694,143449,0.0737670241932279,0.926232975806772,1.0,0.0121134343307875,0.0239369104685325,0.6220736972851482,0.3733483172650381,2029,target,full_method,complete,,0.9,0.9987559866104704,0.056162514158781
0.8885164586050245,0.982150967445032,0.4288046371325486,887755,111388,0.0807283541067073,0.9192716458932926,0.9987995198079233,0.0114761786532042,0.022691631097353,0.5711953628674513,0.4238835985094931,2029,target,full_method,complete,,0.95,0.9943904683862472,0.056162514158781
0.3266649518637472,0.3493138555283692,0.2154669663453007,326385,672758,0.1116135851831426,0.8883864148168574,0.0,0.0,0.0,0.7845330336546993,0.2154669663453007,2029,target,ordinary_baseline,single,G1_Packet_Byte_Magnitude,0.8,0.9999929378246064,0.0928509064351042
0.6400645353067579,0.7002890107255627,0.3443839829656355,639516,359627,0.0910454155955441,0.908954584404456,0.0,0.0,0.0,0.6556160170343645,0.3443839829656355,2029,target,ordinary_baseline,single,G1_Packet_Byte_Magnitude,0.9,0.9999555026629848,0.0928509064351042
0.8071337135925488,0.8698500011444776,0.4992192582953806,806442,192701,0.1046609675587333,0.8953390324412667,0.0,0.0,0.0,0.5007807417046194,0.4992192582953806,2029,target,ordinary_baseline,single,G1_Packet_Byte_Magnitude,0.95,0.9996379752187236,0.0928509064351042
0.5606975177727312,0.6208718992185025,0.2652629088543207,560217,438926,0.080054693092141,0.9199453069078588,0.0,0.0,0.0,0.7347370911456793,0.2652629088543207,2029,target,full_method,single,G1_Packet_Byte_Magnitude,0.8,0.9998476877205076,0.0597918091364799
0.6934933237784782,0.7769425098756374,0.2837877802093807,692899,306244,0.0691832431566505,0.9308167568433494,0.9387755102040816,0.0009587328053355,0.0019155093797497,0.7162122197906192,0.2835157035547406,2029,target,full_method,single,G1_Packet_Byte_Magnitude,0.9,0.9987559866104704,0.0597918091364799
0.7789915957975986,0.8774565610494499,0.2955639675873898,778324,220819,0.063666288075403,0.9363337119245968,0.8448844884488449,0.0102459426467351,0.0202463570397611,0.7044360324126102,0.2925356361270479,2029,target,full_method,single,G1_Packet_Byte_Magnitude,0.95,0.9943904683862472,0.0597918091364799
0.689143596061825,0.7597139046806727,0.3426687170994262,688553,310590,0.0841402186905002,0.9158597813094996,0.0,0.0,0.0,0.6573312829005737,0.3426687170994262,2029,target,ordinary_baseline,single,G2_Temporal_Activity,0.8,0.9999929378246064,0.0539337974352115
0.8452053409772174,0.9344178162643526,0.4072041166380789,844481,154662,0.0815246287364665,0.9184753712635336,0.0,0.0,0.0,0.5927958833619211,0.4072041166380789,2029,target,ordinary_baseline,single,G2_Temporal_Activity,0.9,0.9999555026629848,0.0539337974352115
0.892477853520467,0.9649813932027664,0.5365115041107233,891713,107430,0.101723312321341,0.898276687678659,0.0,0.0,0.0,0.4634884958892766,0.5365115041107233,2029,target,ordinary_baseline,single,G2_Temporal_Activity,0.95,0.9996379752187236,0.0539337974352115
0.7524398409436888,0.8356325287053067,0.3439936121133258,751795,247348,0.0773601846247979,0.922639815375202,0.0,0.0,0.0,0.6560063878866742,0.3439936121133258,2029,target,full_method,single,G2_Temporal_Activity,0.8,0.9998476877205076,0.0558567648013508
0.8382994226051727,0.936094777206342,0.3581593422842609,837581,161562,0.0722962913437625,0.9277037086562374,0.0,0.0,0.0,0.6418406577157391,0.3581593422842609,2029,target,full_method,single,G2_Temporal_Activity,0.9,0.9987559866104704,0.0558567648013508
0.901680740394518,0.979523487693251,0.5195007984858343,900908,98235,0.097322923095366,0.902677076904634,1.0,0.0017419619273157,0.0034778655452633,0.4804992015141657,0.5185958478736618,2029,target,full_method,single,G2_Temporal_Activity,0.95,0.9943904683862472,0.0558567648013508
0.6229148380161799,0.6920608187472668,0.2834328976163719,622381,376762,0.0769946383324683,0.9230053616675316,0.0,0.0,0.0,0.7165671023836281,0.2834328976163719,2029,target,ordinary_baseline,single,G3_TCP_Control_Flags,0.8,0.9999929378246064,0.0642273087875113
0.7482502504646482,0.8287198836728817,0.3531732418524871,747609,251534,0.0798692899630689,0.920130710036931,0.0,0.0,0.0,0.6468267581475129,0.3531732418524871,2029,target,ordinary_baseline,single,G3_TCP_Control_Flags,0.9,0.9999555026629848,0.0642273087875113
0.8744213791219074,0.959516813581456,0.4566333471343231,873672,125471,0.0883226199305918,0.9116773800694082,1.0,0.0004922088519876,0.0009839334032443,0.543366652865677,0.4564085881587508,2029,target,ordinary_baseline,single,G3_TCP_Control_Flags,0.95,0.9996379752187236,0.0642273087875113
0.7901141278075311,0.8801057256409979,0.3482876914887324,789437,209706,0.0745543976276764,0.9254456023723237,1.0,0.0004924853528063,0.0009844858607461,0.6517123085112675,0.3481161649021115,2029,target,full_method,single,G3_TCP_Control_Flags,0.8,0.9998476877205076,0.0565149877871617
0.8569954450964477,0.955341277212968,0.3741527178091914,856261,142882,0.0730011059711933,0.9269988940288066,1.0,0.0118562079104619,0.0234345706786651,0.6258472821908085,0.3697166853965813,2029,target,full_method,single,G3_TCP_Control_Flags,0.9,0.9987559866104704,0.0565149877871617
0.8909485429012663,0.9839267148792936,0.4344590997811557,890185,108958,0.081601015519246,0.918398984480754,0.9987745098039216,0.0110953794211343,0.021946950316413,0.5655409002188443,0.4296386112261193,2029,target,full_method,single,G3_TCP_Control_Flags,0.95,0.9943904683862472,0.0565149877871617
0.0346196690563813,0.0412385416704313,0.0021233808481693,34590,964553,0.0103787221740387,0.9896212778259612,0.0,0.0,0.0,0.9978766191518306,0.0021233808481693,2029,target,ordinary_baseline,single,G4_Rate_Header_Flow_Context,0.8,0.9999929378246064,0.0770346403781325
0.1954024599081412,0.2325819536354031,0.0128644939965694,195235,803908,0.0111404205188618,0.988859579481138,0.0,0.0,0.0,0.9871355060034306,0.0128644939965694,2029,target,ordinary_baseline,single,G4_Rate_Header_Flow_Context,0.9,0.9999555026629848,0.0770346403781325
0.3442950608671631,0.4076051142489877,0.033465428520731,344000,655143,0.0161627906976744,0.9838372093023257,1.0,0.0173206079886885,0.0340514246004169,0.9665345714792688,0.03288578695215,2029,target,ordinary_baseline,single,G4_Rate_Header_Flow_Context,0.95,0.9996379752187236,0.0770346403781325
0.4400981641266565,0.5032689895948911,0.1299520908499438,439721,559422,0.0499657737519927,0.9500342262480072,0.0,0.0,0.0,0.8700479091500561,0.1299520908499438,2029,target,full_method,single,G4_Rate_Header_Flow_Context,0.8,0.9998476877205076,0.0499263801261898
0.7591906263667964,0.8549561303644378,0.2890163837463772,758540,240603,0.0644184881482848,0.9355815118517152,0.0,0.0,0.0,0.7109836162536227,0.2890163837463772,2029,target,full_method,single,G4_Rate_Header_Flow_Context,0.9,0.9987559866104704,0.0499263801261898
0.8688746255540999,0.9386945485517538,0.5260838705861477,868130,131013,0.1023683088938292,0.8976316911061707,1.0,0.0008544606217325,0.0017074622841801,0.4739161294138522,0.5256343526350032,2029,target,full_method,single,G4_Rate_Header_Flow_Context,0.95,0.9943904683862472,0.0499263801261898
0.6080130671985892,0.6625742555172859,0.3401372212692967,607492,391651,0.0946629749856788,0.9053370250143212,0.0,0.0,0.0,0.6598627787307033,0.3401372212692967,2029,target,ordinary_baseline,pairwise_unseen,G1_Packet_Byte_Magnitude+G2_Temporal_Activity,0.8,0.9999929378246064,0.0893893060537376
0.7928024316839531,0.8709944787988526,0.4089075530845212,792123,207020,0.0872768496811732,0.9127231503188268,0.0,0.0,0.0,0.5910924469154788,0.4089075530845212,2029,target,ordinary_baseline,pairwise_unseen,G1_Packet_Byte_Magnitude+G2_Temporal_Activity,0.9,0.9999555026629848,0.0893893060537376
0.910805560365233,0.9625346204490448,0.6568344472703614,910025,89118,0.1220307134419384,0.8779692865580616,0.0,0.0,0.0,0.3431655527296386,0.6568344472703614,2029,target,ordinary_baseline,pairwise_unseen,G1_Packet_Byte_Magnitude+G2_Temporal_Activity,0.95,0.9996379752187236,0.0893893060537376
0.4611932426089158,0.5112514200558265,0.2154255633761164,460798,538345,0.0790411416716218,0.9209588583283782,0.0,0.0,0.0,0.7845744366238836,0.2154255633761164,2029,target,full_method,pairwise_unseen,G1_Packet_Byte_Magnitude+G2_Temporal_Activity,0.8,0.9998476877205076,0.0526407108671978
0.5961238781635861,0.6605503371390227,0.279813095167682,595613,403530,0.0794274134379202,0.9205725865620796,0.0,0.0,0.0,0.720186904832318,0.279813095167682,2029,target,full_method,pairwise_unseen,G1_Packet_Byte_Magnitude+G2_Temporal_Activity,0.9,0.9987559866104704,0.0526407108671978
0.7233068739910103,0.8122671138562512,0.2865440350150825,722687,276456,0.0670359367194926,0.9329640632805072,0.0,0.0,0.0,0.7134559649849175,0.2865440350150825,2029,target,full_method,pairwise_unseen,G1_Packet_Byte_Magnitude+G2_Temporal_Activity,0.95,0.9943904683862472,0.0526407108671978
0.3467161357283191,0.3661051497880307,0.2515230377949961,346419,652724,0.1227559689278013,0.8772440310721987,0.0,0.0,0.0,0.7484769622050038,0.2515230377949961,2029,target,ordinary_baseline,pairwise_unseen,G1_Packet_Byte_Magnitude+G3_TCP_Control_Flags,0.8,0.9999929378246064,0.0949701008023389
0.6869387064714461,0.7437743427385303,0.4078961376944461,686350,312793,0.100477890289211,0.8995221097107889,0.0,0.0,0.0,0.5921038623055539,0.4078961376944461,2029,target,ordinary_baseline,pairwise_unseen,G1_Packet_Byte_Magnitude+G3_TCP_Control_Flags,0.9,0.9999555026629848,0.0949701008023389
0.8790223221300655,0.9493092776177516,0.5339386053114095,878269,120874,0.1027851375831322,0.8972148624168678,0.0,0.0,0.0,0.4660613946885905,0.5339386053114095,2029,target,ordinary_baseline,pairwise_unseen,G1_Packet_Byte_Magnitude+G3_TCP_Control_Flags,0.95,0.9996379752187236,0.0949701008023389
0.5314674676197502,0.5944079617093918,0.2224522387176909,531012,468131,0.0708270246246789,0.9291729753753212,0.0,0.0,0.0,0.7775477612823091,0.2224522387176909,2029,target,full_method,pairwise_unseen,G1_Packet_Byte_Magnitude+G3_TCP_Control_Flags,0.8,0.9998476877205076,0.0573051279398553
0.6811237230306373,0.7620462296689569,0.2838232684686816,680540,318603,0.0704440591295147,0.9295559408704852,1.0,0.0009586129287708,0.0019153897401732,0.7161767315313183,0.2835511918140415,2029,target,full_method,pairwise_unseen,G1_Packet_Byte_Magnitude+G3_TCP_Control_Flags,0.9,0.9987559866104704,0.0573051279398553
0.7763443270883147,0.8737629100091197,0.298054060448335,775679,223464,0.0643474942598678,0.935652505740132,1.0,0.0095054770598507,0.0188319474749857,0.701945939551665,0.295220914414148,2029,target,full_method,pairwise_unseen,G1_Packet_Byte_Magnitude+G3_TCP_Control_Flags,0.95,0.9943904683862472,0.0573051279398553
0.0,0.0,0.0,0,999143,,,,,,1.0,0.0,2029,target,ordinary_baseline,pairwise_unseen,G1_Packet_Byte_Magnitude+G4_Rate_Header_Flow_Context,0.8,0.9999929378246064,0.1952284477665276
0.0036931650424413,0.0021094530240111,0.0114686224640681,3690,995453,0.5254742547425474,0.4745257452574525,0.0,0.0,0.0,0.988531377535932,0.0114686224640681,2029,target,ordinary_baseline,pairwise_unseen,G1_Packet_Byte_Magnitude+G4_Rate_Header_Flow_Context,0.9,0.9999555026629848,0.1952284477665276
0.1794948270667962,0.1706693266736781,0.2228248654403501,179341,819802,0.2100635102960282,0.7899364897039718,0.0,0.0,0.0,0.7771751345596498,0.2228248654403501,2029,target,ordinary_baseline,pairwise_unseen,G1_Packet_Byte_Magnitude+G4_Rate_Header_Flow_Context,0.95,0.9996379752187236,0.1952284477665276
0.0004684014200169,0.0005613964073039,1.182941976696043e-05,468,998675,0.0042735042735042,0.9957264957264956,0.0,0.0,0.0,0.999988170580233,1.182941976696043e-05,2029,target,full_method,pairwise_unseen,G1_Packet_Byte_Magnitude+G4_Rate_Header_Flow_Context,0.8,0.9998476877205076,0.1841352735895141
0.0072101791235088,0.0079149665149932,0.0037499260661264,7204,991939,0.0880066629650194,0.9119933370349804,0.0,0.0,0.0,0.9962500739338735,0.0037499260661264,2029,target,full_method,pairwise_unseen,G1_Packet_Byte_Magnitude+G4_Rate_Header_Flow_Context,0.9,0.9987559866104704,0.1841352735895141
0.0934080506994494,0.0713901066532702,0.2015082510202874,93328,905815,0.365045859763415,0.6349541402365849,0.0,0.0,0.0,0.7984917489797125,0.2015082510202874,2029,target,full_method,pairwise_unseen,G1_Packet_Byte_Magnitude+G4_Rate_Header_Flow_Context,0.95,0.9943904683862472,0.1841352735895141
0.8152626801168601,0.9001087856128317,0.3986987638256343,814564,184579,0.0827534730236052,0.9172465269763947,0.0,0.0,0.0,0.6013012361743656,0.3986987638256343,2029,target,ordinary_baseline,pairwise_unseen,G2_Temporal_Activity+G3_TCP_Control_Flags,0.8,0.9999929378246064,0.0529007160676703
0.8587989907350599,0.9477178513215104,0.4222393091618856,858063,141080,0.0831966883550508,0.9168033116449492,0.0,0.0,0.0,0.5777606908381144,0.4222393091618856,2029,target,ordinary_baseline,pairwise_unseen,G2_Temporal_Activity+G3_TCP_Control_Flags,0.9,0.9999555026629848,0.0529007160676703
0.9114851427673516,0.9671811997258072,0.6380374992606612,910704,88439,0.1184501221033398,0.8815498778966602,0.0,0.0,0.0,0.3619625007393387,0.6380374992606612,2029,target,ordinary_baseline,pairwise_unseen,G2_Temporal_Activity+G3_TCP_Control_Flags,0.95,0.9996379752187236,0.0529007160676703
0.7518863666161901,0.8346639391957092,0.3454782042940794,751242,247901,0.0777512439400353,0.9222487560599648,0.0,0.0,0.0,0.6545217957059206,0.3454782042940794,2029,target,full_method,pairwise_unseen,G2_Temporal_Activity+G3_TCP_Control_Flags,0.8,0.9998476877205076,0.0540870364711566
0.8385876696328753,0.9366212369273546,0.3572780505116224,837869,161274,0.0720936089054494,0.9279063910945504,0.0,0.0,0.0,0.6427219494883776,0.3572780505116224,2029,target,full_method,pairwise_unseen,G2_Temporal_Activity+G3_TCP_Control_Flags,0.9,0.9987559866104704,0.0540870364711566
0.902338303926465,0.97994754678203,0.5213047850002958,901565,97578,0.0975903013093897,0.9024096986906102,1.0,0.0017359338302869,0.0034658511722731,0.4786952149997042,0.5203998343881233,2029,target,full_method,pairwise_unseen,G2_Temporal_Activity+G3_TCP_Control_Flags,0.95,0.9943904683862472,0.0540870364711566
0.0,0.0,0.0,0,999143,,,,,,1.0,0.0,2029,target,ordinary_baseline,pairwise_unseen,G2_Temporal_Activity+G4_Rate_Header_Flow_Context,0.8,0.9999929378246064,0.0581328943670054
0.0005644837625845,0.000674639459421,2.365883953392086e-05,564,998579,0.0070921985815602,0.9929078014184396,0.0,0.0,0.0,0.999976341160466,2.365883953392086e-05,2029,target,ordinary_baseline,pairwise_unseen,G2_Temporal_Activity+G4_Rate_Header_Flow_Context,0.9,0.9999555026629848,0.0581328943670054
0.2549044531163207,0.3030649111584161,0.0184538948364582,254686,744457,0.012250378897937,0.9877496211020628,0.0,0.0,0.0,0.9815461051635416,0.0184538948364582,2029,target,ordinary_baseline,pairwise_unseen,G2_Temporal_Activity+G4_Rate_Header_Flow_Context,0.95,0.9996379752187236,0.0581328943670054
0.3490811625563108,0.4153357596259606,0.0237948778612409,348782,650361,0.0115344255150781,0.9884655744849218,0.0,0.0,0.0,0.9762051221387592,0.0237948778612409,2029,target,full_method,pairwise_unseen,G2_Temporal_Activity+G4_Rate_Header_Flow_Context,0.8,0.9998476877205076,0.0440854363443228
0.6779660168764631,0.7825612928019584,0.1644407641805169,677385,321758,0.041043129092023,0.958956870907977,0.0,0.0,0.0,0.8355592358194831,0.1644407641805169,2029,target,full_method,pairwise_unseen,G2_Temporal_Activity+G4_Rate_Header_Flow_Context,0.9,0.9987559866104704,0.0440854363443228
0.9057702451000508,0.976812882722363,0.5569764003075649,904994,94149,0.1040537285330068,0.8959462714669931,0.0,0.0,0.0,0.4430235996924351,0.5569764003075649,2029,target,full_method,pairwise_unseen,G2_Temporal_Activity+G4_Rate_Header_Flow_Context,0.95,0.9943904683862472,0.0440854363443228
0.0342753739955141,0.0408241202882156,0.0021233808481693,34246,964897,0.0104829761139987,0.9895170238860012,0.0,0.0,0.0,0.9978766191518306,0.0021233808481693,2029,target,ordinary_baseline,pairwise_unseen,G3_TCP_Control_Flags+G4_Rate_Header_Flow_Context,0.8,0.9999929378246064,0.0796137869419438
0.1911668299732871,0.2275064964165802,0.0127521145087833,191003,808140,0.0112877808201965,0.9887122191798036,0.0,0.0,0.0,0.9872478854912168,0.0127521145087833,2029,target,ordinary_baseline,pairwise_unseen,G3_TCP_Control_Flags+G4_Rate_Header_Flow_Context,0.9,0.9999555026629848,0.0796137869419438
0.3374561999633686,0.3996419592011787,0.0321464482167149,337167,661976,0.0158526783463387,0.9841473216536611,1.0,0.0165593376264949,0.0325791855203619,0.967853551783285,0.0316141243272017,2029,target,ordinary_baseline,pairwise_unseen,G3_TCP_Control_Flags+G4_Rate_Header_Flow_Context,0.95,0.9996379752187236,0.0796137869419438
0.4379062856868336,0.5048483687579285,0.1092446915478795,437531,561612,0.0422141516829664,0.9577858483170336,0.0,0.0,0.0,0.8907553084521205,0.1092446915478795,2029,target,full_method,pairwise_unseen,G3_TCP_Control_Flags+G4_Rate_Header_Flow_Context,0.8,0.9998476877205076,0.0512838439308704
0.7735359202836831,0.8617350522182988,0.340509847991956,772873,226270,0.0744883053231255,0.9255116946768744,0.0,0.0,0.0,0.659490152008044,0.340509847991956,2029,target,full_method,pairwise_unseen,G3_TCP_Control_Flags+G4_Rate_Header_Flow_Context,0.9,0.9987559866104704,0.0512838439308704
0.8735766551935008,0.942979713832398,0.5328325545631987,872828,126315,0.1032081922211478,0.8967918077788521,1.0,3.3301511888639744e-05,6.660080586975102e-05,0.4671674454368013,0.5328148104335483,2029,target,full_method,pairwise_unseen,G3_TCP_Control_Flags+G4_Rate_Header_Flow_Context,0.95,0.9943904683862472,0.0512838439308704
0.7802607572347481,0.8704910908300739,0.4265871715914303,117178,33000,0.0,1.0,1.0,1.0,1.0,0.5734128284085698,0.0,2030,source,ordinary_baseline,complete,,0.8,0.99999313308112,5.138261448740561e-06
0.8798492455619332,0.9462357503426604,0.6196357203695211,132134,18044,0.0,1.0,1.0,1.0,1.0,0.3803642796304789,0.0,2030,source,ordinary_baseline,complete,,0.9,0.999956403000435,5.138261448740561e-06
0.9498994526495226,0.984964731053388,0.8124549564305837,142654,7524,0.0,1.0,1.0,1.0,1.0,0.1875450435694162,0.0,2030,source,ordinary_baseline,complete,,0.95,0.9996618815646892,5.138261448740561e-06
0.9016899945398128,0.963368769431351,0.6599292406473171,135414,14764,0.0,1.0,1.0,1.0,1.0,0.3400707593526829,0.0,2030,source,full_method,complete,,0.8,0.9997990723404052,1.2074652699859812e-05
0.9392720638176032,0.9921689566409252,0.7319334337941427,141058,9120,3.5446412114165804e-05,0.9999645535878858,0.9998657357679914,0.9999104865058408,0.999888110636203,0.2680665662058573,6.551791915088777e-05,2030,source,full_method,complete,,0.9,0.9984764472253698,1.2074652699859812e-05
0.9903980609676516,0.9961638752381908,0.9677979427373388,148736,1442,0.0003294427710843,0.9996705572289156,0.9986137408709764,0.9997292082726872,0.9991711632470104,0.0322020572626613,0.0002620716766035,2030,source,full_method,complete,,0.95,0.994177206936823,1.2074652699859812e-05
0.6300057265378418,0.7907347975796476,0.0,94613,55565,0.0,1.0,0.0,0.0,0.0,1.0,0.0,2030,source,ordinary_baseline,single,G1_Packet_Byte_Magnitude,0.8,0.99999313308112,0.0140507031252653
0.7441835688316532,0.9333065891084144,0.002882788442639,111760,38418,0.0007874015748031,0.9992125984251968,0.0,0.0,0.0,0.9971172115573608,0.002882788442639,2030,source,ordinary_baseline,single,G1_Packet_Byte_Magnitude,0.9,0.999956403000435,0.0140507031252653
0.7924529558257535,0.981237254705312,0.0524798532398611,119009,31169,0.0134611668025107,0.9865388331974893,0.0,0.0,0.0,0.9475201467601388,0.0524798532398611,2030,source,ordinary_baseline,single,G1_Packet_Byte_Magnitude,0.95,0.9996618815646892,0.0140507031252653
0.72169026089041,0.8353475077725404,0.2761907881805673,108382,41796,0.0,1.0,1.0,1.0,1.0,0.7238092118194326,0.0,2030,source,full_method,single,G1_Packet_Byte_Magnitude,0.8,0.9997990723404052,2.334402974988009e-05
0.8501245189042337,0.9423829104402768,0.4885016051890192,127670,22508,1.5665387326701653e-05,0.9999843346126732,1.0,0.9998658798283262,0.9999329354168064,0.5114983948109808,6.551791915088777e-05,2030,source,full_method,single,G1_Packet_Byte_Magnitude,0.9,0.9984764472253698,2.334402974988009e-05
0.9196819773868344,0.9757212583157824,0.7000262071676604,138116,12062,6.516261693069594e-05,0.9999348373830692,0.999812804193186,0.9997660161916796,0.9997894096450384,0.2999737928323396,0.0001637947978772,2030,source,full_method,single,G1_Packet_Byte_Magnitude,0.95,0.994177206936823,2.334402974988009e-05
0.7103104316211429,0.8652676094005951,0.1029286509860446,106673,43505,0.0,1.0,1.0,1.0,1.0,0.8970713490139554,0.0,2030,source,ordinary_baseline,single,G2_Temporal_Activity,0.8,0.99999313308112,0.0002883768097907
0.8128953641678541,0.919558385986026,0.3948109808032496,122079,28099,8.19141703323258e-06,0.9999918085829668,0.9999170331037917,1.0,0.999958514830948,0.6051890191967503,0.0,2030,source,ordinary_baseline,single,G2_Temporal_Activity,0.9,0.999956403000435,0.0002883768097907
0.8463822930122921,0.9570588038645405,0.4125663368931402,127108,23070,3.146930169619536e-05,0.9999685306983038,0.999920584498094,0.9997617913292044,0.9998411816088304,0.5874336631068597,9.827687872633164e-05,2030,source,ordinary_baseline,single,G2_Temporal_Activity,0.95,0.9996618815646892,0.0002883768097907
0.8233762601712634,0.8958813893624845,0.5391797156522309,123653,26525,1.6174294194237098e-05,0.9999838257058058,0.9999392429673736,0.9999392429673736,0.9999392429673736,0.4608202843477691,3.2758959575443885e-05,2030,source,full_method,single,G2_Temporal_Activity,0.8,0.9997990723404052,2.3024025270549225e-05
0.9074365086763708,0.9738575201417444,0.6470877284937431,136277,13901,2.2013986219244627e-05,0.9999779860137809,0.999949372215472,0.9998987495570292,0.9999240602455386,0.352912271506257,6.551791915088777e-05,2030,source,full_method,single,G2_Temporal_Activity,0.9,0.9984764472253698,2.3024025270549225e-05
0.9661601566141512,0.9862434393073246,0.8874402148987748,145096,5082,0.0002136516513205,0.9997863483486796,0.9991146198398938,0.9997416020671834,0.9994280126206248,0.1125597851012251,0.0002293127170281,2030,source,full_method,single,G2_Temporal_Activity,0.95,0.994177206936823,2.3024025270549225e-05
0.750049940736992,0.8666131782168288,0.2931599292406473,112641,37537,0.0,1.0,1.0,1.0,1.0,0.7068400707593527,0.0,2030,source,ordinary_baseline,single,G3_TCP_Control_Flags,0.8,0.99999313308112,7.622238976182256e-06
0.8532541384224054,0.943895630662254,0.4979689445063224,128140,22038,0.0,1.0,1.0,1.0,1.0,0.5020310554936775,0.0,2030,source,ordinary_baseline,single,G3_TCP_Control_Flags,0.9,0.999956403000435,7.622238976182256e-06
0.937747206648111,0.9832597867148064,0.7593526829587892,140829,9349,0.0,1.0,1.0,1.0,1.0,0.2406473170412107,0.0,2030,source,ordinary_baseline,single,G3_TCP_Control_Flags,0.95,0.9996618815646892,7.622238976182256e-06
0.8909693829988413,0.9534316183599104,0.6461377186660552,133804,16374,0.0,1.0,1.0,1.0,1.0,0.3538622813339448,0.0,2030,source,full_method,single,G3_TCP_Control_Flags,0.8,0.9997990723404052,8.662714646666383e-06
0.9282118552650854,0.9890432253535252,0.6897726528205465,139397,10781,1.434751106551791e-05,0.9999856524889345,0.9999525075987842,0.9999525075987842,0.9999525075987842,0.3102273471794536,3.2758959575443885e-05,2030,source,full_method,single,G3_TCP_Control_Flags,0.9,0.9984764472253698,8.662714646666383e-06
0.9820879223321658,0.9951943970848794,0.9307148004979362,147488,2690,0.0001695053156866,0.9998304946843132,0.9992261695392192,0.9998944070958432,0.9995601766330642,0.0692851995020638,9.827687872633164e-05,2030,source,full_method,single,G3_TCP_Control_Flags,0.95,0.994177206936823,8.662714646666383e-06
0.0026102358534539,0.0032761675525691,0.0,392,149786,0.0,1.0,0.0,0.0,0.0,1.0,0.0,2030,source,ordinary_baseline,single,G4_Rate_Header_Flow_Context,0.8,0.99999313308112,0.0222518952433641
0.105454860232524,0.1323421254972754,6.551791915088777e-05,15837,134341,0.0001262865441687,0.9998737134558312,0.5,1.0,0.6666666666666666,0.9999344820808492,0.0,2030,source,ordinary_baseline,single,G4_Rate_Header_Flow_Context,0.9,0.999956403000435,0.0222518952433641
0.2710583440983366,0.336133119379534,0.0159863722728166,40707,109471,4.913159898788906e-05,0.999950868401012,0.9959183673469388,1.0,0.9979550102249488,0.9840136277271834,0.0,2030,source,ordinary_baseline,single,G4_Rate_Header_Flow_Context,0.95,0.9996618815646892,0.0222518952433641
0.5799118379522966,0.6323671982081369,0.3743038721090218,87090,63088,0.0,1.0,1.0,1.0,1.0,0.6256961278909782,0.0,2030,source,full_method,single,G4_Rate_Header_Flow_Context,0.8,0.9997990723404052,0.0012786503460563
0.7766983179959781,0.8283605790124695,0.5741990434383804,116643,33535,0.0001028780123968,0.9998971219876032,1.0,0.9993153811045185,0.9996575733363772,0.4258009565616196,0.0003931075149053,2030,source,full_method,single,G4_Rate_Header_Flow_Context,0.9,0.9984764472253698,0.0012786503460563
0.8570363169039407,0.9145856316651624,0.6314617047762563,128708,21470,0.0004040152904248,0.9995959847095752,0.999947987100801,0.9973542228678148,0.9986494208093086,0.3685382952237437,0.0016707069383476,2030,source,full_method,single,G4_Rate_Header_Flow_Context,0.95,0.994177206936823,0.0012786503460563
0.5260757234748099,0.6559104737070839,0.0171656948175325,79005,71173,0.0066324916144547,0.9933675083855452,0.0,0.0,0.0,0.9828343051824674,0.0171656948175325,2030,source,ordinary_baseline,pairwise_unseen,G1_Packet_Byte_Magnitude+G2_Temporal_Activity,0.8,0.99999313308112,0.0285047282146083
0.7575543688156721,0.9045732624611372,0.1812880822905064,113768,36410,0.048642852120104,0.951357147879896,0.0,0.0,0.0,0.8187119177094936,0.1812880822905064,2030,source,ordinary_baseline,pairwise_unseen,G1_Packet_Byte_Magnitude+G2_Temporal_Activity,0.9,0.999956403000435,0.0285047282146083
0.8303080344657673,0.9709072978303748,0.2792046124615082,124694,25484,0.0683513240412529,0.931648675958747,0.0,0.0,0.0,0.7207953875384918,0.2792046124615082,2030,source,ordinary_baseline,pairwise_unseen,G1_Packet_Byte_Magnitude+G2_Temporal_Activity,0.95,0.9996618815646892,0.0285047282146083
0.5806975722143057,0.7288386320328955,3.2758959575443885e-05,87208,62970,1.1466837904779376e-05,0.9999885331620952,0.0,0.0,0.0,0.9999672410404246,3.2758959575443885e-05,2030,source,full_method,pairwise_unseen,G1_Packet_Byte_Magnitude+G2_Temporal_Activity,0.8,0.9997990723404052,0.0001368578619316
0.7064283716656234,0.8683766255474209,0.0716438445914957,106090,44088,1.8851918182675087e-05,0.9999811480818174,1.0,0.9990855052583448,0.9995425434583716,0.9283561554085042,6.551791915088777e-05,2030,source,full_method,pairwise_unseen,G1_Packet_Byte_Magnitude+G2_Temporal_Activity,0.9,0.9984764472253698,0.0001368578619316
0.8078080677595919,0.9095627319225754,0.4089628513398414,121315,28863,5.770102625396695e-05,0.999942298973746,1.0,0.99943928228132,0.9997195625175274,0.5910371486601586,0.0002293127170281,2030,source,full_method,pairwise_unseen,G1_Packet_Byte_Magnitude+G2_Temporal_Activity,0.95,0.994177206936823,0.0001368578619316
0.6392347747339824,0.8021178083107678,0.0007862150298106,95999,54179,0.0002500026041937,0.9997499973958062,0.0,0.0,0.0,0.9992137849701892,0.0007862150298106,2030,source,ordinary_baseline,pairwise_unseen,G1_Packet_Byte_Magnitude+G3_TCP_Control_Flags,0.8,0.99999313308112,0.0166133761806463
0.7502363861550959,0.9358222177648514,0.0228002358645089,112669,37509,0.006177386858852,0.993822613141148,0.0,0.0,0.0,0.977199764135491,0.0228002358645089,2030,source,ordinary_baseline,pairwise_unseen,G1_Packet_Byte_Magnitude+G3_TCP_Control_Flags,0.9,0.999956403000435,0.0166133761806463
0.8175365233256535,0.98354394410457,0.1668413811177357,122776,27402,0.0414820486088486,0.9585179513911514,0.0,0.0,0.0,0.8331586188822643,0.1668413811177357,2030,source,ordinary_baseline,pairwise_unseen,G1_Packet_Byte_Magnitude+G3_TCP_Control_Flags,0.95,0.9996618815646892,0.0166133761806463
0.7036183728642011,0.8143115033597432,0.2697372731442049,105668,44510,0.0,1.0,1.0,1.0,1.0,0.7302627268557951,0.0,2030,source,full_method,pairwise_unseen,G1_Packet_Byte_Magnitude+G3_TCP_Control_Flags,0.8,0.9997990723404052,2.3034451659728813e-05
0.8109842986322897,0.929403603784308,0.3468191050252244,121792,28386,1.6421439831844456e-05,0.9999835785601682,1.0,0.9998110890715028,0.9999055356130738,0.6531808949747756,6.551791915088777e-05,2030,source,full_method,pairwise_unseen,G1_Packet_Byte_Magnitude+G3_TCP_Control_Flags,0.9,0.9984764472253698,2.3034451659728813e-05
0.8671776158958037,0.9658676829472136,0.4803446242547337,130231,19947,3.8393316491465166e-05,0.9999616066835084,1.0,0.999659005660506,0.9998294737560112,0.5196553757452663,0.0001637947978772,2030,source,full_method,pairwise_unseen,G1_Packet_Byte_Magnitude+G3_TCP_Control_Flags,0.95,0.994177206936823,2.3034451659728813e-05
0.0,0.0,0.0,0,150178,,,,,,1.0,0.0,2030,source,ordinary_baseline,pairwise_unseen,G1_Packet_Byte_Magnitude+G4_Rate_Header_Flow_Context,0.8,0.99999313308112,0.0539068459464977
0.0020242645394132,0.0025407013672984,0.0,304,149874,0.0,1.0,0.0,0.0,0.0,1.0,0.0,2030,source,ordinary_baseline,pairwise_unseen,G1_Packet_Byte_Magnitude+G4_Rate_Header_Flow_Context,0.9,0.999956403000435,0.0539068459464977
0.1463197006219286,0.1832397285461171,0.0016051890191967,21974,128204,0.0022299080731773,0.9977700919268226,0.0,0.0,0.0,0.9983948109808032,0.0016051890191967,2030,source,ordinary_baseline,pairwise_unseen,G1_Packet_Byte_Magnitude+G4_Rate_Header_Flow_Context,0.95,0.9996618815646892,0.0539068459464977
0.0,0.0,0.0,0,150178,,,,,,1.0,0.0,2030,source,full_method,pairwise_unseen,G1_Packet_Byte_Magnitude+G4_Rate_Header_Flow_Context,0.8,0.9997990723404052,0.023426905456194
0.0072647125411178,0.0091181091832982,0.0,1091,149087,0.0,1.0,0.0,0.0,0.0,1.0,0.0,2030,source,full_method,pairwise_unseen,G1_Packet_Byte_Magnitude+G4_Rate_Header_Flow_Context,0.9,0.9984764472253698,0.023426905456194
0.0816497755996217,0.1024805268612309,0.0,12262,137916,0.0,1.0,0.0,0.0,0.0,1.0,0.0,2030,source,full_method,pairwise_unseen,G1_Packet_Byte_Magnitude+G4_Rate_Header_Flow_Context,0.95,0.994177206936823,0.023426905456194
0.722615829215997,0.8826597131681877,0.0952958134049662,108521,41657,0.0,1.0,1.0,1.0,1.0,0.9047041865950336,0.0,2030,source,ordinary_baseline,pairwise_unseen,G2_Temporal_Activity+G3_TCP_Control_Flags,0.8,0.99999313308112,0.0010784389429197
0.7906750655888346,0.93128405709892,0.2395335124156457,118742,31436,8.421619982819896e-06,0.9999915783800172,1.0,0.999863238512035,0.9999316145797716,0.7604664875843543,3.2758959575443885e-05,2030,source,ordinary_baseline,pairwise_unseen,G2_Temporal_Activity+G3_TCP_Control_Flags,0.9,0.999956403000435,0.0010784389429197
0.8480336667154976,0.9606274863771604,0.4067024831291358,127356,22822,0.0002983762052828,0.9997016237947172,0.9999192180305356,0.9970197341925092,0.9984673711381786,0.5932975168708642,0.0012120815042914,2030,source,ordinary_baseline,pairwise_unseen,G2_Temporal_Activity+G3_TCP_Control_Flags,0.95,0.9996618815646892,0.0010784389429197
0.80809439465168,0.8834954701969043,0.512546681517395,121358,28820,1.648016612007449e-05,0.99998351983388,0.9999360859005496,0.9999360859005496,0.9999360859005496,0.487453318482605,3.2758959575443885e-05,2030,source,full_method,pairwise_unseen,G2_Temporal_Activity+G3_TCP_Control_Flags,0.8,0.9997990723404052,2.3942168514771404e-05
0.920860578779848,0.9672550396148832,0.7390093690624385,138293,11885,2.169307195591968e-05,0.999978306928044,0.9999556698288856,0.999911343587925,0.9999335062171688,0.2609906309375614,6.551791915088777e-05,2030,source,full_method,pairwise_unseen,G2_Temporal_Activity+G3_TCP_Control_Flags,0.9,0.9984764472253698,2.3942168514771404e-05
0.946083980343326,0.9843964162738608,0.7959116818449846,142081,8097,5.6305910009079326e-05,0.999943694089991,0.9997942217466458,0.9998765228844254,0.9998353706218874,0.2040883181550154,9.827687872633164e-05,2030,source,full_method,pairwise_unseen,G2_Temporal_Activity+G3_TCP_Control_Flags,0.95,0.994177206936823,2.3942168514771404e-05
0.0,0.0,0.0,0,150178,,,,,,1.0,0.0,2030,source,ordinary_baseline,pairwise_unseen,G2_Temporal_Activity+G4_Rate_Header_Flow_Context,0.8,0.99999313308112,0.0113983882764775
2.663505972912144e-05,3.343028114866446e-05,0.0,4,150174,0.0,1.0,0.0,0.0,0.0,1.0,0.0,2030,source,ordinary_baseline,pairwise_unseen,G2_Temporal_Activity+G4_Rate_Header_Flow_Context,0.9,0.999956403000435,0.0113983882764775
0.1392680685586437,0.1747985825560793,0.0,20915,129263,0.0,1.0,0.0,0.0,0.0,1.0,0.0,2030,source,ordinary_baseline,pairwise_unseen,G2_Temporal_Activity+G4_Rate_Header_Flow_Context,0.95,0.9996618815646892,0.0113983882764775
0.4450851656034839,0.5341323170527864,0.0960492694752014,66842,83336,1.4960653481344066e-05,0.9999850393465186,1.0,0.9996589358799456,0.9998294388538292,0.9039507305247986,3.2758959575443885e-05,2030,source,full_method,pairwise_unseen,G2_Temporal_Activity+G4_Rate_Header_Flow_Context,0.8,0.9997990723404052,0.0021179712522783
0.6274154669791847,0.7263898639387557,0.2394679944964947,94224,55954,5.306503650874512e-05,0.9999469349634912,1.0,0.9993160054719562,0.9996578857338352,0.7605320055035052,0.0001637947978772,2030,source,full_method,pairwise_unseen,G2_Temporal_Activity+G4_Rate_Header_Flow_Context,0.9,0.9984764472253698,0.0021179712522783
0.7651653371332685,0.8596680373081937,0.3947454628840988,114911,35267,0.000609167094534,0.999390832905466,0.999916541478885,0.9942738589211618,0.9970872170439414,0.6052545371159012,0.0022603682107056,2030,source,full_method,pairwise_unseen,G2_Temporal_Activity+G4_Rate_Header_Flow_Context,0.95,0.994177206936823,0.0021179712522783
0.0027167760923703,0.0034098886771637,0.0,408,149770,0.0,1.0,0.0,0.0,0.0,1.0,0.0,2030,source,ordinary_baseline,pairwise_unseen,G3_TCP_Control_Flags+G4_Rate_Header_Flow_Context,0.8,0.99999313308112,0.0252604996793541
0.1048089600340928,0.1315314411794203,6.551791915088777e-05,15740,134438,0.0001270648030495,0.9998729351969504,0.5,1.0,0.6666666666666666,0.9999344820808492,0.0,2030,source,ordinary_baseline,pairwise_unseen,G3_TCP_Control_Flags+G4_Rate_Header_Flow_Context,0.9,0.999956403000435,0.0252604996793541
0.2670697439039007,0.3313191588941263,0.0152329162025814,40108,110070,0.0012217014062032,0.9987782985937969,0.9046692607003892,1.0,0.9499489274770172,0.9847670837974186,0.0,2030,source,ordinary_baseline,pairwise_unseen,G3_TCP_Control_Flags+G4_Rate_Header_Flow_Context,0.95,0.9996618815646892,0.0252604996793541
0.5741919588754678,0.6260572326413265,0.3708969403131756,86231,63947,1.1596757546589974e-05,0.9999884032424534,1.0,0.9999116763822646,0.9999558362407808,0.6291030596868243,3.2758959575443885e-05,2030,source,full_method,pairwise_unseen,G3_TCP_Control_Flags+G4_Rate_Header_Flow_Context,0.8,0.9997990723404052,0.0015428816774795
0.7380708226238197,0.8185487914953364,0.4226233374828015,110842,39336,4.5109254614676746e-05,0.9999548907453852,1.0,0.9996124331447176,0.9998061790130636,0.5773766625171984,0.0001637947978772,2030,source,full_method,pairwise_unseen,G3_TCP_Control_Flags+G4_Rate_Header_Flow_Context,0.9,0.9984764472253698,0.0015428816774795
0.8419808493920548,0.8994667870156788,0.6166546550481556,126447,23731,0.0003400634257831,0.9996599365742168,0.9999467603684182,0.9977688057798556,0.998856595846518,0.3833453449518443,0.0013758763021686,2030,source,full_method,pairwise_unseen,G3_TCP_Control_Flags+G4_Rate_Header_Flow_Context,0.95,0.994177206936823,0.0015428816774795
0.6049974828427963,0.6707120939965521,0.282362335127462,604479,394664,0.0789754482786002,0.9210245517213996,0.0,0.0,0.0,0.717637664872538,0.282362335127462,2030,target,ordinary_baseline,complete,,0.8,0.99999313308112,0.0614057722257102
0.6918268956495717,0.7619944269961798,0.3473295084876087,691234,307909,0.0849538651165885,0.9150461348834114,0.0,0.0,0.0,0.6526704915123913,0.3473295084876087,2030,target,ordinary_baseline,complete,,0.9,0.999956403000435,0.0614057722257102
0.7923970843012461,0.8752844629327782,0.3854498136866386,791718,207425,0.0819281612897521,0.918071838710248,1.0,0.004664866191996,0.0092864125122189,0.6145501863133613,0.3836517418820607,2030,target,ordinary_baseline,complete,,0.95,0.9996618815646892,0.0614057722257102
0.7929795835030621,0.8830416120027997,0.350807357899095,792300,206843,0.0745058689890193,0.9254941310109808,1.0,0.0047208780833234,0.0093973922236579,0.649192642100905,0.3491512391317206,2030,target,full_method,complete,,0.8,0.9997990723404052,0.0581311914112963
0.8639353926314852,0.956818255743772,0.4079138818240965,863195,135948,0.0792648242865169,0.9207351757134832,1.0,0.0079024446828872,0.0156809713570514,0.5920861181759035,0.4046903649375998,2030,target,full_method,complete,,0.9,0.9984764472253698,0.0581311914112963
0.8993387332944334,0.9931319293604296,0.438847814514698,898568,100575,0.081520819793271,0.9184791802067288,0.9978902953586498,0.0127500134778155,0.0251783242840413,0.561152185485302,0.4332524989649258,2030,target,full_method,complete,,0.95,0.994177206936823,0.0581311914112963
0.4009696309737445,0.4246843349922236,0.2845389483645827,400626,598517,0.1200795754643982,0.8799204245356018,0.0,0.0,0.0,0.7154610516354173,0.2845389483645827,2030,target,ordinary_baseline,single,G1_Packet_Byte_Magnitude,0.8,0.99999313308112,0.0999431907026031
0.6591588991765943,0.7223304456355043,0.3490092860945171,658594,340549,0.0895954108297373,0.9104045891702628,0.0,0.0,0.0,0.6509907139054829,0.3490092860945171,2030,target,ordinary_baseline,single,G1_Packet_Byte_Magnitude,0.9,0.999956403000435,0.0999431907026031
0.8543661918263952,0.926157097026406,0.5018986218725972,853634,145509,0.0994056000581045,0.9005943999418955,0.0,0.0,0.0,0.4981013781274028,0.5018986218725972,2030,target,ordinary_baseline,single,G1_Packet_Byte_Magnitude,0.95,0.9996618815646892,0.0999431907026031
0.5616092991693882,0.6317661217748318,0.2171644880818596,561128,438015,0.0654324859925008,0.9345675140074992,0.0,0.0,0.0,0.7828355119181404,0.2171644880818596,2030,target,full_method,single,G1_Packet_Byte_Magnitude,0.8,0.9997990723404052,0.0589860443493553
0.7370446472627041,0.8286235066072503,0.287425326787721,736413,262730,0.0659045942969502,0.9340954057030498,1.0,0.0012758514250437,0.002548451404731,0.712574673212279,0.2870586147749452,2030,target,full_method,single,G1_Packet_Byte_Magnitude,0.9,0.9984764472253698,0.0589860443493553
0.7791657450435023,0.8777962902058012,0.294925178919974,778498,220645,0.0633874460820708,0.9366125539179292,0.9640287769784172,0.0107494535025971,0.0212618258989666,0.7050748210800261,0.2917548944224286,2030,target,full_method,single,G1_Packet_Byte_Magnitude,0.95,0.994177206936823,0.0589860443493553
0.6651950721768556,0.7309296893164818,0.3424617022535045,664625,334518,0.0871167951852548,0.9128832048147452,0.0,0.0,0.0,0.6575382977464955,0.3424617022535045,2030,target,ordinary_baseline,single,G2_Temporal_Activity,0.8,0.99999313308112,0.0499815912498845
0.8157420909719629,0.9105367841141684,0.3503341811084166,815043,184100,0.0726722393787812,0.9273277606212188,0.0,0.0,0.0,0.6496658188915834,0.3503341811084166,2030,target,ordinary_baseline,single,G2_Temporal_Activity,0.9,0.999956403000435,0.0499815912498845
0.8867969850161589,0.960303491379674,0.5259064292896434,886037,113106,0.1003513397296049,0.899648660270395,0.0,0.0,0.0,0.4740935707103567,0.5259064292896434,2030,target,ordinary_baseline,single,G2_Temporal_Activity,0.95,0.9996618815646892,0.0499815912498845
0.7902142135810389,0.8804454547973491,0.347211214289939,789537,209606,0.0743511703694697,0.9256488296305304,0.0,0.0,0.0,0.6527887857100609,0.347211214289939,2030,target,full_method,single,G2_Temporal_Activity,0.8,0.9997990723404052,0.0480054195933426
0.8527107731325746,0.9538329761358338,0.3562370615721298,851980,147163,0.0706929740134744,0.9293070259865256,0.0,0.0,0.0,0.6437629384278701,0.3562370615721298,2030,target,full_method,single,G2_Temporal_Activity,0.9,0.9984764472253698,0.0480054195933426
0.908270387722278,0.979995735314846,0.5561246820843437,907492,91651,0.1034400303253362,0.8965599696746638,1.0,0.0016272441078873,0.0032492009726366,0.4438753179156562,0.5552197314721713,2030,target,full_method,single,G2_Temporal_Activity,0.95,0.994177206936823,0.0480054195933426
0.6175282216859849,0.6851505831414827,0.2855267049151239,616999,382144,0.0782399971474832,0.9217600028525168,0.0,0.0,0.0,0.7144732950848761,0.2855267049151239,2030,target,ordinary_baseline,single,G3_TCP_Control_Flags,0.8,0.99999313308112,0.0687026708441646
0.7167732746964148,0.7906581710283312,0.3540249600757083,716159,282984,0.08357780883854,0.91642219116146,0.0,0.0,0.0,0.6459750399242917,0.3540249600757083,2030,target,ordinary_baseline,single,G3_TCP_Control_Flags,0.9,0.999956403000435,0.0687026708441646
0.8208724877219777,0.9010846034023514,0.427059797716922,820169,178974,0.0879757708472278,0.912024229152772,1.0,0.0006647923216486,0.0013287013328535,0.5729402022830781,0.4267758916425149,2030,target,ordinary_baseline,single,G3_TCP_Control_Flags,0.95,0.9996618815646892,0.0687026708441646
0.7937462405281326,0.8842354829033109,0.349476548175312,793066,206077,0.074440210524723,0.925559789475277,1.0,0.0008462241478522,0.0016910173160173,0.650523451824688,0.349180812681138,2030,target,full_method,single,G3_TCP_Control_Flags,0.8,0.9997990723404052,0.0559671148502784
0.8693300158235608,0.9628876014519204,0.4099958597030815,868585,130558,0.0792127425640553,0.9207872574359448,1.0,0.007429527684007,0.0147494737445047,0.5900041402969184,0.4069497841130892,2030,target,full_method,single,G3_TCP_Control_Flags,0.9,0.9984764472253698,0.0559671148502784
0.9057422210834686,0.9949727313139928,0.4676524516472467,904966,94177,0.086344680352632,0.913655319647368,0.9989235737351992,0.0117370298231856,0.0232014500906306,0.5323475483527533,0.462163600875377,2030,target,full_method,single,G3_TCP_Control_Flags,0.95,0.994177206936823,0.0559671148502784
0.001914640847206,0.0022829317421479,0.0001064647779026,1913,997230,0.0094093047569262,0.9905906952430736,0.0,0.0,0.0,0.9998935352220972,0.0001064647779026,2030,target,ordinary_baseline,single,G4_Rate_Header_Flow_Context,0.8,0.99999313308112,0.0809825327093529
0.1112043020868884,0.1324618437173598,0.0068374046253031,111109,888034,0.0104041976797559,0.989595802320244,0.0,0.0,0.0,0.9931625953746968,0.0068374046253031,2030,target,ordinary_baseline,single,G4_Rate_Header_Flow_Context,0.9,0.999956403000435,0.0809825327093529
0.3072623238115065,0.3586311083483019,0.0550600343053173,306999,692144,0.0292899976872888,0.9707100023127112,1.0,0.0340530669244816,0.0658632869312279,0.9449399656946826,0.053185071272254,2030,target,ordinary_baseline,single,G4_Rate_Header_Flow_Context,0.95,0.9996618815646892,0.0809825327093529
0.451397847955698,0.5259284424381951,0.085479387236056,451011,548132,0.0320435643476544,0.9679564356523456,0.0,0.0,0.0,0.914520612763944,0.085479387236056,2030,target,full_method,single,G4_Rate_Header_Flow_Context,0.8,0.9997990723404052,0.0509125858879111
0.7504611452014376,0.8381467654049704,0.3199562311468622,749818,249325,0.0721441736528064,0.9278558263471935,0.0,0.0,0.0,0.6800437688531378,0.3199562311468622,2030,target,full_method,single,G4_Rate_Header_Flow_Context,0.9,0.9984764472253698,0.0509125858879111
0.8645619295736446,0.9331914181041908,0.5276157804459691,863821,135322,0.1032621341690002,0.8967378658309997,1.0,4.4841038518452086e-05,8.96780557797507e-05,0.4723842195540308,0.5275921216064352,2030,target,full_method,single,G4_Rate_Header_Flow_Context,0.95,0.994177206936823,0.0509125858879111
0.574181073179715,0.6225344036006472,0.3367835807653634,573689,425454,0.0992523823883672,0.9007476176116328,0.0,0.0,0.0,0.6632164192346366,0.3367835807653634,2030,target,ordinary_baseline,pairwise_unseen,G1_Packet_Byte_Magnitude+G2_Temporal_Activity,0.8,0.99999313308112,0.0985214080136569
0.8154308242163534,0.8793973542086058,0.5013781274028509,814732,184411,0.1040440292022407,0.8959559707977592,0.0,0.0,0.0,0.4986218725971491,0.5013781274028509,2030,target,ordinary_baseline,pairwise_unseen,G1_Packet_Byte_Magnitude+G2_Temporal_Activity,0.9,0.999956403000435,0.0985214080136569
0.8950530604728252,0.9469347876632536,0.6403324066954516,894286,104857,0.121058587521218,0.878941412478782,0.0,0.0,0.0,0.3596675933045484,0.6403324066954516,2030,target,ordinary_baseline,pairwise_unseen,G1_Packet_Byte_Magnitude+G2_Temporal_Activity,0.95,0.9996618815646892,0.0985214080136569
0.4937241215721873,0.5880181622580183,0.0307742355237475,493301,505842,0.0105473128982102,0.9894526871017898,0.0,0.0,0.0,0.9692257644762524,0.0307742355237475,2030,target,full_method,pairwise_unseen,G1_Packet_Byte_Magnitude+G2_Temporal_Activity,0.8,0.9997990723404052,0.0411368700301272
0.7155932634267568,0.803223330960048,0.2853610930383864,714980,284163,0.0674788105961005,0.9325211894038994,0.0,0.0,0.0,0.7146389069616136,0.2853610930383864,2030,target,full_method,pairwise_unseen,G1_Packet_Byte_Magnitude+G2_Temporal_Activity,0.9,0.9984764472253698,0.0411368700301272
0.7565743842473,0.8520118110093932,0.2880108830661856,755926,243217,0.0644163582149575,0.9355836417850424,0.0,0.0,0.0,0.7119891169338144,0.2880108830661856,2030,target,full_method,pairwise_unseen,G1_Packet_Byte_Magnitude+G2_Temporal_Activity,0.95,0.994177206936823,0.0411368700301272
0.4258389439749865,0.4566995914817131,0.2743242443958124,425474,573669,0.109007835966475,0.890992164033525,0.0,0.0,0.0,0.7256757556041876,0.2743242443958124,2030,target,ordinary_baseline,pairwise_unseen,G1_Packet_Byte_Magnitude+G3_TCP_Control_Flags,0.8,0.99999313308112,0.1069002303498113
0.7016723331895435,0.7615968716004496,0.407464363872952,701071,298072,0.0982639418832044,0.9017360581167956,0.0,0.0,0.0,0.592535636127048,0.407464363872952,2030,target,ordinary_baseline,pairwise_unseen,G1_Packet_Byte_Magnitude+G3_TCP_Control_Flags,0.9,0.999956403000435,0.1069002303498113
0.8927300696697069,0.964311572596627,0.5412905896965754,891965,107178,0.1026004383580073,0.8973995616419926,0.0,0.0,0.0,0.4587094103034246,0.5412905896965754,2030,target,ordinary_baseline,pairwise_unseen,G1_Packet_Byte_Magnitude+G3_TCP_Control_Flags,0.95,0.9996618815646892,0.1069002303498113
0.5407604316899582,0.6081212134354448,0.2100431773821494,540297,458846,0.0657268132156943,0.9342731867843056,0.0,0.0,0.0,0.7899568226178506,0.2100431773821494,2030,target,full_method,pairwise_unseen,G1_Packet_Byte_Magnitude+G3_TCP_Control_Flags,0.8,0.9997990723404052,0.054641970127963
0.7315939760374641,0.8222915333952556,0.2863015319098598,730967,268176,0.0662013469828323,0.9337986530171676,1.0,0.000289226319595,0.0005782853838369,0.7136984680901401,0.2862187259714911,2030,target,full_method,pairwise_unseen,G1_Packet_Byte_Magnitude+G3_TCP_Control_Flags,0.9,0.9984764472253698,0.054641970127963
0.7786102690005334,0.8768457713960097,0.2963092210327083,777943,221200,0.0639057103155372,0.9360942896844628,1.0,0.0076252070982294,0.015135006636423,0.7036907789672917,0.2940498018572189,2030,target,full_method,pairwise_unseen,G1_Packet_Byte_Magnitude+G3_TCP_Control_Flags,0.95,0.994177206936823,0.054641970127963
0.0,0.0,0.0,0,999143,,,,,,1.0,0.0,2030,target,ordinary_baseline,pairwise_unseen,G1_Packet_Byte_Magnitude+G4_Rate_Header_Flow_Context,0.8,0.99999313308112,0.166775172276093
0.0045609086987548,0.0036165493878249,0.0091973738688117,4557,994586,0.3412332675005486,0.6587667324994514,0.0,0.0,0.0,0.9908026261311884,0.0091973738688117,2030,target,ordinary_baseline,pairwise_unseen,G1_Packet_Byte_Magnitude+G4_Rate_Header_Flow_Context,0.9,0.999956403000435,0.166775172276093
0.2075528728119998,0.1972453025215854,0.2581593422842609,207375,791768,0.2104737793851717,0.7895262206148282,0.0,0.0,0.0,0.741840657715739,0.2581593422842609,2030,target,ordinary_baseline,pairwise_unseen,G1_Packet_Byte_Magnitude+G4_Rate_Header_Flow_Context,0.95,0.9996618815646892,0.166775172276093
0.0,0.0,0.0,0,999143,,,,,,1.0,0.0,2030,target,full_method,pairwise_unseen,G1_Packet_Byte_Magnitude+G4_Rate_Header_Flow_Context,0.8,0.9997990723404052,0.2185997221426117
0.0031006572632746,0.003717745306738,7.097651860176259e-05,3098,996045,0.0038734667527437,0.9961265332472564,0.0,0.0,0.0,0.9999290234813982,7.097651860176259e-05,2030,target,full_method,pairwise_unseen,G1_Packet_Byte_Magnitude+G4_Rate_Header_Flow_Context,0.9,0.9984764472253698,0.2185997221426117
0.0652559243271483,0.038170136843386,0.1982374164547229,65200,933943,0.5140490797546012,0.4859509202453987,0.0,0.0,0.0,0.8017625835452771,0.1982374164547229,2030,target,full_method,pairwise_unseen,G1_Packet_Byte_Magnitude+G4_Rate_Header_Flow_Context,0.95,0.994177206936823,0.2185997221426117
0.726559661630017,0.8040762679908875,0.3459809546341752,725937,273206,0.0805786177037401,0.91942138229626,0.0,0.0,0.0,0.6540190453658248,0.3459809546341752,2030,target,ordinary_baseline,pairwise_unseen,G2_Temporal_Activity+G3_TCP_Control_Flags,0.8,0.99999313308112,0.0497017836445959
0.8500705104274363,0.9395378478760302,0.4108180043768853,849342,149801,0.0817774229933289,0.9182225770066712,0.0,0.0,0.0,0.5891819956231147,0.4108180043768853,2030,target,ordinary_baseline,pairwise_unseen,G2_Temporal_Activity+G3_TCP_Control_Flags,0.9,0.999956403000435,0.0497017836445959
0.9076418490646484,0.9626346116546376,0.6376471284083516,906864,92279,0.1188789057675682,0.8811210942324318,0.0,0.0,0.0,0.3623528715916484,0.6376471284083516,2030,target,ordinary_baseline,pairwise_unseen,G2_Temporal_Activity+G3_TCP_Control_Flags,0.95,0.9996618815646892,0.0497017836445959
0.7915223346407871,0.882191084398601,0.3463713254864849,790844,208299,0.0740487378041687,0.9259512621958312,0.0,0.0,0.0,0.6536286745135151,0.3463713254864849,2030,target,full_method,pairwise_unseen,G2_Temporal_Activity+G3_TCP_Control_Flags,0.8,0.9997990723404052,0.0469095119037141
0.8518550397690821,0.95324146189552,0.3540841071745431,851125,148018,0.0703363195770304,0.9296636804229697,0.0,0.0,0.0,0.6459158928254569,0.3540841071745431,2030,target,full_method,pairwise_unseen,G2_Temporal_Activity+G3_TCP_Control_Flags,0.9,0.9984764472253698,0.0469095119037141
0.9085886604820332,0.9803523304576828,0.5562548057017803,907810,91333,0.103428030094403,0.896571969905597,1.0,0.0016268634498011,0.0032484421278357,0.4437451942982197,0.5553498550896079,2030,target,full_method,pairwise_unseen,G2_Temporal_Activity+G3_TCP_Control_Flags,0.95,0.994177206936823,0.0469095119037141
0.0,0.0,0.0,0,999143,,,,,,1.0,0.0,2030,target,ordinary_baseline,pairwise_unseen,G2_Temporal_Activity+G4_Rate_Header_Flow_Context,0.8,0.99999313308112,0.0519487775646634
0.0,0.0,0.0,0,999143,,,,,,1.0,0.0,2030,target,ordinary_baseline,pairwise_unseen,G2_Temporal_Activity+G4_Rate_Header_Flow_Context,0.9,0.999956403000435,0.0519487775646634
0.0684987033888042,0.0814193450455562,0.005062991660259,68440,930703,0.0125073056691992,0.9874926943308008,0.0,0.0,0.0,0.994937008339741,0.005062991660259,2030,target,ordinary_baseline,pairwise_unseen,G2_Temporal_Activity+G4_Rate_Header_Flow_Context,0.95,0.9996618815646892,0.0519487775646634
0.4826996736202926,0.5628348350084872,0.0892648015614834,482286,516857,0.0312926354901448,0.9687073645098552,0.0,0.0,0.0,0.9107351984385166,0.0892648015614834,2030,target,full_method,pairwise_unseen,G2_Temporal_Activity+G4_Rate_Header_Flow_Context,0.8,0.9997990723404052,0.0448053762124824
0.6718197495253432,0.768028836018037,0.1994676761104867,671244,327899,0.050241044985132,0.949758955014868,0.0,0.0,0.0,0.8005323238895132,0.1994676761104867,2030,target,full_method,pairwise_unseen,G2_Temporal_Activity+G4_Rate_Header_Flow_Context,0.9,0.9984764472253698,0.0448053762124824
0.9049355297489948,0.9757792386934644,0.5571183533447684,904160,94983,0.1041762519907981,0.895823748009202,0.0,0.0,0.0,0.4428816466552315,0.5571183533447684,2030,target,full_method,pairwise_unseen,G2_Temporal_Activity+G4_Rate_Header_Flow_Context,0.95,0.994177206936823,0.0448053762124824
0.0019586785875495,0.0023359391282453,0.0001064647779026,1957,997186,0.0091977516607051,0.9908022483392948,0.0,0.0,0.0,0.9998935352220972,0.0001064647779026,2030,target,ordinary_baseline,pairwise_unseen,G3_TCP_Control_Flags+G4_Rate_Header_Flow_Context,0.8,0.99999313308112,0.0821631520316381
0.1105857720066096,0.131714921458715,0.00684923404507,110491,888652,0.0104804916237521,0.9895195083762478,0.0,0.0,0.0,0.99315076595493,0.00684923404507,2030,target,ordinary_baseline,pairwise_unseen,G3_TCP_Control_Flags+G4_Rate_Header_Flow_Context,0.9,0.999956403000435,0.0821631520316381
0.3052716177764344,0.3565288836042131,0.0536168450937481,305010,694133,0.0291105209665256,0.9708894790334744,1.0,0.0205184776613348,0.0402118689871365,0.9463831549062518,0.0525167090554208,2030,target,ordinary_baseline,pairwise_unseen,G3_TCP_Control_Flags+G4_Rate_Header_Flow_Context,0.95,0.9996618815646892,0.0821631520316381
0.4383626768140296,0.5121477267662001,0.0761045720707399,437987,561156,0.0293775842661996,0.9706224157338004,0.0,0.0,0.0,0.92389542792926,0.0761045720707399,2030,target,full_method,pairwise_unseen,G3_TCP_Control_Flags+G4_Rate_Header_Flow_Context,0.8,0.9997990723404052,0.0511711205838146
0.7546117022288101,0.840468247973371,0.3330868870881883,753965,245178,0.0746917960382776,0.9253082039617224,0.0,0.0,0.0,0.6669131129118117,0.3330868870881883,2030,target,full_method,pairwise_unseen,G3_TCP_Control_Flags+G4_Rate_Header_Flow_Context,0.9,0.9984764472253698,0.0511711205838146
0.8722815452843087,0.938242781056606,0.5484355592358194,871534,127609,0.1063882763036209,0.893611723696379,1.0,3.2354083085285365e-05,6.47060726649196e-05,0.4515644407641805,0.548417815106169,2030,target,full_method,pairwise_unseen,G3_TCP_Control_Flags+G4_Rate_Header_Flow_Context,0.95,0.994177206936823,0.0511711205838146
0.7808733636085179,0.866721826630562,0.4443752866408962,117270,32908,0.0,1.0,1.0,1.0,1.0,0.5556247133591037,0.0,2031,source,ordinary_baseline,complete,,0.8,0.999992119126319,5.0736639109340655e-06
0.879443060901064,0.9442299334737404,0.6254995741335255,132073,18105,0.0,1.0,1.0,1.0,1.0,0.3745004258664745,0.0,2031,source,ordinary_baseline,complete,,0.9,0.9999520255472624,5.0736639109340655e-06
0.9503655661947822,0.9858004880821049,0.8114721876433204,142724,7454,0.0,1.0,1.0,1.0,1.0,0.1885278123566795,0.0,2031,source,ordinary_baseline,complete,,0.95,0.9996069097575088,5.0736639109340655e-06
0.9022493307941244,0.9641209507571958,0.6597326868898644,135498,14680,0.0,1.0,1.0,1.0,1.0,0.3402673131101356,0.0,2031,source,full_method,complete,,0.8,0.999873190853904,1.2233658692877492e-05
0.9358028472878852,0.9917677932671414,0.7164384459149578,140537,9641,1.4231127745718209e-05,0.9999857688722544,0.9999542752629172,0.9999542752629172,0.9999542752629172,0.2835615540850422,3.2758959575443885e-05,2031,source,full_method,complete,,0.9,0.9987869076714836,1.2233658692877492e-05
0.9634300629919162,0.9961889479490522,0.8350258795780646,144686,5492,0.0002073455621138,0.9997926544378862,0.9990982513918294,0.9997253825029424,0.999411718566162,0.1649741204219354,0.0002293127170281,2031,source,full_method,complete,,0.95,0.994674236133652,1.2233658692877492e-05
0.5420367830174859,0.6803229365158961,0.0,81402,68776,0.0,1.0,0.0,0.0,0.0,1.0,0.0,2031,source,ordinary_baseline,single,G1_Packet_Byte_Magnitude,0.8,0.999992119126319,0.0142779565506192
0.7403547789955919,0.9286681375990372,0.0022276092511301,111185,38993,0.0006115932904618,0.999388406709538,0.0,0.0,0.0,0.9977723907488698,0.0022276092511301,2031,source,ordinary_baseline,single,G1_Packet_Byte_Magnitude,0.9,0.9999520255472624,0.0142779565506192
0.7900824355098617,0.9798916858890784,0.0460918561226495,118653,31525,0.0118581072539253,0.9881418927460748,0.0,0.0,0.0,0.9539081438773503,0.0460918561226495,2031,source,ordinary_baseline,single,G1_Packet_Byte_Magnitude,0.95,0.9996069097575088,0.0142779565506192
0.7244270132775773,0.8397352321733026,0.2724562667889668,108793,41385,0.0,1.0,1.0,1.0,1.0,0.7275437332110333,0.0,2031,source,full_method,single,G1_Packet_Byte_Magnitude,0.8,0.999873190853904,1.847824451297446e-05
0.8587942308460627,0.948634373015077,0.5066500687938151,128972,21206,7.753620940979438e-06,0.999992246379059,1.0,0.9999353420406052,0.999967669975106,0.4933499312061848,3.2758959575443885e-05,2031,source,full_method,single,G1_Packet_Byte_Magnitude,0.9,0.9987869076714836,1.847824451297446e-05
0.929124106060808,0.9822234479991976,0.7209919412959445,139534,10644,5.733369644674416e-05,0.9999426663035532,0.9999091115655532,0.999727384251897,0.99981823965102,0.2790080587040555,0.0001965537574526,2031,source,full_method,single,G1_Packet_Byte_Magnitude,0.95,0.994674236133652,1.847824451297446e-05
0.7046305051339078,0.8532159930465015,0.1222236781759811,105820,44358,0.0,1.0,1.0,1.0,1.0,0.8777763218240189,0.0,2031,source,ordinary_baseline,single,G2_Temporal_Activity,0.8,0.999992119126319,0.0003783919054281
0.8124492269173914,0.9199846220706716,0.3909454235733473,122012,28166,0.0,1.0,1.0,1.0,1.0,0.6090545764266527,0.0,2031,source,ordinary_baseline,single,G2_Temporal_Activity,0.9,0.9999520255472624,0.0003783919054281
0.8493787372318182,0.9612960920001338,0.41069907619734,127558,22620,3.919785509336929e-05,0.9999608021449068,0.9999202170097335,0.9996809444045625,0.9998005663914484,0.5893009238026601,0.0001310358383017,2031,source,ordinary_baseline,single,G2_Temporal_Activity,0.95,0.9996069097575088,0.0003783919054281
0.8159850310964323,0.8882007822685789,0.5329227543733212,122543,27635,8.160400838889206e-06,0.9999918395991612,0.9999385334070932,1.0,0.999969265758982,0.4670772456266789,0.0,2031,source,full_method,single,G2_Temporal_Activity,0.8,0.999873190853904,1.7204335732578206e-05
0.905046012065682,0.9708571524086518,0.6470877284937431,135918,14260,1.471475448432143e-05,0.9999852852455156,0.9999493747785146,0.9999493747785146,0.9999493747785146,0.352912271506257,3.2758959575443885e-05,2031,source,full_method,single,G2_Temporal_Activity,0.9,0.9987869076714836,1.7204335732578206e-05
0.9555727203718254,0.9852488884431518,0.8392517853632968,143506,6672,6.271514779869831e-05,0.9999372848522012,0.999843859786088,0.9998048323509896,0.9998243456876866,0.1607482146367031,0.0001637947978772,2031,source,full_method,single,G2_Temporal_Activity,0.95,0.994674236133652,1.7204335732578206e-05
0.7493907230086964,0.8693628188413065,0.2791390945423573,112542,37636,0.0,1.0,1.0,1.0,1.0,0.7208609054576427,0.0,2031,source,ordinary_baseline,single,G3_TCP_Control_Flags,0.8,0.999992119126319,1.0308880915231398e-05
0.8532275033626763,0.946962858957644,0.4858153705038328,128136,22042,0.0,1.0,1.0,1.0,1.0,0.5141846294961672,0.0,2031,source,ordinary_baseline,single,G3_TCP_Control_Flags,0.9,0.9999520255472624,1.0308880915231398e-05
0.9349771604362824,0.9852154581620032,0.7380593592347507,140413,9765,0.0,1.0,1.0,1.0,1.0,0.2619406407652493,0.0,2031,source,ordinary_baseline,single,G3_TCP_Control_Flags,0.95,0.9996069097575088,1.0308880915231398e-05
0.8930535764226452,0.9548022598870056,0.6510188036427963,134117,16061,0.0,1.0,1.0,1.0,1.0,0.3489811963572037,0.0,2031,source,full_method,single,G3_TCP_Control_Flags,0.8,0.999873190853904,1.039403227620077e-05
0.929077494706282,0.9889262193695048,0.6944899429994104,139527,10651,1.4334143212424836e-05,0.9999856658567876,0.9999528301886792,0.9999528301886792,0.9999528301886792,0.3055100570005896,3.2758959575443885e-05,2031,source,full_method,single,G3_TCP_Control_Flags,0.9,0.9987869076714836,1.039403227620077e-05
0.9577301602098842,0.9960552268244576,0.8075083535346917,143830,6348,0.0001112424389904,0.9998887575610096,0.999432325034466,0.9999188640973632,0.999675535366645,0.1924916464653082,6.551791915088777e-05,2031,source,full_method,single,G3_TCP_Control_Flags,0.95,0.994674236133652,1.039403227620077e-05
0.0078440250902262,0.0098452177982816,0.0,1178,149000,0.0,1.0,0.0,0.0,0.0,1.0,0.0,2031,source,ordinary_baseline,single,G4_Rate_Header_Flow_Context,0.8,0.999992119126319,0.0201447541748292
0.120703431927446,0.151489319025173,3.2758959575443885e-05,18127,132051,0.0001103326529486,0.9998896673470512,0.3333333333333333,1.0,0.5,0.9999672410404246,0.0,2031,source,ordinary_baseline,single,G4_Rate_Header_Flow_Context,0.9,0.9999520255472624,0.0201447541748292
0.3183821864720532,0.3732407314545515,0.1033545174605254,47814,102364,4.182875308487054e-05,0.9999581712469152,0.9993664871713652,1.0,0.9996831432192648,0.8966454825394745,0.0,2031,source,ordinary_baseline,single,G4_Rate_Header_Flow_Context,0.95,0.9996069097575088,0.0201447541748292
0.5837273102584932,0.641376658977702,0.3577605975234226,87663,62515,0.0,1.0,1.0,1.0,1.0,0.6422394024765773,0.0,2031,source,full_method,single,G4_Rate_Header_Flow_Context,0.8,0.999873190853904,0.0013872176475032
0.7746607359267003,0.8372948216494501,0.529155474022145,116337,33841,1.7191435226969924e-05,0.9999828085647732,1.0,0.99987618399059,0.9999380881624568,0.4708445259778549,6.551791915088777e-05,2031,source,full_method,single,G4_Rate_Header_Flow_Context,0.9,0.9987869076714836,0.0013872176475032
0.8648270718747086,0.9185136897001304,0.654392976479067,129878,20300,0.0004003757372303,0.9995996242627696,0.9998996386993176,0.9974969963956748,0.9986968724939856,0.345607023520933,0.0016379479787721,2031,source,full_method,single,G4_Rate_Header_Flow_Context,0.95,0.994674236133652,0.0013872176475032
0.4979024890463316,0.621903520208605,0.0118587433663106,74774,75404,0.0048412549816781,0.995158745018322,0.0,0.0,0.0,0.9881412566336892,0.0118587433663106,2031,source,ordinary_baseline,pairwise_unseen,G1_Packet_Byte_Magnitude+G2_Temporal_Activity,0.8,0.999992119126319,0.0283791735638832
0.7465207953228835,0.8993581386019457,0.1474480770490729,112111,38067,0.0401477107509521,0.959852289249048,0.0,0.0,0.0,0.8525519229509271,0.1474480770490729,2031,source,ordinary_baseline,pairwise_unseen,G1_Packet_Byte_Magnitude+G2_Temporal_Activity,0.9,0.9999520255472624,0.0283791735638832
0.8264326332751801,0.9671631063417244,0.2748149118783987,124112,26066,0.0675921748098491,0.9324078251901508,0.0,0.0,0.0,0.7251850881216012,0.2748149118783987,2031,source,ordinary_baseline,pairwise_unseen,G1_Packet_Byte_Magnitude+G2_Temporal_Activity,0.95,0.9996069097575088,0.0283791735638832
0.5885282797746674,0.7386754922608899,0.0,88384,61794,0.0,1.0,0.0,0.0,0.0,1.0,0.0,2031,source,full_method,pairwise_unseen,G1_Packet_Byte_Magnitude+G2_Temporal_Activity,0.8,0.999873190853904,8.130302105409177e-05
0.736818974816551,0.8694463945441782,0.2169625892681648,110654,39524,0.0,1.0,1.0,1.0,1.0,0.7830374107318352,0.0,2031,source,full_method,pairwise_unseen,G1_Packet_Byte_Magnitude+G2_Temporal_Activity,0.9,0.9987869076714836,8.130302105409177e-05
0.8030670271278083,0.905317086216695,0.4022800235864509,120603,29575,4.145833851562565e-05,0.9999585416614843,1.0,0.9995928338762216,0.9997963754836082,0.5977199764135491,0.0001637947978772,2031,source,full_method,pairwise_unseen,G1_Packet_Byte_Magnitude+G2_Temporal_Activity,0.95,0.994674236133652,8.130302105409177e-05
0.5614004714405572,0.7041670845451811,0.0018017427766494,84310,65868,0.0006523544063574,0.9993476455936424,0.0,0.0,0.0,0.9981982572233504,0.0018017427766494,2031,source,ordinary_baseline,pairwise_unseen,G1_Packet_Byte_Magnitude+G3_TCP_Control_Flags,0.8,0.999992119126319,0.0171211965425972
0.7522872857542383,0.9367916959181628,0.0290899561029941,112977,37201,0.0078600069040601,0.99213999309594,0.0,0.0,0.0,0.970910043897006,0.0290899561029941,2031,source,ordinary_baseline,pairwise_unseen,G1_Packet_Byte_Magnitude+G3_TCP_Control_Flags,0.9,0.9999520255472624,0.0171211965425972
0.8197938446376966,0.9844298465550096,0.1744742186988141,123115,27063,0.0432603663241684,0.9567396336758316,0.0,0.0,0.0,0.8255257813011859,0.1744742186988141,2031,source,ordinary_baseline,pairwise_unseen,G1_Packet_Byte_Magnitude+G3_TCP_Control_Flags,0.95,0.9996069097575088,0.0171211965425972
0.6985776878104649,0.8127987831377662,0.2508681124287493,104911,45267,0.0,1.0,1.0,1.0,1.0,0.7491318875712507,0.0,2031,source,full_method,pairwise_unseen,G1_Packet_Byte_Magnitude+G3_TCP_Control_Flags,0.8,0.999873190853904,1.5569119857814574e-05
0.8179959781059809,0.9328218500317588,0.3679158749918103,122845,27333,0.0,1.0,1.0,1.0,1.0,0.6320841250081898,0.0,2031,source,full_method,pairwise_unseen,G1_Packet_Byte_Magnitude+G3_TCP_Control_Flags,0.9,0.9987869076714836,1.5569119857814574e-05
0.893313268255004,0.9719519941162704,0.5850750180174278,134156,16022,2.2362026297742924e-05,0.9999776379737022,1.0,0.9998320268757,0.9999160063835149,0.4149249819825722,9.827687872633164e-05,2031,source,full_method,pairwise_unseen,G1_Packet_Byte_Magnitude+G3_TCP_Control_Flags,0.95,0.994674236133652,1.5569119857814574e-05
0.0,0.0,0.0,0,150178,,,,,,1.0,0.0,2031,source,ordinary_baseline,pairwise_unseen,G1_Packet_Byte_Magnitude+G4_Rate_Header_Flow_Context,0.8,0.999992119126319,0.0560004761517834
0.0011319900384876,0.0014207869488182,0.0,170,150008,0.0,1.0,0.0,0.0,0.0,1.0,0.0,2031,source,ordinary_baseline,pairwise_unseen,G1_Packet_Byte_Magnitude+G4_Rate_Header_Flow_Context,0.9,0.9999520255472624,0.0560004761517834
0.1437560761230007,0.1795623976197639,0.0034069317958461,21589,128589,0.0048172680531752,0.9951827319468248,0.0,0.0,0.0,0.9965930682041538,0.0034069317958461,2031,source,ordinary_baseline,pairwise_unseen,G1_Packet_Byte_Magnitude+G4_Rate_Header_Flow_Context,0.95,0.9996069097575088,0.0560004761517834
0.0,0.0,0.0,0,150178,,,,,,1.0,0.0,2031,source,full_method,pairwise_unseen,G1_Packet_Byte_Magnitude+G4_Rate_Header_Flow_Context,0.8,0.999873190853904,0.0249487400134894
0.0071648310671336,0.0089927456289907,0.0,1076,149102,0.0,1.0,0.0,0.0,0.0,1.0,0.0,2031,source,full_method,pairwise_unseen,G1_Packet_Byte_Magnitude+G4_Rate_Header_Flow_Context,0.9,0.9987869076714836,0.0249487400134894
0.1403534472426054,0.1761608665128873,0.0,21078,129100,0.0,1.0,0.0,0.0,0.0,1.0,0.0,2031,source,full_method,pairwise_unseen,G1_Packet_Byte_Magnitude+G4_Rate_Header_Flow_Context,0.95,0.994674236133652,0.0249487400134894
0.7234148810078707,0.8811553505164978,0.1051235012775994,108641,41537,0.0,1.0,1.0,1.0,1.0,0.8948764987224006,0.0,2031,source,ordinary_baseline,pairwise_unseen,G2_Temporal_Activity+G3_TCP_Control_Flags,0.8,0.999992119126319,0.0017879344763961
0.7936914861031575,0.9355046300939392,0.2378300465177226,119195,30983,2.5168840974873107e-05,0.9999748311590252,1.0,0.999586776859504,0.9997933457325894,0.7621699534822775,9.827687872633164e-05,2031,source,ordinary_baseline,pairwise_unseen,G2_Temporal_Activity+G3_TCP_Control_Flags,0.9,0.9999520255472624,0.0017879344763961
0.8507970541623939,0.9645722595527028,0.4048352224333355,127771,22407,0.000320886586158,0.999679113413842,0.9999188245799172,0.9967632302961644,0.998338533857438,0.5951647775666645,0.0013103583830177,2031,source,ordinary_baseline,pairwise_unseen,G2_Temporal_Activity+G3_TCP_Control_Flags,0.95,0.9996069097575088,0.0017879344763961
0.7967744942668034,0.8823003376458396,0.4615409814584288,119658,30520,1.6714302428588143e-05,0.9999832856975714,0.9999290226417772,0.9999290226417772,0.9999290226417772,0.5384590185415711,3.2758959575443885e-05,2031,source,full_method,pairwise_unseen,G2_Temporal_Activity+G3_TCP_Control_Flags,0.8,0.999873190853904,1.80130174794554e-05
0.8984338584879277,0.9662688463209976,0.632542750442246,134925,15253,1.4823049842505096e-05,0.9999851769501577,0.999948210678958,0.999948210678958,0.999948210678958,0.367457249557754,3.2758959575443885e-05,2031,source,full_method,pairwise_unseen,G2_Temporal_Activity+G3_TCP_Control_Flags,0.9,0.9987869076714836,1.80130174794554e-05
0.9434071568405492,0.9841373315949588,0.7837581078424949,141679,8499,2.8232836200142576e-05,0.9999717671638,0.9998746186316714,0.9999582027168236,0.9999164089275264,0.216241892157505,3.2758959575443885e-05,2031,source,full_method,pairwise_unseen,G2_Temporal_Activity+G3_TCP_Control_Flags,0.95,0.994674236133652,1.80130174794554e-05
0.0,0.0,0.0,0,150178,,,,,,1.0,0.0,2031,source,ordinary_baseline,pairwise_unseen,G2_Temporal_Activity+G4_Rate_Header_Flow_Context,0.8,0.999992119126319,0.006206985456705
0.0019976294796841,0.0025072710861498,0.0,300,149878,0.0,1.0,0.0,0.0,0.0,1.0,0.0,2031,source,ordinary_baseline,pairwise_unseen,G2_Temporal_Activity+G4_Rate_Header_Flow_Context,0.9,0.9999520255472624,0.006206985456705
0.3070156747326505,0.385342493230368,0.0,46107,104071,0.0,1.0,0.0,0.0,0.0,1.0,0.0,2031,source,ordinary_baseline,pairwise_unseen,G2_Temporal_Activity+G4_Rate_Header_Flow_Context,0.95,0.9996069097575088,0.006206985456705
0.4175644901383691,0.524053087286464,0.0001637947978772,62709,87469,0.0,1.0,1.0,1.0,1.0,0.9998362052021228,0.0,2031,source,full_method,pairwise_unseen,G2_Temporal_Activity+G4_Rate_Header_Flow_Context,0.8,0.999873190853904,0.0024280183093488
0.6149103064363621,0.7190268445157624,0.2068073117997772,92346,57832,3.248651809499058e-05,0.999967513481905,1.0,0.9995247901156344,0.9997623385882912,0.7931926882002227,9.827687872633164e-05,2031,source,full_method,pairwise_unseen,G2_Temporal_Activity+G4_Rate_Header_Flow_Context,0.9,0.9987869076714836,0.0024280183093488
0.7632010014782458,0.8575870023066894,0.3932385507436284,114616,35562,0.0006194597612898,0.99938054023871,0.9999162128194388,0.994168610463179,0.997034128409708,0.6067614492563717,0.002293127170281,2031,source,full_method,pairwise_unseen,G2_Temporal_Activity+G4_Rate_Header_Flow_Context,0.95,0.994674236133652,0.0024280183093488
0.0074178641345603,0.009310333299903,0.0,1114,149064,0.0,1.0,0.0,0.0,0.0,1.0,0.0,2031,source,ordinary_baseline,pairwise_unseen,G3_TCP_Control_Flags+G4_Rate_Header_Flow_Context,0.8,0.999992119126319,0.0222207214343243
0.1182530064323669,0.1484053755892087,6.551791915088777e-05,17759,132419,0.0001126189537699,0.99988738104623,0.5,1.0,0.6666666666666666,0.9999344820808492,0.0,2031,source,ordinary_baseline,pairwise_unseen,G3_TCP_Control_Flags+G4_Rate_Header_Flow_Context,0.9,0.9999520255472624,0.0222207214343243
0.3070756036170411,0.3626934777521479,0.0890716110856319,46116,104062,4.336889582791222e-05,0.999956631104172,0.9992649761117236,1.0,0.9996323529411764,0.910928388914368,0.0,2031,source,ordinary_baseline,pairwise_unseen,G3_TCP_Control_Flags+G4_Rate_Header_Flow_Context,0.95,0.9996069097575088,0.0222207214343243
0.5669605401590113,0.6236335372580484,0.3448208084911223,85145,65033,1.1744670855599272e-05,0.9999882553291444,1.0,0.9999049971499144,0.9999524963184648,0.6551791915088777,3.2758959575443885e-05,2031,source,full_method,pairwise_unseen,G3_TCP_Control_Flags+G4_Rate_Header_Flow_Context,0.8,0.999873190853904,0.0022784444087911
0.7486382825713487,0.8283522214421823,0.4361855467470353,112429,37749,2.6683506924370046e-05,0.9999733164930756,1.0,0.9997746901990237,0.9998873324069554,0.5638144532529646,9.827687872633164e-05,2031,source,full_method,pairwise_unseen,G3_TCP_Control_Flags+G4_Rate_Header_Flow_Context,0.9,0.9987869076714836,0.0022784444087911
0.8302947169359027,0.8894794905225153,0.5983096376859071,124692,25486,0.0001283161710454,0.9998716838289544,0.999945205479452,0.9991787122207622,0.9995618119077614,0.4016903623140929,0.0004913843936316,2031,source,full_method,pairwise_unseen,G3_TCP_Control_Flags+G4_Rate_Header_Flow_Context,0.95,0.994674236133652,0.0022784444087911
0.594447441457329,0.6565880350282445,0.2893594369196191,593938,405205,0.0823688667840751,0.9176311332159248,0.0,0.0,0.0,0.7106405630803809,0.2893594369196191,2031,target,ordinary_baseline,complete,,0.8,0.999992119126319,0.0702923479396075
0.6855525185083616,0.754401118937732,0.347530608623647,684965,314178,0.0857810253078624,0.9142189746921376,0.0,0.0,0.0,0.652469391376353,0.347530608623647,2031,target,ordinary_baseline,complete,,0.9,0.9999520255472624,0.0702923479396075
0.7840309144937211,0.8607628485687403,0.407304666706098,783359,215784,0.0877630818054046,0.9122369181945952,1.0,0.0016409392562043,0.0032765019717003,0.5926953332939019,0.4066363044892648,2031,target,ordinary_baseline,complete,,0.95,0.9996069097575088,0.0702923479396075
0.7133833695477024,0.7879981640168997,0.3470515171230851,712772,286371,0.0822310640709792,0.9177689359290208,1.0,0.0010907355647965,0.0021790943139257,0.6529484828769149,0.3466729756905424,2031,target,full_method,complete,,0.8,0.999873190853904,0.0633183983953916
0.8536395691107279,0.9508717907943036,0.3762642692375939,852908,146235,0.0739118404329658,0.9260881595670342,1.0,0.0090387487227855,0.0179155631718336,0.6237357307624061,0.3728633110545927,2031,target,full_method,complete,,0.9,0.9987869076714836,0.0633183983953916
0.8931384196256191,0.9853482765973596,0.4404211273437038,892373,106770,0.0824106063271748,0.9175893936728252,0.9637462235649548,0.012852193064919,0.0253661122523358,0.5595788726562962,0.4347607499852132,2031,target,full_method,complete,,0.95,0.994674236133652,0.0633183983953916
0.3166073324839387,0.3336995661827333,0.2326906015259951,316336,682807,0.1243645996661777,0.8756354003338223,0.0,0.0,0.0,0.7673093984740048,0.2326906015259951,2031,target,ordinary_baseline,single,G1_Packet_Byte_Magnitude,0.8,0.999992119126319,0.1086807513417523
0.625908403501801,0.6824965996966532,0.3480806766428106,625372,373771,0.0941039893055653,0.9058960106944348,0.0,0.0,0.0,0.6519193233571894,0.3480806766428106,2031,target,ordinary_baseline,single,G1_Packet_Byte_Magnitude,0.9,0.9999520255472624,0.1086807513417523
0.7661385807637145,0.8249033518738713,0.4776246525107943,765482,233661,0.1054917032666999,0.8945082967333,0.0,0.0,0.0,0.5223753474892057,0.4776246525107943,2031,target,ordinary_baseline,single,G1_Packet_Byte_Magnitude,0.95,0.9996069097575088,0.1086807513417523
0.5362946044760359,0.6007953517341246,0.2196190926835038,535835,463308,0.0692955853947577,0.9307044146052424,0.0,0.0,0.0,0.7803809073164961,0.2196190926835038,2031,target,full_method,single,G1_Packet_Byte_Magnitude,0.8,0.999873190853904,0.0803534071456152
0.6384481500646053,0.7107712213263171,0.2833678358076536,637901,361242,0.0750320190750602,0.9249679809249398,1.0,0.0009601536245799,0.0019184652278177,0.7166321641923463,0.2830957591530135,2031,target,full_method,single,G1_Packet_Byte_Magnitude,0.9,0.9987869076714836,0.0803534071456152
0.7550710959292113,0.8477001420357004,0.300295735494174,754424,244719,0.0658714462954519,0.934128553704548,0.9899817850637522,0.0214098599594256,0.0419132815361776,0.699704264505826,0.293866445850831,2031,target,full_method,single,G1_Packet_Byte_Magnitude,0.95,0.994674236133652,0.0803534071456152
0.65137222599768,0.7144588488000453,0.3416395575797007,650814,348329,0.0887519321956811,0.9112480678043188,0.0,0.0,0.0,0.6583604424202992,0.3416395575797007,2031,target,ordinary_baseline,single,G2_Temporal_Activity,0.8,0.999992119126319,0.0570581042597874
0.8113072903478281,0.8953080030310587,0.3988939492517892,810612,188531,0.0831976333930413,0.9168023666069588,0.0,0.0,0.0,0.6011060507482108,0.3988939492517892,2031,target,ordinary_baseline,single,G2_Temporal_Activity,0.9,0.9999520255472624,0.0570581042597874
0.8935257515690948,0.9672956474912447,0.5313420476725617,892760,106383,0.1006250280030467,0.8993749719969533,0.0,0.0,0.0,0.4686579523274383,0.5313420476725617,2031,target,ordinary_baseline,single,G2_Temporal_Activity,0.95,0.9996069097575088,0.0570581042597874
0.7205224877720207,0.7973371016765995,0.3433903117052108,719905,279238,0.080645362929831,0.919354637070169,0.0,0.0,0.0,0.6566096882947892,0.3433903117052108,2031,target,full_method,single,G2_Temporal_Activity,0.8,0.999873190853904,0.0575353905608946
0.8517589574265145,0.9521198737942326,0.359022889927249,851029,148114,0.0713254189927722,0.9286745810072278,0.0,0.0,0.0,0.6409771100727509,0.359022889927249,2031,target,full_method,single,G2_Temporal_Activity,0.9,0.9987869076714836,0.0575353905608946
0.9016567198088762,0.9795246924065716,0.5193529307387472,900884,98259,0.0971212719950626,0.9028787280049374,1.0,0.0035532474631863,0.0070813331971538,0.4806470692612527,0.5175075412551015,2031,target,full_method,single,G2_Temporal_Activity,0.95,0.994674236133652,0.0575353905608946
0.6239877575081845,0.6914006358476905,0.2930147276276099,623453,375690,0.0794606810778037,0.9205393189221962,0.0,0.0,0.0,0.7069852723723902,0.2930147276276099,2031,target,ordinary_baseline,single,G3_TCP_Control_Flags,0.8,0.999992119126319,0.0776929361075508
0.7165690997184587,0.7837491401358676,0.3867392204412374,715955,283188,0.091326968873742,0.908673031126258,0.0,0.0,0.0,0.6132607795587627,0.3867392204412374,2031,target,ordinary_baseline,single,G3_TCP_Control_Flags,0.9,0.9999520255472624,0.0776929361075508
0.8173034290386861,0.8918444522349239,0.4513337670787248,816603,182540,0.0934076901505382,0.9065923098494616,1.0,0.0003931487281638,0.0007859884459698,0.5486662329212753,0.4511563257822203,2031,target,ordinary_baseline,single,G3_TCP_Control_Flags,0.95,0.9996069097575088,0.0776929361075508
0.7087754205353989,0.7824444356098801,0.347087005382386,708168,290975,0.0828080342517594,0.9171919657482406,1.0,0.0006816400259023,0.0013623514185484,0.652912994617614,0.3468504169870468,2031,target,full_method,single,G3_TCP_Control_Flags,0.8,0.999873190853904,0.0607504363359476
0.854744516050255,0.9519367573695324,0.3775655054119595,854012,145131,0.0740949775881369,0.925905022411863,1.0,0.0087256207409728,0.0173002857497825,0.6224344945880405,0.3742710120068611,2031,target,full_method,single,G3_TCP_Control_Flags,0.9,0.9987869076714836,0.0607504363359476
0.897839448407285,0.9903695217167646,0.4435500088720648,897070,102073,0.0825844137023866,0.9174155862976132,0.9632277834525026,0.012574842314411,0.0248255890483085,0.5564499911279351,0.437972437451943,2031,target,full_method,single,G3_TCP_Control_Flags,0.95,0.994674236133652,0.0607504363359476
0.0019947094660123,0.0023768993811387,0.0001182941976696,1993,997150,0.0100351229302558,0.989964877069744,0.0,0.0,0.0,0.9998817058023304,0.0001182941976696,2031,target,ordinary_baseline,single,G4_Rate_Header_Flow_Context,0.8,0.999992119126319,0.0748247594784804
0.1337155942642845,0.1592667150961421,0.0082687644171053,133601,865542,0.0104639935329825,0.9895360064670174,0.0,0.0,0.0,0.9917312355828948,0.0082687644171053,2031,target,ordinary_baseline,single,G4_Rate_Header_Flow_Context,0.9,0.9999520255472624,0.0748247594784804
0.3635245405312353,0.4251481496205755,0.0609747441887975,363213,635930,0.0273090445551233,0.9726909554448768,0.9974489795918368,0.0379280240566495,0.0730772824969629,0.9390252558112024,0.0586620926243567,2031,target,ordinary_baseline,single,G4_Rate_Header_Flow_Context,0.95,0.9996069097575088,0.0748247594784804
0.4746908100241907,0.5444147683396521,0.1323712071922872,474284,524859,0.0471869175430754,0.9528130824569244,0.0,0.0,0.0,0.8676287928077128,0.1323712071922872,2031,target,full_method,single,G4_Rate_Header_Flow_Context,0.8,0.999873190853904,0.0495282859685241
0.7898959408212839,0.876544593065911,0.3644821671497013,789219,209924,0.0780809889270278,0.921919011072972,0.0,0.0,0.0,0.6355178328502987,0.3644821671497013,2031,target,full_method,single,G4_Rate_Header_Flow_Context,0.9,0.9987869076714836,0.0495282859685241
0.8739790000030025,0.9435194253999348,0.5325604779085585,873230,125913,0.1028457565589821,0.8971542434410178,1.0,0.0025766326077298,0.0051400212690535,0.4674395220914414,0.5311882652155911,2031,target,full_method,single,G4_Rate_Header_Flow_Context,0.95,0.994674236133652,0.0495282859685241
0.3933761233377004,0.4073292348986173,0.3248713550600343,393039,606104,0.1397469462317988,0.8602530537682012,0.0,0.0,0.0,0.6751286449399657,0.3248713550600343,2031,target,ordinary_baseline,pairwise_unseen,G1_Packet_Byte_Magnitude+G2_Temporal_Activity,0.8,0.999992119126319,0.0961395300201027
0.7780958281247029,0.8531827923568168,0.4094457916839179,777429,221714,0.089043501078555,0.9109564989214448,0.0,0.0,0.0,0.5905542083160821,0.4094457916839179,2031,target,ordinary_baseline,pairwise_unseen,G1_Packet_Byte_Magnitude+G2_Temporal_Activity,0.9,0.9999520255472624,0.0961395300201027
0.929321428464194,0.9779465179568544,0.6905896965753829,928525,70618,0.1257456718989795,0.8742543281010204,0.0,0.0,0.0,0.309410303424617,0.6905896965753829,2031,target,ordinary_baseline,pairwise_unseen,G1_Packet_Byte_Magnitude+G2_Temporal_Activity,0.95,0.9996069097575088,0.0961395300201027
0.5078802533771443,0.5668007512592266,0.2186017625835452,507445,491698,0.0728335090502419,0.927166490949758,0.0,0.0,0.0,0.7813982374164548,0.2186017625835452,2031,target,full_method,pairwise_unseen,G1_Packet_Byte_Magnitude+G2_Temporal_Activity,0.8,0.999873190853904,0.0445856767289828
0.653692214227593,0.7293744044198522,0.2821198320222393,653132,346011,0.0730296479119075,0.9269703520880924,0.0,0.0,0.0,0.7178801679777607,0.2821198320222393,2031,target,full_method,pairwise_unseen,G1_Packet_Byte_Magnitude+G2_Temporal_Activity,0.9,0.9987869076714836,0.0445856767289828
0.7345625200797083,0.8231854306789885,0.2994558466907198,733933,265210,0.0689831360628286,0.9310168639371714,0.0,0.0,0.0,0.7005441533092802,0.2994558466907198,2031,target,full_method,pairwise_unseen,G1_Packet_Byte_Magnitude+G2_Temporal_Activity,0.95,0.994674236133652,0.0445856767289828
0.3521497923720628,0.3697060379026904,0.2659549299106878,351848,647295,0.1277966621950387,0.8722033378049613,0.0,0.0,0.0,0.7340450700893121,0.2659549299106878,2031,target,ordinary_baseline,pairwise_unseen,G1_Packet_Byte_Magnitude+G3_TCP_Control_Flags,0.8,0.999992119126319,0.1108641360351975
0.66683547800465,0.7211076616153037,0.4003785414325427,666264,332879,0.1015993660170743,0.8984006339829257,0.0,0.0,0.0,0.5996214585674573,0.4003785414325427,2031,target,ordinary_baseline,pairwise_unseen,G1_Packet_Byte_Magnitude+G3_TCP_Control_Flags,0.9,0.9999520255472624,0.1108641360351975
0.7970500719116282,0.8508926323347464,0.5327024309457621,796367,202776,0.1130935862485512,0.8869064137514487,0.0,0.0,0.0,0.4672975690542379,0.5327024309457621,2031,target,ordinary_baseline,pairwise_unseen,G1_Packet_Byte_Magnitude+G3_TCP_Control_Flags,0.95,0.9996069097575088,0.1108641360351975
0.5041940943388484,0.5643865057651556,0.208670964689182,503762,495381,0.0700330711724981,0.929966928827502,0.0,0.0,0.0,0.791329035310818,0.208670964689182,2031,target,full_method,pairwise_unseen,G1_Packet_Byte_Magnitude+G3_TCP_Control_Flags,0.8,0.999873190853904,0.0660820291570742
0.6294524407417157,0.7002203420663002,0.2820074525344532,628913,370230,0.075738615674982,0.924261384325018,1.0,0.0009647853352629,0.0019277108433734,0.7179925474655469,0.2817353758798131,2031,target,full_method,pairwise_unseen,G1_Packet_Byte_Magnitude+G3_TCP_Control_Flags,0.9,0.9987869076714836,0.0660820291570742
0.7648674914401642,0.8600990515292029,0.2973147217128999,764212,234931,0.0653588271317383,0.9346411728682616,1.0,0.0063461117631845,0.0126121851895781,0.7026852782871,0.2954279292600698,2031,target,full_method,pairwise_unseen,G1_Packet_Byte_Magnitude+G3_TCP_Control_Flags,0.95,0.994674236133652,0.0660820291570742
0.0,0.0,0.0,0,999143,,,,,,1.0,0.0,2031,target,ordinary_baseline,pairwise_unseen,G1_Packet_Byte_Magnitude+G4_Rate_Header_Flow_Context,0.8,0.999992119126319,0.1831952889187187
0.0005895052059615,0.0007047572924309,2.365883953392086e-05,589,998554,0.0067911714770797,0.9932088285229204,0.0,0.0,0.0,0.999976341160466,2.365883953392086e-05,2031,target,ordinary_baseline,pairwise_unseen,G1_Packet_Byte_Magnitude+G4_Rate_Header_Flow_Context,0.9,0.9999520255472624,0.1831952889187187
0.157247761331461,0.1383528918540899,0.2500147867747087,157113,842030,0.2690420270760535,0.7309579729239465,0.0,0.0,0.0,0.7499852132252913,0.2500147867747087,2031,target,ordinary_baseline,pairwise_unseen,G1_Packet_Byte_Magnitude+G4_Rate_Header_Flow_Context,0.95,0.9996069097575088,0.1831952889187187
0.0,0.0,0.0,0,999143,,,,,,1.0,0.0,2031,target,full_method,pairwise_unseen,G1_Packet_Byte_Magnitude+G4_Rate_Header_Flow_Context,0.8,0.999873190853904,0.2094261542788177
0.0051394044696304,0.0042935982738867,0.0092920092269474,5135,994008,0.3059396299902629,0.6940603700097371,0.0,0.0,0.0,0.9907079907730526,0.0092920092269474,2031,target,full_method,pairwise_unseen,G1_Packet_Byte_Magnitude+G4_Rate_Header_Flow_Context,0.9,0.9987869076714836,0.2094261542788177
0.1133121084769647,0.0918786660932231,0.2185426154847104,113215,885928,0.3263613478779313,0.6736386521220686,0.0,0.0,0.0,0.7814573845152896,0.2185426154847104,2031,target,full_method,pairwise_unseen,G1_Packet_Byte_Magnitude+G4_Rate_Header_Flow_Context,0.95,0.994674236133652,0.2094261542788177
0.7152689855205911,0.7806735070288998,0.3941562666351215,714656,284487,0.0932476604128419,0.906752339587158,0.0,0.0,0.0,0.6058437333648784,0.3941562666351215,2031,target,ordinary_baseline,pairwise_unseen,G2_Temporal_Activity+G3_TCP_Control_Flags,0.8,0.999992119126319,0.0583264795659409
0.8558904981569205,0.9447843743863492,0.4194534808067664,855157,143986,0.0829286318184848,0.9170713681815152,0.0,0.0,0.0,0.5805465191932335,0.4194534808067664,2031,target,ordinary_baseline,pairwise_unseen,G2_Temporal_Activity+G3_TCP_Control_Flags,0.9,0.9999520255472624,0.0583264795659409
0.9137931207044436,0.9698978282632972,0.6383391494647187,913010,86133,0.1182068104401923,0.8817931895598077,0.0,0.0,0.0,0.3616608505352812,0.6383391494647187,2031,target,ordinary_baseline,pairwise_unseen,G2_Temporal_Activity+G3_TCP_Control_Flags,0.95,0.9996069097575088,0.0583264795659409
0.7786362913016455,0.8666623296987133,0.3464600461347371,777969,221174,0.0752934885580273,0.9247065114419726,0.0,0.0,0.0,0.6535399538652629,0.3464600461347371,2031,target,full_method,pairwise_unseen,G2_Temporal_Activity+G3_TCP_Control_Flags,0.8,0.999873190853904,0.0544716749250589
0.8581774580815759,0.959546931414466,0.3604897379783521,857442,141701,0.0710811926637603,0.9289188073362395,0.0,0.0,0.0,0.6395102620216478,0.3604897379783521,2031,target,full_method,pairwise_unseen,G2_Temporal_Activity+G3_TCP_Control_Flags,0.9,0.9987869076714836,0.0544716749250589
0.903188032143547,0.9798993582492144,0.5265629620867096,902414,96729,0.0986531680581196,0.9013468319418804,0.0,0.0,0.0,0.4734370379132903,0.5265629620867096,2031,target,full_method,pairwise_unseen,G2_Temporal_Activity+G3_TCP_Control_Flags,0.95,0.994674236133652,0.0544716749250589
0.0,0.0,0.0,0,999143,,,,,,1.0,0.0,2031,target,ordinary_baseline,pairwise_unseen,G2_Temporal_Activity+G4_Rate_Header_Flow_Context,0.8,0.999992119126319,0.0551791216330298
0.0001721475304335,0.0002035965511467,1.7744129650440647e-05,172,998971,0.0174418604651162,0.9825581395348836,0.0,0.0,0.0,0.9999822558703496,1.7744129650440647e-05,2031,target,ordinary_baseline,pairwise_unseen,G2_Temporal_Activity+G4_Rate_Header_Flow_Context,0.9,0.9999520255472624,0.0551791216330298
0.2451951322283196,0.2915261669756756,0.0177263855207902,244985,754158,0.0122334020450231,0.9877665979549768,0.0,0.0,0.0,0.9822736144792098,0.0177263855207902,2031,target,ordinary_baseline,pairwise_unseen,G2_Temporal_Activity+G4_Rate_Header_Flow_Context,0.95,0.9996069097575088,0.0551791216330298
0.3979120105930783,0.4692743891199931,0.0475483527532974,397571,601572,0.0202202876970402,0.9797797123029596,0.0,0.0,0.0,0.9524516472467024,0.0475483527532974,2031,target,full_method,pairwise_unseen,G2_Temporal_Activity+G4_Rate_Header_Flow_Context,0.8,0.999873190853904,0.0437682291638526
0.692730670184348,0.8004922458627133,0.1636600224758975,692137,307006,0.0399776344856581,0.9600223655143418,0.0,0.0,0.0,0.8363399775241025,0.1636600224758975,2031,target,full_method,pairwise_unseen,G2_Temporal_Activity+G4_Rate_Header_Flow_Context,0.9,0.9987869076714836,0.0437682291638526
0.9065929501582856,0.9777718345253972,0.5571301827645354,905816,93327,0.1039880063942346,0.8960119936057654,0.0,0.0,0.0,0.4428698172354646,0.5571301827645354,2031,target,full_method,pairwise_unseen,G2_Temporal_Activity+G4_Rate_Header_Flow_Context,0.95,0.994674236133652,0.0437682291638526
0.0017304830239515,0.0020636739178361,9.463535813568344e-05,1729,997414,0.009253903990746,0.990746096009254,0.0,0.0,0.0,0.9999053646418644,9.463535813568344e-05,2031,target,ordinary_baseline,pairwise_unseen,G3_TCP_Control_Flags+G4_Rate_Header_Flow_Context,0.8,0.999992119126319,0.0765805968450745
0.1284680971592655,0.152991363410206,0.008067664281067,128358,870785,0.0106265289269075,0.9893734710730924,0.0,0.0,0.0,0.991932335718933,0.008067664281067,2031,target,ordinary_baseline,pairwise_unseen,G3_TCP_Control_Flags+G4_Rate_Header_Flow_Context,0.9,0.9999520255472624,0.0765805968450745
0.35293746740957,0.4125914226821014,0.0600579641568581,352635,646508,0.0276291349412281,0.9723708650587718,0.9975786924939468,0.0405751428008666,0.0779786126620611,0.9399420358431418,0.0576211036848642,2031,target,ordinary_baseline,pairwise_unseen,G3_TCP_Control_Flags+G4_Rate_Header_Flow_Context,0.95,0.9996069097575088,0.0765805968450745
0.4371996801258678,0.5087034513831916,0.0861418347430058,436825,562318,0.0333405826131746,0.9666594173868254,0.0,0.0,0.0,0.913858165256994,0.0861418347430058,2031,target,full_method,pairwise_unseen,G3_TCP_Control_Flags+G4_Rate_Header_Flow_Context,0.8,0.999873190853904,0.0506609326694065
0.79212785357051,0.8773433179973328,0.3737505175371148,791449,207694,0.0798408994136072,0.9201591005863928,0.0,0.0,0.0,0.6262494824628851,0.3737505175371148,2031,target,full_method,pairwise_unseen,G3_TCP_Control_Flags+G4_Rate_Header_Flow_Context,0.9,0.9987869076714836,0.0506609326694065
0.8778733374501948,0.947280540386207,0.5371088898089549,877121,122022,0.1033038771161561,0.8966961228838438,1.0,0.0021914127454327,0.0043732419127988,0.4628911101910451,0.5359318625421423,2031,target,full_method,pairwise_unseen,G3_TCP_Control_Flags+G4_Rate_Header_Flow_Context,0.95,0.994674236133652,0.0506609326694065
0.7834969169918363,0.8715608598268312,0.4383148791194391,117664,32514,0.0,1.0,1.0,1.0,1.0,0.5616851208805609,0.0,2027,source,indicators_only,complete,,0.8,0.9999735715464982,5.057137547599992e-06
0.8806416385888746,0.9466954167084544,0.6217322937823495,132253,17925,0.0,1.0,1.0,1.0,1.0,0.3782677062176505,0.0,2027,source,indicators_only,complete,,0.9,0.99986427585633,5.057137547599992e-06
0.9505120590232924,0.9864858088456524,0.8095066500687939,142746,7432,0.0,1.0,1.0,1.0,1.0,0.1904933499312061,0.0,2027,source,indicators_only,complete,,0.95,0.9991079117159616,5.057137547599992e-06
0.3708599129033547,0.4654748771437167,0.0,55695,94483,0.0,1.0,0.0,0.0,0.0,1.0,0.0,2027,source,indicators_only,single,G1_Packet_Byte_Magnitude,0.8,0.9999735715464982,0.0134749635491555
0.7250529371812117,0.9099638952963596,0.0002620716766035,108887,41291,7.347066224618182e-05,0.9999265293377538,0.0,0.0,0.0,0.9997379283233964,0.0002620716766035,2027,source,indicators_only,single,G1_Packet_Byte_Magnitude,0.9,0.99986427585633,0.0134749635491555
0.7760923703871406,0.9667703005382275,0.0286968485880888,116552,33626,0.0075159585421099,0.99248404145789,0.0,0.0,0.0,0.9713031514119111,0.0286968485880888,2027,source,indicators_only,single,G1_Packet_Byte_Magnitude,0.95,0.9991079117159616,0.0134749635491555
0.7208179626842813,0.8653428275331796,0.1543274585599161,108251,41927,0.0,1.0,1.0,1.0,1.0,0.8456725414400839,0.0,2027,source,indicators_only,single,G2_Temporal_Activity,0.8,0.9999735715464982,0.00026855069199
0.8125557671563078,0.9189315682144888,0.3955971958330603,122028,28150,8.194840528403318e-06,0.9999918051594716,0.9999171979796307,1.0,0.9999585972757008,0.6044028041669397,0.0,2027,source,indicators_only,single,G2_Temporal_Activity,0.9,0.99986427585633,0.00026855069199
0.8512232151180599,0.9631347574633102,0.4125663368931402,127835,22343,3.911291899714476e-05,0.9999608870810028,0.9999205781907712,0.9996823884389392,0.9998014691284496,0.5874336631068597,0.0001310358383017,2027,source,indicators_only,single,G2_Temporal_Activity,0.95,0.9991079117159616,0.00026855069199
0.7568485397328504,0.8698141276368134,0.3140601454497805,113662,36516,0.0,1.0,1.0,1.0,1.0,0.6859398545502194,0.0,2027,source,indicators_only,single,G3_TCP_Control_Flags,0.8,0.9999735715464982,7.803496742357417e-06
0.8524950392201255,0.946018453515194,0.4859136473825591,128026,22152,0.0,1.0,1.0,1.0,1.0,0.5140863526174408,0.0,2027,source,indicators_only,single,G3_TCP_Control_Flags,0.9,0.99986427585633,7.803496742357417e-06
0.9347973737831108,0.9845969979607528,0.7395990303347966,140386,9792,0.0,1.0,1.0,1.0,1.0,0.2604009696652034,0.0,2027,source,indicators_only,single,G3_TCP_Control_Flags,0.95,0.9991079117159616,7.803496742357417e-06
0.0622461345869568,0.0781265670444288,0.0,9348,140830,0.0,1.0,0.0,0.0,0.0,1.0,0.0,2027,source,indicators_only,single,G4_Rate_Header_Flow_Context,0.8,0.9999735715464982,0.027199221105553
0.1400538028206528,0.1754254003276167,0.001408635261744,21033,129145,9.508867018494746e-05,0.9999049113298152,0.9555555555555556,1.0,0.9772727272727272,0.998591364738256,0.0,2027,source,indicators_only,single,G4_Rate_Header_Flow_Context,0.9,0.99986427585633,0.027199221105553
0.3547856543568299,0.4365158960986862,0.0344296665137915,53281,96897,0.0001689157485782,0.9998310842514218,0.991509433962264,1.0,0.995736617716722,0.9655703334862084,0.0,2027,source,indicators_only,single,G4_Rate_Header_Flow_Context,0.95,0.9991079117159616,0.027199221105553
0.3408355418237025,0.4277070170160131,0.0003275895957544,51186,98992,0.0001953659203688,0.9998046340796312,0.0,0.0,0.0,0.9996724104042456,0.0003275895957544,2027,source,indicators_only,pairwise_unseen,G1_Packet_Byte_Magnitude+G2_Temporal_Activity,0.8,0.9999735715464982,0.0284807462767645
0.7260717282158505,0.890975495603918,0.0797025486470549,109040,41138,0.0223129126925898,0.9776870873074102,0.0,0.0,0.0,0.920297451352945,0.0797025486470549,2027,source,indicators_only,pairwise_unseen,G1_Packet_Byte_Magnitude+G2_Temporal_Activity,0.9,0.99986427585633,0.0284807462767645
0.8078413615842533,0.9463360411861064,0.2649872240057656,121320,28858,0.0666749093306956,0.9333250906693044,0.0,0.0,0.0,0.7350127759942344,0.2649872240057656,2027,source,indicators_only,pairwise_unseen,G1_Packet_Byte_Magnitude+G2_Temporal_Activity,0.95,0.9991079117159616,0.0284807462767645
0.3839443859952856,0.481889145187711,3.2758959575443885e-05,57660,92518,1.7343045438779048e-05,0.9999826569545612,0.0,0.0,0.0,0.9999672410404246,3.2758959575443885e-05,2027,source,indicators_only,pairwise_unseen,G1_Packet_Byte_Magnitude+G3_TCP_Control_Flags,0.8,0.9999735715464982,0.0159577651264979
0.7319647351809186,0.9160231337545548,0.0105156260237174,109925,40253,0.0029201728451216,0.9970798271548784,0.0,0.0,0.0,0.9894843739762824,0.0105156260237174,2027,source,indicators_only,pairwise_unseen,G1_Packet_Byte_Magnitude+G3_TCP_Control_Flags,0.9,0.99986427585633,0.0159577651264979
0.8003835448600993,0.971425467188179,0.1299547926357858,120200,29978,0.0330033277870216,0.9669966722129784,0.0,0.0,0.0,0.8700452073642141,0.1299547926357858,2027,source,indicators_only,pairwise_unseen,G1_Packet_Byte_Magnitude+G3_TCP_Control_Flags,0.95,0.9991079117159616,0.0159577651264979
0.0,0.0,0.0,0,150178,,,,,,1.0,0.0,2027,source,indicators_only,pairwise_unseen,G1_Packet_Byte_Magnitude+G4_Rate_Header_Flow_Context,0.8,0.9999735715464982,0.055618701532425
1.997629479684108e-05,2.5072710861498344e-05,0.0,3,150175,0.0,1.0,0.0,0.0,0.0,1.0,0.0,2027,source,indicators_only,pairwise_unseen,G1_Packet_Byte_Magnitude+G4_Rate_Header_Flow_Context,0.9,0.99986427585633,0.055618701532425
0.1296661295262954,0.1625881723665296,0.0006224202319334,19473,130705,0.0009757099573768,0.9990242900426232,0.0,0.0,0.0,0.9993775797680664,0.0006224202319334,2027,source,indicators_only,pairwise_unseen,G1_Packet_Byte_Magnitude+G4_Rate_Header_Flow_Context,0.95,0.9991079117159616,0.055618701532425
0.7359932879649482,0.8878999097382408,0.1405686955382297,110530,39648,0.0,1.0,1.0,1.0,1.0,0.8594313044617703,0.0,2027,source,indicators_only,pairwise_unseen,G2_Temporal_Activity+G3_TCP_Control_Flags,0.8,0.9999735715464982,0.0010871623237763
0.8000106540238916,0.9343262126834486,0.2735373124549564,120144,30034,2.4970035956851777e-05,0.9999750299640432,1.0,0.9996407185628744,0.9998203270048512,0.7264626875450436,9.827687872633164e-05,2027,source,indicators_only,pairwise_unseen,G2_Temporal_Activity+G3_TCP_Control_Flags,0.9,0.99986427585633,0.0010871623237763
0.857329302560961,0.9718266305619632,0.4085369848653606,128752,21426,0.0002796073070709,0.999720392692929,0.9999195947575782,0.9971934888942346,0.998554681226915,0.5914630151346393,0.0011465635851405,2027,source,indicators_only,pairwise_unseen,G2_Temporal_Activity+G3_TCP_Control_Flags,0.95,0.9991079117159616,0.0010871623237763
0.0,0.0,0.0,0,150178,,,,,,1.0,0.0,2027,source,indicators_only,pairwise_unseen,G2_Temporal_Activity+G4_Rate_Header_Flow_Context,0.8,0.9999735715464982,0.0167260296611246
0.0146626003808813,0.0184033697723397,0.0,2202,147976,0.0,1.0,0.0,0.0,0.0,1.0,0.0,2027,source,indicators_only,pairwise_unseen,G2_Temporal_Activity+G4_Rate_Header_Flow_Context,0.9,0.99986427585633,0.0167260296611246
0.3389777464075963,0.4254588306087654,0.0,50907,99271,0.0,1.0,0.0,0.0,0.0,1.0,0.0,2027,source,indicators_only,pairwise_unseen,G2_Temporal_Activity+G4_Rate_Header_Flow_Context,0.95,0.9991079117159616,0.0167260296611246
0.062132935583108,0.077984488349547,0.0,9331,140847,0.0,1.0,0.0,0.0,0.0,1.0,0.0,2027,source,indicators_only,pairwise_unseen,G3_TCP_Control_Flags+G4_Rate_Header_Flow_Context,0.8,0.9999735715464982,0.0288096928994322
0.1378231165683389,0.1726339718517032,0.0013758763021686,20698,129480,9.662769349695624e-05,0.9999033723065032,0.9545454545454546,1.0,0.9767441860465116,0.9986241236978314,0.0,2027,source,indicators_only,pairwise_unseen,G3_TCP_Control_Flags+G4_Rate_Header_Flow_Context,0.9,0.99986427585633,0.0288096928994322
0.350157812728895,0.4310834754120282,0.0329555133328965,52586,97592,0.0001711482143536,0.9998288517856464,0.9911330049261085,1.0,0.9955467590301832,0.9670444866671034,0.0,2027,source,indicators_only,pairwise_unseen,G3_TCP_Control_Flags+G4_Rate_Header_Flow_Context,0.95,0.9991079117159616,0.0288096928994322
0.5975971407496224,0.6618851594980201,0.2819660495652688,597085,402058,0.0798412286357888,0.9201587713642112,0.0,0.0,0.0,0.7180339504347312,0.2819660495652688,2027,target,indicators_only,complete,,0.8,0.9999735715464982,0.0549706159420622
0.6824528621028221,0.7511182751396563,0.3453303365469923,681868,317275,0.0856250769943742,0.9143749230056256,0.0,0.0,0.0,0.6546696634530076,0.3453303365469923,2027,target,indicators_only,complete,,0.9,0.99986427585633,0.0549706159420622
0.7683224523416567,0.8431113889983171,0.4011356242976282,767664,231479,0.0881974405469059,0.911802559453094,1.0,0.0016809200825715,0.0033561986634086,0.5988643757023718,0.4004613473709114,2027,target,indicators_only,complete,,0.95,0.9991079117159616,0.0549706159420622
0.3114539160060172,0.3403086234584187,0.169787661915183,311187,687956,0.0922467840880242,0.9077532159119758,0.0,0.0,0.0,0.830212338084817,0.169787661915183,2027,target,indicators_only,single,G1_Packet_Byte_Magnitude,0.8,0.9999735715464982,0.0877948819870556
0.5241772198774349,0.5647226207815457,0.325113858165257,523728,475415,0.1049533345553417,0.8950466654446583,0.0,0.0,0.0,0.674886141834743,0.325113858165257,2027,target,indicators_only,single,G1_Packet_Byte_Magnitude,0.9,0.99986427585633,0.0877948819870556
0.7408629195220304,0.8002585314785567,0.4492517891997397,740228,258915,0.1026102768336242,0.8973897231663758,0.0,0.0,0.0,0.5507482108002603,0.4492517891997397,2027,target,indicators_only,single,G1_Packet_Byte_Magnitude,0.95,0.9991079117159616,0.0877948819870556
0.6801588961740211,0.7488232962643044,0.3430413438220855,679576,319567,0.0853443912086359,0.914655608791364,0.0,0.0,0.0,0.6569586561779145,0.3430413438220855,2027,target,indicators_only,single,G2_Temporal_Activity,0.8,0.9999735715464982,0.0541044296371365
0.8312734013049183,0.9176060418782443,0.4074111314840007,830561,168582,0.082933101843212,0.917066898156788,0.0,0.0,0.0,0.5925888685159993,0.4074111314840007,2027,target,indicators_only,single,G2_Temporal_Activity,0.9,0.99986427585633,0.0541044296371365
0.8884924380193826,0.9617214389577784,0.5289643342994026,887731,111412,0.1007422293465024,0.8992577706534975,0.0,0.0,0.0,0.4710356657005974,0.5289643342994026,2027,target,indicators_only,single,G2_Temporal_Activity,0.95,0.9991079117159616,0.0541044296371365
0.620838058215891,0.6922427304586464,0.2702667534157449,620306,378837,0.0736636434275986,0.9263363565724012,0.0,0.0,0.0,0.7297332465842551,0.2702667534157449,2027,target,indicators_only,single,G3_TCP_Control_Flags,0.8,0.9999735715464982,0.0573678795017279
0.7122904329009961,0.7818384648097215,0.370834565564559,711680,287463,0.0880971785071942,0.9119028214928058,0.0,0.0,0.0,0.6291654344354409,0.370834565564559,2027,target,indicators_only,single,G3_TCP_Control_Flags,0.9,0.99986427585633,0.0573678795017279
0.817389502803903,0.8968801539141739,0.4271189448157568,816689,182454,0.088392276619374,0.911607723380626,1.0,0.0003323501308628,0.0006644794219029,0.5728810551842433,0.4269769917785532,2027,target,indicators_only,single,G3_TCP_Control_Flags,0.95,0.9991079117159616,0.0573678795017279
0.0269801219645235,0.0321357278215289,0.0016679481871414,26957,972186,0.0104611047223355,0.9895388952776644,0.0,0.0,0.0,0.9983320518128586,0.0016679481871414,2027,target,indicators_only,single,G4_Rate_Header_Flow_Context,0.8,0.9999735715464982,0.0827372619739291
0.198923477420149,0.2366972543378714,0.0134677944046844,198753,800390,0.0114564308463268,0.9885435691536733,0.0,0.0,0.0,0.9865322055953156,0.0134677944046844,2027,target,indicators_only,single,G4_Rate_Header_Flow_Context,0.9,0.99986427585633,0.0827372619739291
0.3276487950173298,0.387755052868844,0.0325486484887916,327368,671775,0.0159972874563182,0.9840027125436818,0.975,0.0496093040159912,0.0944146636693757,0.9674513515112084,0.0309339326906015,2027,target,indicators_only,single,G4_Rate_Header_Flow_Context,0.95,0.9991079117159616,0.0827372619739291
0.3836487870104679,0.4003250316538425,0.3017744129650441,383320,615823,0.1331028905353229,0.866897109464677,0.0,0.0,0.0,0.698225587034956,0.3017744129650441,2027,target,indicators_only,pairwise_unseen,G1_Packet_Byte_Magnitude+G2_Temporal_Activity,0.8,0.9999735715464982,0.0875751116677518
0.7750281991666859,0.8514106590625162,0.4000177441296504,774364,224779,0.0873374795315898,0.9126625204684102,0.0,0.0,0.0,0.5999822558703496,0.4000177441296504,2027,target,indicators_only,pairwise_unseen,G1_Packet_Byte_Magnitude+G2_Temporal_Activity,0.9,0.99986427585633,0.0875751116677518
0.8823671886806994,0.9339046083898646,0.6293369610220618,881611,117532,0.1206904178827169,0.879309582117283,0.0,0.0,0.0,0.3706630389779381,0.6293369610220618,2027,target,indicators_only,pairwise_unseen,G1_Packet_Byte_Magnitude+G2_Temporal_Activity,0.95,0.9991079117159616,0.0875751116677518
0.3415987501288604,0.3682001462521971,0.2109954456733897,341306,657837,0.1045191118820061,0.8954808881179939,0.0,0.0,0.0,0.7890045543266103,0.2109954456733897,2027,target,indicators_only,pairwise_unseen,G1_Packet_Byte_Magnitude+G3_TCP_Control_Flags,0.8,0.9999735715464982,0.0888748470042743
0.5640483894697756,0.6042010762908805,0.3669131129118116,563565,435578,0.1100742594021985,0.8899257405978015,0.0,0.0,0.0,0.6330868870881883,0.3669131129118116,2027,target,indicators_only,pairwise_unseen,G1_Packet_Byte_Magnitude+G3_TCP_Control_Flags,0.9,0.99986427585633,0.0888748470042743
0.8110540733408531,0.8682633937015178,0.530176849825516,810359,188784,0.1106139377732585,0.8893860622267414,0.0,0.0,0.0,0.4698231501744839,0.530176849825516,2027,target,indicators_only,pairwise_unseen,G1_Packet_Byte_Magnitude+G3_TCP_Control_Flags,0.95,0.9991079117159616,0.0888748470042743
0.0,0.0,0.0,0,999143,,,,,,1.0,0.0,2027,target,indicators_only,pairwise_unseen,G1_Packet_Byte_Magnitude+G4_Rate_Header_Flow_Context,0.8,0.9999735715464982,0.1673229356702991
0.0001181012127393,3.493668629144666e-05,0.0005264091796297,118,999025,0.7542372881355932,0.2457627118644068,0.0,0.0,0.0,0.9994735908203702,0.0005264091796297,2027,target,indicators_only,pairwise_unseen,G1_Packet_Byte_Magnitude+G4_Rate_Header_Flow_Context,0.9,0.99986427585633,0.1673229356702991
0.1312624919556059,0.1147971323004121,0.2121014964216005,131150,867993,0.2734273732367518,0.7265726267632482,0.0,0.0,0.0,0.7878985035783995,0.2121014964216005,2027,target,indicators_only,pairwise_unseen,G1_Packet_Byte_Magnitude+G4_Rate_Header_Flow_Context,0.95,0.9991079117159616,0.1673229356702991
0.8006761794858194,0.8825332229815932,0.3987874844738865,799990,199153,0.0842798034975437,0.9157201965024564,0.0,0.0,0.0,0.6012125155261134,0.3987874844738865,2027,target,indicators_only,pairwise_unseen,G2_Temporal_Activity+G3_TCP_Control_Flags,0.8,0.9999735715464982,0.0539971336785666
0.8577881244226302,0.9471733209006918,0.4189389010469036,857053,142090,0.0826436638107561,0.9173563361892438,0.0,0.0,0.0,0.5810610989530963,0.4189389010469036,2027,target,indicators_only,pairwise_unseen,G2_Temporal_Activity+G3_TCP_Control_Flags,0.9,0.99986427585633,0.0539971336785666
0.9090600644752552,0.9644573429083948,0.6370793162595375,908281,90862,0.1185877498263202,0.8814122501736797,0.0,0.0,0.0,0.3629206837404625,0.6370793162595375,2027,target,indicators_only,pairwise_unseen,G2_Temporal_Activity+G3_TCP_Control_Flags,0.95,0.9991079117159616,0.0539971336785666
0.0,0.0,0.0,0,999143,,,,,,1.0,0.0,2027,target,indicators_only,pairwise_unseen,G2_Temporal_Activity+G4_Rate_Header_Flow_Context,0.8,0.9999735715464982,0.0666631935765704
0.0005024305830096,0.0005999472335565,2.365883953392086e-05,502,998641,0.0079681274900398,0.9920318725099602,0.0,0.0,0.0,0.999976341160466,2.365883953392086e-05,2027,target,indicators_only,pairwise_unseen,G2_Temporal_Activity+G4_Rate_Header_Flow_Context,0.9,0.99986427585633,0.0666631935765704
0.2533531236269483,0.301202424365086,0.0184302359969243,253136,746007,0.0123095885215852,0.9876904114784149,0.0,0.0,0.0,0.9815697640030756,0.0184302359969243,2027,target,indicators_only,pairwise_unseen,G2_Temporal_Activity+G4_Rate_Header_Flow_Context,0.95,0.9991079117159616,0.0666631935765704
0.0269140653540083,0.0320574214557032,0.0016620334772579,26891,972252,0.0104495928005652,0.9895504071994348,0.0,0.0,0.0,0.998337966522742,0.0016620334772579,2027,target,indicators_only,pairwise_unseen,G3_TCP_Control_Flags+G4_Rate_Header_Flow_Context,0.8,0.9999735715464982,0.0850270091732808
0.1958328287342252,0.2329951703042985,0.0133790737564322,195665,803478,0.0115605754733856,0.9884394245266144,0.0,0.0,0.0,0.9866209262435678,0.0133790737564322,2027,target,indicators_only,pairwise_unseen,G3_TCP_Control_Flags+G4_Rate_Header_Flow_Context,0.9,0.99986427585633,0.0850270091732808
0.3217877721207074,0.3810833505004981,0.0306677707458449,321512,677631,0.0154208863121749,0.984579113687825,0.9748953974895398,0.044937319189971,0.0859144542772861,0.9693322292541552,0.029289643342994,2027,target,indicators_only,pairwise_unseen,G3_TCP_Control_Flags+G4_Rate_Header_Flow_Context,0.95,0.9991079117159616,0.0850270091732808
0.9036942827844292,0.9655668104168756,0.6611740811111839,135715,14463,0.0,1.0,1.0,1.0,1.0,0.3388259188888161,0.0,2027,source,augmentation_only,complete,,0.8,0.9997940125452748,1.0518192722855762e-05
0.933738630158878,0.9920853809380537,0.7050383279827033,140227,9951,1.4262588517189985e-05,0.9999857374114828,0.9999535359167364,0.9999535359167364,0.9999535359167364,0.2949616720172967,3.2758959575443885e-05,2027,source,augmentation_only,complete,,0.9,0.9984427258577128,1.0518192722855762e-05
0.9859500059928884,0.9967238324474308,0.9437201074493874,148068,2110,0.0001891023043466,0.9998108976956532,0.9992367471551484,0.9997917245209664,0.9995141588006664,0.0562798925506125,0.0001965537574526,2027,source,augmentation_only,complete,,0.95,0.993466573852404,1.0518192722855762e-05
0.7259452116821372,0.8412980978170026,0.2737993841315599,109021,41157,0.0,1.0,1.0,1.0,1.0,0.72620061586844,0.0,2027,source,augmentation_only,single,G1_Packet_Byte_Magnitude,0.8,0.9997940125452748,1.3887189244014247e-05
0.8545992089387261,0.9467539197004646,0.4933826901657603,128342,21836,0.0,1.0,1.0,1.0,1.0,0.5066173098342397,0.0,2027,source,augmentation_only,single,G1_Packet_Byte_Magnitude,0.9,0.9984427258577128,1.3887189244014247e-05
0.927419462238144,0.9834687259719854,0.7077245626678896,139278,10900,3.589942417323626e-05,0.9999641005758269,0.9998148748090896,0.9999537122755046,0.9998842887227788,0.2922754373321103,3.2758959575443885e-05,2027,source,augmentation_only,single,G1_Packet_Byte_Magnitude,0.95,0.993466573852404,1.3887189244014247e-05
0.820326545832279,0.8925383612476181,0.5372796959968551,123195,26983,0.0,1.0,1.0,1.0,1.0,0.4627203040031448,0.0,2027,source,augmentation_only,single,G2_Temporal_Activity,0.8,0.9997940125452748,1.655639449626787e-05
0.906397741346935,0.9729465449804432,0.6455480573936971,136121,14057,1.4692810073390589e-05,0.9999853071899266,0.9999492540343042,0.9999492540343042,0.9999492540343042,0.3544519426063028,3.2758959575443885e-05,2027,source,augmentation_only,single,G2_Temporal_Activity,0.9,0.9984427258577128,1.655639449626787e-05
0.9606067466606294,0.9863270150101964,0.8597916530171001,144262,5916,8.318198832679431e-05,0.9999168180116732,0.9997713937361884,0.9997713937361884,0.9997713937361884,0.1402083469828998,0.0001965537574526,2027,source,augmentation_only,single,G2_Temporal_Activity,0.95,0.993466573852404,1.655639449626787e-05
0.8940790262222164,0.957033731153679,0.6473170412107712,134271,15907,0.0,1.0,1.0,1.0,1.0,0.3526829587892288,0.0,2027,source,augmentation_only,single,G3_TCP_Control_Flags,0.8,0.9997940125452748,8.401835415583989e-06
0.929197352475063,0.9886253468391668,0.6962589268164843,139545,10633,1.4332294242000788e-05,0.999985667705758,0.9999529500329348,0.9999529500329348,0.9999529500329348,0.3037410731835157,3.2758959575443885e-05,2027,source,augmentation_only,single,G3_TCP_Control_Flags,0.9,0.9984427258577128,8.401835415583989e-06
0.9796774494266804,0.9960886571056062,0.9153508484570532,147126,3052,8.835963731767328e-05,0.9999116403626824,0.9996064541519089,0.9999284231622648,0.9997674127350472,0.084649151542947,6.551791915088777e-05,2027,source,augmentation_only,single,G3_TCP_Control_Flags,0.95,0.993466573852404,8.401835415583989e-06
0.5750975509062579,0.6336041186106375,0.3457708183188102,86367,63811,0.0,1.0,1.0,1.0,1.0,0.6542291816811898,0.0,2027,source,augmentation_only,single,G4_Rate_Header_Flow_Context,0.8,0.9997940125452748,0.001351007508731
0.7756861857262715,0.8271403737505433,0.5740024896809277,116491,33687,0.0,1.0,1.0,1.0,1.0,0.4259975103190723,0.0,2027,source,augmentation_only,single,G4_Rate_Header_Flow_Context,0.9,0.9984427258577128,0.001351007508731
0.8589939937940311,0.9176528599605522,0.6290703007272489,129002,21176,0.0003798390722624,0.9996201609277376,0.9999477970348716,0.9975003905639744,0.9987225944367684,0.3709296992727511,0.0015724300596213,2027,source,augmentation_only,single,G4_Rate_Header_Flow_Context,0.95,0.993466573852404,0.001351007508731
0.5459255017379376,0.6852037575636011,0.0,81986,68192,0.0,1.0,0.0,0.0,0.0,1.0,0.0,2027,source,augmentation_only,pairwise_unseen,G1_Packet_Byte_Magnitude+G2_Temporal_Activity,0.8,0.9997940125452748,6.78275258314143e-05
0.6837685946010734,0.8577457961421455,0.0018345017362248,102687,47491,0.0,1.0,1.0,1.0,1.0,0.9981654982637752,0.0,2027,source,augmentation_only,pairwise_unseen,G1_Packet_Byte_Magnitude+G2_Temporal_Activity,0.9,0.9984427258577128,6.78275258314143e-05
0.7921200175791394,0.8910005683147795,0.4045403917971565,118959,31219,2.52187728545129e-05,0.9999747812271454,1.0,0.999757065349421,0.999878517918607,0.5954596082028435,9.827687872633164e-05,2027,source,augmentation_only,pairwise_unseen,G1_Packet_Byte_Magnitude+G2_Temporal_Activity,0.95,0.993466573852404,6.78275258314143e-05
0.7020069517505892,0.8204543175208103,0.2377317696389962,105426,44752,0.0,1.0,1.0,1.0,1.0,0.7622682303610038,0.0,2027,source,augmentation_only,pairwise_unseen,G1_Packet_Byte_Magnitude+G3_TCP_Control_Flags,0.8,0.9997940125452748,1.6063059806501486e-05
0.816810717948035,0.9334235950924348,0.3597261350979492,122667,27511,0.0,1.0,1.0,1.0,1.0,0.6402738649020507,0.0,2027,source,augmentation_only,pairwise_unseen,G1_Packet_Byte_Magnitude+G3_TCP_Control_Flags,0.9,0.9984427258577128,1.6063059806501486e-05
0.8863814939605003,0.9766990940393808,0.5323658520605385,133115,17063,0.0,1.0,1.0,1.0,1.0,0.4676341479394614,0.0,2027,source,augmentation_only,pairwise_unseen,G1_Packet_Byte_Magnitude+G3_TCP_Control_Flags,0.95,0.993466573852404,1.6063059806501486e-05
3.32938246614018e-05,4.178785143583058e-05,0.0,5,150173,0.0,1.0,0.0,0.0,0.0,1.0,0.0,2027,source,augmentation_only,pairwise_unseen,G1_Packet_Byte_Magnitude+G4_Rate_Header_Flow_Context,0.8,0.9997940125452748,0.0218844593898035
0.0117993314600008,0.0148096145488583,0.0,1772,148406,0.0,1.0,0.0,0.0,0.0,1.0,0.0,2027,source,augmentation_only,pairwise_unseen,G1_Packet_Byte_Magnitude+G4_Rate_Header_Flow_Context,0.9,0.9984427258577128,0.0218844593898035
0.1680006392414335,0.210861498345201,0.0,25230,124948,0.0,1.0,0.0,0.0,0.0,1.0,0.0,2027,source,augmentation_only,pairwise_unseen,G1_Packet_Byte_Magnitude+G4_Rate_Header_Flow_Context,0.95,0.993466573852404,0.0218844593898035
0.7947302534325933,0.8872563768261291,0.4320579178405294,119351,30827,0.0,1.0,1.0,1.0,1.0,0.5679420821594706,0.0,2027,source,augmentation_only,pairwise_unseen,G2_Temporal_Activity+G3_TCP_Control_Flags,0.8,0.9997940125452748,1.7526805041097276e-05
0.8949713007231419,0.9694530806004078,0.603026927864771,134405,15773,1.4880398794687695e-05,0.9999851196012052,0.9999456757931334,0.9999456757931334,0.9999456757931334,0.396973072135229,3.2758959575443885e-05,2027,source,augmentation_only,pairwise_unseen,G2_Temporal_Activity+G3_TCP_Control_Flags,0.9,0.9984427258577128,1.7526805041097276e-05
0.9454114450851656,0.98510680974827,0.7898185153639521,141980,8198,3.521622763769545e-05,0.9999647837723624,0.9999170434277656,0.999875570302779,0.9998963064352226,0.2101814846360479,9.827687872633164e-05,2027,source,augmentation_only,pairwise_unseen,G2_Temporal_Activity+G3_TCP_Control_Flags,0.95,0.993466573852404,1.7526805041097276e-05
0.3945384810025436,0.4951943970848795,0.0,59251,90927,0.0,1.0,0.0,0.0,0.0,1.0,0.0,2027,source,augmentation_only,pairwise_unseen,G2_Temporal_Activity+G4_Rate_Header_Flow_Context,0.8,0.9997940125452748,0.0020721477970312
0.5907523072620491,0.6939457760839769,0.1862674441459739,88718,61460,1.1271669785161974e-05,0.9999887283302148,1.0,0.9998241294407316,0.9999120569870724,0.813732555854026,3.2758959575443885e-05,2027,source,augmentation_only,pairwise_unseen,G2_Temporal_Activity+G4_Rate_Header_Flow_Context,0.9,0.9984427258577128,0.0020721477970312
0.761589580364634,0.8551549493531241,0.3948437397628251,114374,35804,0.0005857974714533,0.9994142025285468,0.9999165832499166,0.9945241848502449,0.9972130942972424,0.6051562602371748,0.0021620913319792,2027,source,augmentation_only,pairwise_unseen,G2_Temporal_Activity+G4_Rate_Header_Flow_Context,0.95,0.993466573852404,0.0020721477970312
0.5626190254231646,0.6216695082405643,0.3311603223481622,84493,65685,0.0,1.0,1.0,1.0,1.0,0.6688396776518378,0.0,2027,source,augmentation_only,pairwise_unseen,G3_TCP_Control_Flags+G4_Rate_Header_Flow_Context,0.8,0.9997940125452748,0.0022439936094961
0.7293678168573293,0.8076338047002976,0.4225905785232261,109535,40643,2.7388505957000044e-05,0.999972611494043,1.0,0.9997674418604652,0.9998837074078382,0.5774094214767739,9.827687872633164e-05,2027,source,augmentation_only,pairwise_unseen,G3_TCP_Control_Flags+G4_Rate_Header_Flow_Context,0.9,0.9984427258577128,0.0022439936094961
0.8220045545952137,0.8850499782703173,0.5748869815894647,123447,26731,0.0001215096357141,0.999878490364286,0.9999429744525548,0.9992022337455124,0.9995724668661822,0.4251130184105353,0.0004586254340562,2027,source,augmentation_only,pairwise_unseen,G3_TCP_Control_Flags+G4_Rate_Header_Flow_Context,0.95,0.993466573852404,0.0022439936094961
0.7033507716112709,0.7755438377106592,0.3489087360264979,702748,296395,0.0838636324827676,0.9161363675172324,1.0,0.0009323614171893,0.0018629858582437,0.6510912639735021,0.3485834269829065,2027,target,augmentation_only,complete,,0.8,0.9997940125452748,0.0595664762880485
0.8475423437886268,0.9379789488394394,0.4035310818004377,846816,152327,0.0796938177833201,0.92030618221668,1.0,0.0108318065225357,0.0214314714923728,0.5964689181995623,0.3991601111965458,2027,target,augmentation_only,complete,,0.9,0.9984427258577128,0.0595664762880485
0.8805296138790943,0.9744576681809912,0.4193765895782811,879775,119368,0.0794316728709045,0.9205683271290956,0.9714022140221402,0.014851066230396,0.0292548758126354,0.5806234104217188,0.4131484000709765,2027,target,augmentation_only,complete,,0.95,0.993466573852404,0.0595664762880485
0.5505127894605677,0.6167204571164223,0.2254569113384988,550041,449102,0.0693002885239464,0.9306997114760536,0.0,0.0,0.0,0.7745430886615011,0.2254569113384988,2027,target,augmentation_only,single,G1_Packet_Byte_Magnitude,0.8,0.9997940125452748,0.0644576678864308
0.647443859387495,0.7215124452909564,0.2837936949192642,646889,352254,0.0741734671636092,0.9258265328363908,0.0,0.0,0.0,0.7162063050807358,0.2837936949192642,2027,target,augmentation_only,single,G1_Packet_Byte_Magnitude,0.9,0.9984427258577128,0.0644576678864308
0.7702831326446765,0.8633035889614528,0.313586088602354,769623,229520,0.0679163694432209,0.9320836305567792,0.9794871794871794,0.0144102003093289,0.0284025428454589,0.686413911397646,0.3090672502513751,2027,target,augmentation_only,single,G1_Packet_Byte_Magnitude,0.95,0.993466573852404,0.0644576678864308
0.6855234936340444,0.7553889838604556,0.3425090199325723,684936,314207,0.0845451253839774,0.9154548746160224,0.0,0.0,0.0,0.6574909800674277,0.3425090199325723,2027,target,augmentation_only,single,G2_Temporal_Activity,0.8,0.9997940125452748,0.0545110599594177
0.8349395431885126,0.9326782102297028,0.3550777784349677,834224,164919,0.0719626862809029,0.928037313719097,0.0,0.0,0.0,0.6449222215650322,0.3550777784349677,2027,target,augmentation_only,single,G2_Temporal_Activity,0.9,0.9984427258577128,0.0545110599594177
0.897167872867047,0.9798969488225734,0.4909978115573431,896399,102744,0.0924331687117009,0.9075668312882992,1.0,0.0018792237360413,0.0037513977563755,0.5090021884426569,0.4900751168155202,2027,target,augmentation_only,single,G2_Temporal_Activity,0.95,0.993466573852404,0.0545110599594177
0.7060881175167119,0.7788869171747546,0.3486721476311586,705483,293660,0.0834775607633351,0.9165224392366648,1.0,0.0009838846480067,0.0019658351409978,0.6513278523688413,0.3483290944579168,2027,target,augmentation_only,single,G3_TCP_Control_Flags,0.8,0.9997940125452748,0.0581075504541546
0.8488654777144012,0.940449815859569,0.3992192582953806,848138,151005,0.0788527338711388,0.9211472661288612,1.0,0.0091560981391489,0.0181460492703409,0.6007807417046194,0.3955639675873898,2027,target,augmentation_only,single,G3_TCP_Control_Flags,0.9,0.9984427258577128,0.0581075504541546
0.8836863191755334,0.976474358279332,0.4281303602058319,882929,116214,0.0807992488637251,0.9192007511362748,0.9990439770554492,0.0144368921308576,0.0284624812746833,0.571869639794168,0.4219494883775951,2027,target,augmentation_only,single,G3_TCP_Control_Flags,0.95,0.993466573852404,0.0581075504541546
0.4589032801110552,0.5250200885946176,0.1342934879044182,458510,540633,0.0495190944581361,0.9504809055418638,0.0,0.0,0.0,0.8657065120955817,0.1342934879044182,2027,target,augmentation_only,single,G4_Rate_Header_Flow_Context,0.8,0.9997940125452748,0.0528162325498002
0.7382656936995005,0.8260911992077805,0.3070739930206423,737633,261510,0.0703832393615795,0.9296167606384204,0.0,0.0,0.0,0.6929260069793577,0.3070739930206423,2027,target,augmentation_only,single,G4_Rate_Header_Flow_Context,0.9,0.9984427258577128,0.0528162325498002
0.8605855217921758,0.9301386745503106,0.5191045129236411,859848,139295,0.1019901191838557,0.8980098808161443,1.0,0.0007861903948043,0.0015711455700525,0.4808954870763589,0.518696397941681,2027,target,augmentation_only,single,G4_Rate_Header_Flow_Context,0.95,0.993466573852404,0.0528162325498002
0.4943806842463991,0.5507407179850446,0.2176731531318388,493957,505186,0.074504460914614,0.925495539085386,0.0,0.0,0.0,0.7823268468681611,0.2176731531318388,2027,target,augmentation_only,pairwise_unseen,G1_Packet_Byte_Magnitude+G2_Temporal_Activity,0.8,0.9997940125452748,0.0467946278702056
0.6429590158766062,0.7166466081898821,0.2811793931507659,642408,356735,0.0740012577676492,0.9259987422323508,0.0,0.0,0.0,0.7188206068492341,0.2811793931507659,2027,target,augmentation_only,pairwise_unseen,G1_Packet_Byte_Magnitude+G2_Temporal_Activity,0.9,0.9984427258577128,0.0467946278702056
0.726395520961464,0.8159318517768919,0.2868042822499556,725773,273370,0.0668115237133373,0.9331884762866628,0.0,0.0,0.0,0.7131957177500443,0.2868042822499556,2027,target,augmentation_only,pairwise_unseen,G1_Packet_Byte_Magnitude+G2_Temporal_Activity,0.95,0.993466573852404,0.0467946278702056
0.5220423903285115,0.5828222337071559,0.2236351806943869,521595,477548,0.072489191805903,0.9275108081940968,0.0,0.0,0.0,0.7763648193056131,0.2236351806943869,2027,target,augmentation_only,pairwise_unseen,G1_Packet_Byte_Magnitude+G3_TCP_Control_Flags,0.8,0.9997940125452748,0.0573731750244234
0.6384451474914001,0.7108278428523757,0.2830721003134796,637898,361245,0.0750261013516267,0.9249738986483732,0.0,0.0,0.0,0.7169278996865204,0.2830721003134796,2027,target,augmentation_only,pairwise_unseen,G1_Packet_Byte_Magnitude+G3_TCP_Control_Flags,0.9,0.9984427258577128,0.0573731750244234
0.7804578523794892,0.876351838934648,0.3096528065298397,779789,219354,0.0667052241054952,0.9332947758945048,0.9970501474926252,0.0064561725211544,0.0128292719957488,0.6903471934701603,0.3076536345892234,2027,target,augmentation_only,pairwise_unseen,G1_Packet_Byte_Magnitude+G3_TCP_Control_Flags,0.95,0.993466573852404,0.0573731750244234
0.0001641406685529,0.0001975729845447,0.0,164,998979,0.0,1.0,0.0,0.0,0.0,1.0,0.0,2027,target,augmentation_only,pairwise_unseen,G1_Packet_Byte_Magnitude+G4_Rate_Header_Flow_Context,0.8,0.9997940125452748,0.1769190269480103
0.0140430348808929,0.0072499647621353,0.0473945702963269,14031,985112,0.5710925807141329,0.428907419285867,0.0,0.0,0.0,0.952605429703673,0.0473945702963269,2027,target,augmentation_only,pairwise_unseen,G1_Packet_Byte_Magnitude+G4_Rate_Header_Flow_Context,0.9,0.9984427258577128,0.1769190269480103
0.1362647789155306,0.1224434477449573,0.2041225527887857,136148,862995,0.2534815054205717,0.7465184945794283,0.0,0.0,0.0,0.7958774472112143,0.2041225527887857,2027,target,augmentation_only,pairwise_unseen,G1_Packet_Byte_Magnitude+G4_Rate_Header_Flow_Context,0.95,0.993466573852404,0.1769190269480103
0.7296342965921795,0.8079325553294711,0.3452179570592062,729009,270134,0.0800621117160419,0.919937888283958,0.0,0.0,0.0,0.6547820429407938,0.3452179570592062,2027,target,augmentation_only,pairwise_unseen,G2_Temporal_Activity+G3_TCP_Control_Flags,0.8,0.9997940125452748,0.0523061169247019
0.8390350530404557,0.9379090754668564,0.3535991009640977,838316,160827,0.0713132040901044,0.9286867959098956,0.0,0.0,0.0,0.6464008990359023,0.3535991009640977,2027,target,augmentation_only,pairwise_unseen,G2_Temporal_Activity+G3_TCP_Control_Flags,0.9,0.9984427258577128,0.0523061169247019
0.8859732791001889,0.977738102552426,0.4354409416218134,885214,113929,0.0831663304014622,0.9168336695985376,0.0,0.0,0.0,0.5645590583781865,0.4354409416218134,2027,target,augmentation_only,pairwise_unseen,G2_Temporal_Activity+G3_TCP_Control_Flags,0.95,0.993466573852404,0.0523061169247019
0.30147736610275,0.3538845378659467,0.0441769681197137,301219,697924,0.0247959126084343,0.9752040873915656,0.0,0.0,0.0,0.9558230318802864,0.0441769681197137,2027,target,augmentation_only,pairwise_unseen,G2_Temporal_Activity+G4_Rate_Header_Flow_Context,0.8,0.9997940125452748,0.0466740969647619
0.6625748266264189,0.7643761452306002,0.162766901283492,662007,337136,0.0415690468529788,0.9584309531470212,0.0,0.0,0.0,0.837233098716508,0.162766901283492,2027,target,augmentation_only,pairwise_unseen,G2_Temporal_Activity+G4_Rate_Header_Flow_Context,0.9,0.9984427258577128,0.0466740969647619
0.9044771369063288,0.975296148651986,0.5567812148814101,903702,95441,0.1041659750670021,0.8958340249329978,0.0,0.0,0.0,0.4432187851185899,0.5567812148814101,2027,target,augmentation_only,pairwise_unseen,G2_Temporal_Activity+G4_Rate_Header_Flow_Context,0.95,0.993466573852404,0.0466740969647619
0.4335495519660349,0.5035304123854167,0.0899686520376175,433178,565965,0.0351148950316036,0.9648851049683964,0.0,0.0,0.0,0.9100313479623824,0.0899686520376175,2027,target,augmentation_only,pairwise_unseen,G3_TCP_Control_Flags+G4_Rate_Header_Flow_Context,0.8,0.9997940125452748,0.0524443030043242
0.7631840487297614,0.8531526745238069,0.3214703968770331,762530,236613,0.0712771956513186,0.9287228043486814,0.0,0.0,0.0,0.6785296031229668,0.3214703968770331,2027,target,augmentation_only,pairwise_unseen,G3_TCP_Control_Flags+G4_Rate_Header_Flow_Context,0.9,0.9984427258577128,0.0524443030043242
0.8654657041084209,0.9368404947516664,0.5150411072336902,864724,134419,0.1006425171499808,0.8993574828500192,1.0,0.0005741978456096,0.0011477366632999,0.4849588927663098,0.5147453717395162,2027,target,augmentation_only,pairwise_unseen,G3_TCP_Control_Flags+G4_Rate_Header_Flow_Context,0.95,0.993466573852404,0.0524443030043242
0.7830907323309673,0.8738006886637917,0.4275371814191181,117603,32575,0.0,1.0,1.0,1.0,1.0,0.5724628185808819,0.0,2028,source,indicators_only,complete,,0.8,0.9999709486797412,5.005515784751597e-06
0.8821398606986376,0.9490438939591482,0.6198977920461246,132478,17700,0.0,1.0,1.0,1.0,1.0,0.3801022079538754,0.0,2028,source,indicators_only,complete,,0.9,0.999850360713569,5.005515784751597e-06
0.9508250209751096,0.9855414034032026,0.8147480836008648,142793,7385,0.0,1.0,1.0,1.0,1.0,0.1852519163991351,0.0,2028,source,indicators_only,complete,,0.95,0.9991031964227296,5.005515784751597e-06
0.6382159836993434,0.8010396817437234,0.0,95846,54332,0.0,1.0,0.0,0.0,0.0,1.0,0.0,2028,source,indicators_only,single,G1_Packet_Byte_Magnitude,0.8,0.9999709486797412,0.0138332137806656
0.7460746580724207,0.9361147327249022,0.0011793225447159,112044,38134,0.0003213023455071,0.9996786976544928,0.0,0.0,0.0,0.998820677455284,0.0011793225447159,2028,source,indicators_only,single,G1_Packet_Byte_Magnitude,0.9,0.999850360713569,0.0138332137806656
0.7918203731571868,0.9834185805502624,0.040817663631003,118914,31264,0.0104781606875557,0.9895218393124444,0.0,0.0,0.0,0.959182336368997,0.040817663631003,2028,source,indicators_only,single,G1_Packet_Byte_Magnitude,0.95,0.9991031964227296,0.0138332137806656
0.7170890543222043,0.8583141109216729,0.1635327262006158,107691,42487,0.0,1.0,1.0,1.0,1.0,0.8364672737993841,0.0,2028,source,indicators_only,single,G2_Temporal_Activity,0.8,0.9999709486797412,0.0005065205736286
0.8109976161621543,0.916691739377528,0.3967110004586254,121794,28384,0.0,1.0,1.0,1.0,1.0,0.6032889995413746,0.0,2028,source,indicators_only,single,G2_Temporal_Activity,0.9,0.999850360713569,0.0005065205736286
0.8498981208965362,0.9616721826630562,0.4117801218633296,127636,22542,3.9173900780344106e-05,0.9999608260992195,0.9999204265138856,0.999681782020684,0.999801090026654,0.5882198781366704,0.0001310358383017,2028,source,indicators_only,single,G2_Temporal_Activity,0.95,0.9991031964227296,0.0005065205736286
0.758906098096925,0.8750543242068666,0.3036427963047893,113971,36207,0.0,1.0,1.0,1.0,1.0,0.6963572036952106,0.0,2028,source,indicators_only,single,G3_TCP_Control_Flags,0.8,0.9999709486797412,7.691154779681315e-06
0.8531808920081503,0.9502055962290644,0.4728755814715324,128129,22049,0.0,1.0,1.0,1.0,1.0,0.5271244185284676,0.0,2028,source,indicators_only,single,G3_TCP_Control_Flags,0.9,0.999850360713569,7.691154779681315e-06
0.9347640799584492,0.984906228061378,0.738223154032628,140381,9797,0.0,1.0,1.0,1.0,1.0,0.261776845967372,0.0,2028,source,indicators_only,single,G3_TCP_Control_Flags,0.95,0.9991031964227296,7.691154779681315e-06
0.015082102571615,0.0189298967004312,0.0,2265,147913,0.0,1.0,0.0,0.0,0.0,1.0,0.0,2028,source,indicators_only,single,G4_Rate_Header_Flow_Context,0.8,0.9999709486797412,0.0230863727424609
0.1312509155801781,0.1644435529702805,0.0011465635851405,19711,130467,0.0001014661863933,0.9998985338136066,0.945945945945946,1.0,0.9722222222222222,0.9988534364148596,0.0,2028,source,indicators_only,single,G4_Rate_Header_Flow_Context,0.9,0.999850360713569,0.0230863727424609
0.358208259532022,0.4327800621803229,0.0659110266657931,53795,96383,0.001003810763082,0.998996189236918,0.9738625363020328,1.0,0.986758214811182,0.9340889733342068,0.0,2028,source,indicators_only,single,G4_Rate_Header_Flow_Context,0.95,0.9991031964227296,0.0230863727424609
0.6802993780713553,0.8481763781633403,0.0222760925113018,102166,48012,0.0066558346220856,0.9933441653779144,0.0,0.0,0.0,0.9777239074886982,0.0222760925113018,2028,source,indicators_only,pairwise_unseen,G1_Packet_Byte_Magnitude+G2_Temporal_Activity,0.8,0.9999709486797412,0.027419320321376
0.7597983725978505,0.9060274796911042,0.1866277927013038,114105,36073,0.0499276981727356,0.9500723018272644,0.0,0.0,0.0,0.8133722072986962,0.1866277927013038,2028,source,indicators_only,pairwise_unseen,G1_Packet_Byte_Magnitude+G2_Temporal_Activity,0.9,0.999850360713569,0.027419320321376
0.8321059009974829,0.9739160231337546,0.2762563060997183,124964,25214,0.067483435229346,0.932516564770654,0.0,0.0,0.0,0.7237436939002817,0.2762563060997183,2028,source,indicators_only,pairwise_unseen,G1_Packet_Byte_Magnitude+G2_Temporal_Activity,0.95,0.9991031964227296,0.027419320321376
0.6519929683442315,0.818172700832414,0.0006224202319334,97915,52263,0.0001940458560996,0.9998059541439004,0.0,0.0,0.0,0.9993775797680664,0.0006224202319334,2028,source,indicators_only,pairwise_unseen,G1_Packet_Byte_Magnitude+G3_TCP_Control_Flags,0.8,0.9999709486797412,0.016405593781515
0.7590525909254352,0.944957042088724,0.0303675555264364,113993,36185,0.0081320782855087,0.9918679217144912,0.0,0.0,0.0,0.9696324444735636,0.0303675555264364,2028,source,indicators_only,pairwise_unseen,G1_Packet_Byte_Magnitude+G3_TCP_Control_Flags,0.9,0.999850360713569,0.016405593781515
0.8264725858647738,0.9879818139270552,0.1934088973334207,124118,26060,0.0475676372484248,0.9524323627515752,0.0,0.0,0.0,0.8065911026665793,0.1934088973334207,2028,source,indicators_only,pairwise_unseen,G1_Packet_Byte_Magnitude+G3_TCP_Control_Flags,0.95,0.9991031964227296,0.016405593781515
0.0,0.0,0.0,0,150178,,,,,,1.0,0.0,2028,source,indicators_only,pairwise_unseen,G1_Packet_Byte_Magnitude+G4_Rate_Header_Flow_Context,0.8,0.9999709486797412,0.0552312645227396
0.0040418703138941,0.0050646875940226,3.2758959575443885e-05,607,149571,0.0016474464579901,0.99835255354201,0.0,0.0,0.0,0.9999672410404246,3.2758959575443885e-05,2028,source,indicators_only,pairwise_unseen,G1_Packet_Byte_Magnitude+G4_Rate_Header_Flow_Context,0.9,0.999850360713569,0.0552312645227396
0.1762175551678674,0.2195032260221308,0.0065517919150887,26464,123714,0.0075574365175332,0.9924425634824668,0.0,0.0,0.0,0.9934482080849112,0.0065517919150887,2028,source,indicators_only,pairwise_unseen,G1_Packet_Byte_Magnitude+G4_Rate_Header_Flow_Context,0.95,0.9991031964227296,0.0552312645227396
0.7291613951444286,0.8844231604987798,0.1205857301972089,109504,40674,0.0,1.0,1.0,1.0,1.0,0.879414269802791,0.0,2028,source,indicators_only,pairwise_unseen,G2_Temporal_Activity+G3_TCP_Control_Flags,0.8,0.9999709486797412,0.0018047570252963
0.8023079279255284,0.9366496172232808,0.2757321627465112,120489,29689,2.4898538455792647e-05,0.9999751014615442,1.0,0.9996435784721396,0.9998217574713326,0.7242678372534889,9.827687872633164e-05,2028,source,indicators_only,pairwise_unseen,G2_Temporal_Activity+G3_TCP_Control_Flags,0.9,0.999850360713569,0.0018047570252963
0.8539000386208366,0.9674639788720624,0.4087662975823888,128237,21941,0.0003119224560774,0.9996880775439224,0.99991961414791,0.9968744991184484,0.998394734729914,0.5912337024176112,0.0012775994234423,2028,source,indicators_only,pairwise_unseen,G2_Temporal_Activity+G3_TCP_Control_Flags,0.95,0.9991031964227296,0.0018047570252963
0.0,0.0,0.0,0,150178,,,,,,1.0,0.0,2028,source,indicators_only,pairwise_unseen,G2_Temporal_Activity+G4_Rate_Header_Flow_Context,0.8,0.9999709486797412,0.0129802179988705
0.0021174872484651,0.0026577073513188,0.0,318,149860,0.0,1.0,0.0,0.0,0.0,1.0,0.0,2028,source,indicators_only,pairwise_unseen,G2_Temporal_Activity+G4_Rate_Header_Flow_Context,0.9,0.999850360713569,0.0129802179988705
0.3330980569723927,0.4180790960451977,0.0,50024,100154,0.0,1.0,0.0,0.0,0.0,1.0,0.0,2028,source,indicators_only,pairwise_unseen,G2_Temporal_Activity+G4_Rate_Header_Flow_Context,0.95,0.9991031964227296,0.0129802179988705
0.0150754438066827,0.018921539130144,0.0,2264,147914,0.0,1.0,0.0,0.0,0.0,1.0,0.0,2028,source,indicators_only,pairwise_unseen,G3_TCP_Control_Flags+G4_Rate_Header_Flow_Context,0.8,0.9999709486797412,0.0253948553192843
0.1311510341061939,0.1643432621268344,0.0010482867064142,19696,130482,0.0001015434606011,0.9998984565393988,0.9411764705882352,1.0,0.9696969696969696,0.9989517132935858,0.0,2028,source,indicators_only,pairwise_unseen,G3_TCP_Control_Flags+G4_Rate_Header_Flow_Context,0.9,0.999850360713569,0.0253948553192843
0.3529544940004528,0.4312088389663357,0.0462228919609513,53006,97172,0.0010187525940459,0.998981247405954,0.9631399317406144,1.0,0.9812239221140472,0.9537771080390488,0.0,2028,source,indicators_only,pairwise_unseen,G3_TCP_Control_Flags+G4_Rate_Header_Flow_Context,0.95,0.9991031964227296,0.0253948553192843
0.5864585950159287,0.6498813959736072,0.2750754125510143,585956,413187,0.0793694407088586,0.9206305592911412,0.0,0.0,0.0,0.7249245874489856,0.2750754125510143,2028,target,indicators_only,complete,,0.8,0.9999709486797412,0.073176794641448
0.6768360484935589,0.7439755298630362,0.3472052995800556,676256,322887,0.0868044054322623,0.9131955945677376,0.0,0.0,0.0,0.6527947004199444,0.3472052995800556,2028,target,indicators_only,complete,,0.9,0.999850360713569,0.073176794641448
0.7911340018395765,0.8751917000071078,0.3784408824747146,790456,208687,0.0808217029157853,0.9191782970842148,1.0,0.0015160276948564,0.0030274656679151,0.6215591175252854,0.377867155616017,2028,target,indicators_only,complete,,0.95,0.9991031964227296,0.073176794641448
0.3415166797945839,0.3664810203439938,0.2189507304666706,341224,657919,0.1084859212716573,0.8915140787283427,0.0,0.0,0.0,0.7810492695333294,0.2189507304666706,2028,target,indicators_only,single,G1_Packet_Byte_Magnitude,0.8,0.9999709486797412,0.0925302978397168
0.6466371680530214,0.7045561053064008,0.3622759803631631,646083,353060,0.0948020610355016,0.9051979389644984,0.0,0.0,0.0,0.6377240196368368,0.3622759803631631,2028,target,indicators_only,single,G1_Packet_Byte_Magnitude,0.9,0.999850360713569,0.0925302978397168
0.7846834737369927,0.8404537914135263,0.5108712367658367,784011,215132,0.1101680971312902,0.8898319028687097,0.0,0.0,0.0,0.4891287632341634,0.5108712367658367,2028,target,indicators_only,single,G1_Packet_Byte_Magnitude,0.95,0.9991031964227296,0.0925302978397168
0.6620523788887076,0.727295069228851,0.3417341929378364,661485,337658,0.0873443842263996,0.9126556157736004,0.0,0.0,0.0,0.6582658070621636,0.3417341929378364,2028,target,indicators_only,single,G2_Temporal_Activity,0.8,0.9999709486797412,0.065401125404288
0.8308390290478941,0.9149026651872788,0.4181167563730999,830127,169016,0.0851568494941135,0.9148431505058864,0.0,0.0,0.0,0.5818832436269001,0.4181167563730999,2028,target,indicators_only,single,G2_Temporal_Activity,0.9,0.999850360713569,0.065401125404288
0.8996750214934198,0.9758659780525328,0.5256047790855859,898904,100239,0.0988581650543328,0.9011418349456672,0.0,0.0,0.0,0.4743952209144141,0.5256047790855859,2028,target,indicators_only,single,G2_Temporal_Activity,0.95,0.9991031964227296,0.065401125404288
0.6158768064231046,0.6824604582970414,0.2889749807771928,615349,383794,0.0793972201141141,0.920602779885886,0.0,0.0,0.0,0.7110250192228071,0.2889749807771928,2028,target,indicators_only,single,G3_TCP_Control_Flags,0.8,0.9999709486797412,0.0781575907668643
0.7261282919461979,0.8014560165190291,0.3562962086709647,725506,273637,0.0830303264204568,0.9169696735795432,0.0,0.0,0.0,0.6437037913290353,0.3562962086709647,2028,target,indicators_only,single,G3_TCP_Control_Flags,0.9,0.999850360713569,0.0781575907668643
0.8559775727798723,0.9412870916172432,0.4371384633583722,855244,143899,0.086399904588632,0.913600095411368,1.0,0.0001894272531695,0.0003787827545623,0.5628615366416277,0.4370556574200036,2028,target,indicators_only,single,G3_TCP_Control_Flags,0.95,0.9991031964227296,0.0781575907668643
0.0029295105905761,0.0034828262092611,0.0002129295558052,2927,996216,0.0122992825418517,0.9877007174581482,0.0,0.0,0.0,0.9997870704441948,0.0002129295558052,2028,target,indicators_only,single,G4_Rate_Header_Flow_Context,0.8,0.9999709486797412,0.0738736526626692
0.1316478221836113,0.156687423877177,0.0087123676583663,131535,867608,0.0111985403124643,0.9888014596875356,0.0,0.0,0.0,0.9912876323416336,0.0087123676583663,2028,target,indicators_only,single,G4_Rate_Header_Flow_Context,0.9,0.999850360713569,0.0738736526626692
0.3396480784031915,0.4003334646470852,0.041704619388419,339357,659786,0.0199760134607507,0.9800239865392492,0.9963503649635036,0.0387179123528577,0.0745392491467576,0.958295380611581,0.0400899035902289,2028,target,indicators_only,single,G4_Rate_Header_Flow_Context,0.95,0.9991031964227296,0.0738736526626692
0.6446624757417106,0.7086376740358981,0.3305672206778257,644110,355033,0.0867693406405738,0.9132306593594262,0.0,0.0,0.0,0.6694327793221743,0.3305672206778257,2028,target,indicators_only,pairwise_unseen,G1_Packet_Byte_Magnitude+G2_Temporal_Activity,0.8,0.9999709486797412,0.0845717331890348
0.8122180708867499,0.8814682564063643,0.4722245223871769,811522,187621,0.09838180603853,0.90161819396147,0.0,0.0,0.0,0.5277754776128231,0.4722245223871769,2028,target,indicators_only,pairwise_unseen,G1_Packet_Byte_Magnitude+G2_Temporal_Activity,0.9,0.999850360713569,0.0845717331890348
0.9262157669122438,0.9731517589416836,0.6957768971431951,925422,73721,0.1271149810572906,0.8728850189427094,0.0,0.0,0.0,0.3042231028568049,0.6957768971431951,2028,target,indicators_only,pairwise_unseen,G1_Packet_Byte_Magnitude+G2_Temporal_Activity,0.95,0.9991031964227296,0.0845717331890348
0.3943489570561971,0.417052476107523,0.2828828295972082,394011,605132,0.1213849359535647,0.8786150640464353,0.0,0.0,0.0,0.7171171704027918,0.2828828295972082,2028,target,indicators_only,pairwise_unseen,G1_Packet_Byte_Magnitude+G3_TCP_Control_Flags,0.8,0.9999709486797412,0.0999162353814378
0.7035879748944845,0.7527277721357037,0.4623292127521145,702985,296158,0.111191561697618,0.888808438302382,0.0,0.0,0.0,0.5376707872478855,0.4623292127521145,2028,target,indicators_only,pairwise_unseen,G1_Packet_Byte_Magnitude+G3_TCP_Control_Flags,0.9,0.999850360713569,0.0999162353814378
0.8832829735082967,0.952668018355012,0.5426273141302419,882526,116617,0.1039538778460917,0.8960461221539082,0.0,0.0,0.0,0.4573726858697581,0.5426273141302419,2028,target,indicators_only,pairwise_unseen,G1_Packet_Byte_Magnitude+G3_TCP_Control_Flags,0.95,0.9991031964227296,0.0999162353814378
0.0,0.0,0.0,0,999143,,,,,,1.0,0.0,2028,target,indicators_only,pairwise_unseen,G1_Packet_Byte_Magnitude+G4_Rate_Header_Flow_Context,0.8,0.9999709486797412,0.1738833493113194
0.0023269942340585,0.0018685103599321,0.0045779854498136,2325,996818,0.3329032258064516,0.6670967741935484,0.0,0.0,0.0,0.9954220145501864,0.0045779854498136,2028,target,indicators_only,pairwise_unseen,G1_Packet_Byte_Magnitude+G4_Rate_Header_Flow_Context,0.9,0.999850360713569,0.1738833493113194
0.2027457531104156,0.1897580092353323,0.266510912639735,202572,796571,0.2224344924273838,0.7775655075726161,0.0,0.0,0.0,0.733489087360265,0.266510912639735,2028,target,indicators_only,pairwise_unseen,G1_Packet_Byte_Magnitude+G4_Rate_Header_Flow_Context,0.95,0.9991031964227296,0.1738833493113194
0.7574871665016919,0.8408501420959361,0.3482048855503638,756838,242305,0.0777854706026917,0.9222145293973084,0.0,0.0,0.0,0.6517951144496362,0.3482048855503638,2028,target,indicators_only,pairwise_unseen,G2_Temporal_Activity+G3_TCP_Control_Flags,0.8,0.9999709486797412,0.0563640514946213
0.8585928140416337,0.947543167890053,0.4218785118589933,857857,141286,0.0831455592249057,0.9168544407750944,0.0,0.0,0.0,0.5781214881410067,0.4218785118589933,2028,target,indicators_only,pairwise_unseen,G2_Temporal_Activity+G3_TCP_Control_Flags,0.9,0.999850360713569,0.0563640514946213
0.905761237380435,0.9638622145281198,0.620506299166026,904985,94158,0.1159234683447791,0.8840765316552208,0.0,0.0,0.0,0.3794937008339741,0.620506299166026,2028,target,indicators_only,pairwise_unseen,G2_Temporal_Activity+G3_TCP_Control_Flags,0.95,0.9991031964227296,0.0563640514946213
0.0,0.0,0.0,0,999143,,,,,,1.0,0.0,2028,target,indicators_only,pairwise_unseen,G2_Temporal_Activity+G4_Rate_Header_Flow_Context,0.8,0.9999709486797412,0.0507512630629225
0.0001701458149634,0.0002011871245059,1.7744129650440647e-05,170,998973,0.0176470588235294,0.9823529411764704,0.0,0.0,0.0,0.9999822558703496,1.7744129650440647e-05,2028,target,indicators_only,pairwise_unseen,G2_Temporal_Activity+G4_Rate_Header_Flow_Context,0.9,0.999850360713569,0.0507512630629225
0.2433325359833377,0.2892938331929842,0.0176790678417223,243124,756019,0.0122941379707474,0.9877058620292526,0.0,0.0,0.0,0.9823209321582776,0.0176790678417223,2028,target,indicators_only,pairwise_unseen,G2_Temporal_Activity+G4_Rate_Header_Flow_Context,0.95,0.9991031964227296,0.0507512630629225
0.0029805543350651,0.0035442665886012,0.0002129295558052,2978,996165,0.0120886501007387,0.9879113498992612,0.0,0.0,0.0,0.9997870704441948,0.0002129295558052,2028,target,indicators_only,pairwise_unseen,G3_TCP_Control_Flags+G4_Rate_Header_Flow_Context,0.8,0.9999709486797412,0.074708456456505
0.131922057203023,0.1570102870470428,0.0087478559176672,131809,867334,0.0112207815854759,0.988779218414524,0.0,0.0,0.0,0.9912521440823328,0.0087478559176672,2028,target,indicators_only,pairwise_unseen,G3_TCP_Control_Flags+G4_Rate_Header_Flow_Context,0.9,0.999850360713569,0.074708456456505
0.3420811635571685,0.4028814333197201,0.0435736677115987,341788,657355,0.0208462555736304,0.9791537444263696,0.9959016393442623,0.0329849328084702,0.0638549467875443,0.9564263322884012,0.042136393209913,2028,target,indicators_only,pairwise_unseen,G3_TCP_Control_Flags+G4_Rate_Header_Flow_Context,0.95,0.9991031964227296,0.074708456456505
0.9015102078866412,0.9651322167619428,0.6521326082683614,135387,14791,7.386233537932003e-06,0.999992613766462,1.0,0.9999497664138244,0.9999748825760432,0.3478673917316386,3.2758959575443885e-05,2028,source,augmentation_only,complete,,0.8,0.99976819993097,1.100766625240282e-05
0.936728415613472,0.9923277504763816,0.7187970910043897,140676,9502,7.108533083112968e-06,0.9999928914669168,1.0,0.9999544253030718,0.9999772121322608,0.2812029089956103,3.2758959575443885e-05,2028,source,augmentation_only,complete,,0.9,0.9982565850827098,1.100766625240282e-05
0.9871885362702926,0.9968074081503026,0.9494856843346656,148254,1924,0.0002360813198969,0.9997639186801032,0.9990690618211908,0.9997239856472536,0.9993964164381672,0.0505143156653344,0.0002620716766035,2028,source,augmentation_only,complete,,0.95,0.9929463207740034,1.100766625240282e-05
0.7186272290215611,0.8326062247183499,0.2718666055166088,107922,42256,0.0,1.0,1.0,1.0,1.0,0.7281333944833912,0.0,2028,source,augmentation_only,single,G1_Packet_Byte_Magnitude,0.8,0.99976819993097,2.1626994380035672e-05
0.8513364141219086,0.9452328419082004,0.4832929306165236,127852,22326,7.82154365985671e-06,0.99999217845634,1.0,0.9999322171761676,0.999966107439417,0.5167070693834764,3.2758959575443885e-05,2028,source,augmentation_only,single,G1_Packet_Byte_Magnitude,0.9,0.9982565850827098,2.1626994380035672e-05
0.9240101745928164,0.9821064420151774,0.6962916857760597,138766,11412,3.603188100831616e-05,0.9999639681189916,0.99990590006587,0.9998588567395909,0.9998823778493966,0.3037083142239402,9.827687872633164e-05,2028,source,augmentation_only,single,G1_Packet_Byte_Magnitude,0.95,0.9929463207740034,2.1626994380035672e-05
0.821631663759006,0.8955638016915722,0.5318417087073315,123391,26787,8.104318791483982e-06,0.9999918956812084,1.0,0.9999384046812442,0.9999692013920972,0.4681582912926685,3.2758959575443885e-05,2028,source,augmentation_only,single,G2_Temporal_Activity,0.8,0.99976819993097,1.862653062686443e-05
0.9287578739895324,0.9736736535954268,0.7527026141649741,139479,10699,1.433907613332473e-05,0.9999856609238666,0.9999564782173478,0.9999564782173478,0.9999564782173478,0.2472973858350259,3.2758959575443885e-05,2028,source,augmentation_only,single,G2_Temporal_Activity,0.9,0.9982565850827098,1.862653062686443e-05
0.9545073179826604,0.9863186574399092,0.829817205005569,143346,6832,6.976127691041257e-05,0.9999302387230896,0.9998026133986024,0.9998026133986024,0.9998026133986024,0.1701827949944309,0.0001637947978772,2028,source,augmentation_only,single,G2_Temporal_Activity,0.95,0.9929463207740034,1.862653062686443e-05
0.8909760417637737,0.9552452111122256,0.6390617833977593,133805,16373,7.473562273457643e-06,0.9999925264377264,1.0,0.9999487389788804,0.9999743688325003,0.3609382166022407,3.2758959575443885e-05,2028,source,augmentation_only,single,G3_TCP_Control_Flags,0.8,0.99976819993097,8.299570631880526e-06
0.9309486076522526,0.988533413566008,0.7052348817401559,139808,10370,7.152666514076448e-06,0.999992847333486,1.0,0.9999535488665924,0.9999767738938566,0.2947651182598441,3.2758959575443885e-05,2028,source,augmentation_only,single,G3_TCP_Control_Flags,0.9,0.9982565850827098,8.299570631880526e-06
0.9790448667581138,0.9959047905592886,0.9129594444080456,147031,3147,0.0001020193020519,0.999897980697948,0.9995337159253944,0.9999282356740464,0.9997309368777916,0.0870405555919544,6.551791915088777e-05,2028,source,augmentation_only,single,G3_TCP_Control_Flags,0.95,0.9929463207740034,8.299570631880526e-06
0.5864973564703219,0.6422458462875673,0.3679813929109611,88079,62099,0.0,1.0,1.0,1.0,1.0,0.6320186070890389,0.0,2028,source,augmentation_only,single,G4_Rate_Header_Flow_Context,0.8,0.99976819993097,0.0013077248695539
0.7745142430981902,0.8355230167485709,0.5353796763414794,116315,33863,8.597343420882947e-06,0.9999914026565792,1.0,0.9999388117236736,0.999969404925807,0.4646203236585206,3.2758959575443885e-05,2028,source,augmentation_only,single,G4_Rate_Header_Flow_Context,0.9,0.9982565850827098,0.0013077248695539
0.8695414774467631,0.9250827399458428,0.6518377776321824,130586,19592,0.0004441517467416,0.9995558482532584,0.9999496018546518,0.9971353904915068,0.9985405133366884,0.3481622223678176,0.0018672606958003,2028,source,augmentation_only,single,G4_Rate_Header_Flow_Context,0.95,0.9929463207740034,0.0013077248695539
0.5195567926061074,0.6521077792264233,0.0,78026,72152,0.0,1.0,0.0,0.0,0.0,1.0,0.0,2028,source,augmentation_only,pairwise_unseen,G1_Packet_Byte_Magnitude+G2_Temporal_Activity,0.8,0.99976819993097,7.97572656385623e-05
0.6810851123333644,0.8544529134490021,0.0015396711000458,102284,47894,1.9553400336318485e-05,0.9999804465996636,1.0,0.9574468085106383,0.9782608695652174,0.9984603288999542,6.551791915088777e-05,2028,source,augmentation_only,pairwise_unseen,G1_Packet_Byte_Magnitude+G2_Temporal_Activity,0.9,0.9982565850827098,7.97572656385623e-05
0.7891368908894778,0.8904406111055394,0.3920592281989124,118511,31667,5.0628211727181445e-05,0.9999493717882728,1.0,0.9994986631016044,0.999749268700376,0.6079407718010876,0.0001965537574526,2028,source,augmentation_only,pairwise_unseen,G1_Packet_Byte_Magnitude+G2_Temporal_Activity,0.95,0.9929463207740034,7.97572656385623e-05
0.6916059609263674,0.8015662086718149,0.2605975234226561,103864,46314,0.0,1.0,1.0,1.0,1.0,0.7394024765773439,0.0,2028,source,augmentation_only,pairwise_unseen,G1_Packet_Byte_Magnitude+G3_TCP_Control_Flags,0.8,0.99976819993097,2.0893763609426015e-05
0.8117367390696374,0.9272557082205062,0.3589399200681386,121905,28273,8.203108978302777e-06,0.9999917968910216,1.0,0.9999087341425572,0.9999543649888194,0.6410600799318613,3.2758959575443885e-05,2028,source,augmentation_only,pairwise_unseen,G1_Packet_Byte_Magnitude+G3_TCP_Control_Flags,0.9,0.9982565850827098,2.0893763609426015e-05
0.8767862136930842,0.9714923277504764,0.5055690231278255,131674,18504,7.594513723286298e-06,0.9999924054862768,1.0,0.9999352037840992,0.999967600842378,0.4944309768721745,3.2758959575443885e-05,2028,source,augmentation_only,pairwise_unseen,G1_Packet_Byte_Magnitude+G3_TCP_Control_Flags,0.95,0.9929463207740034,2.0893763609426015e-05
0.0001464928285101,0.0001838665463176,0.0,22,150156,0.0,1.0,0.0,0.0,0.0,1.0,0.0,2028,source,augmentation_only,pairwise_unseen,G1_Packet_Byte_Magnitude+G4_Rate_Header_Flow_Context,0.8,0.99976819993097,0.0264318805062323
0.0276605095286926,0.034717346972888,0.0,4154,146024,0.0,1.0,0.0,0.0,0.0,1.0,0.0,2028,source,augmentation_only,pairwise_unseen,G1_Packet_Byte_Magnitude+G4_Rate_Header_Flow_Context,0.9,0.9982565850827098,0.0264318805062323
0.1834090212947302,0.2301925584194163,3.2758959575443885e-05,27544,122634,0.0,1.0,1.0,1.0,1.0,0.9999672410404246,0.0,2028,source,augmentation_only,pairwise_unseen,G1_Packet_Byte_Magnitude+G4_Rate_Header_Flow_Context,0.95,0.9929463207740034,0.0264318805062323
0.7895364167854146,0.8864122622271253,0.4098145842888029,118571,31607,8.433765423248518e-06,0.9999915662345767,1.0,0.9999200639488408,0.9999600303769136,0.590185415711197,3.2758959575443885e-05,2028,source,augmentation_only,pairwise_unseen,G2_Temporal_Activity+G3_TCP_Control_Flags,0.8,0.99976819993097,1.9177561036362597e-05
0.921719559456112,0.9678233543944104,0.7410076655965406,138422,11756,1.4448570313967431e-05,0.999985551429686,0.9999557913351016,0.9999557913351016,0.9999557913351016,0.2589923344034593,3.2758959575443885e-05,2028,source,augmentation_only,pairwise_unseen,G2_Temporal_Activity+G3_TCP_Control_Flags,0.9,0.9982565850827098,1.9177561036362597e-05
0.9454980090292852,0.9853408217163108,0.7893271309703204,141993,8185,2.1127802074750163e-05,0.9999788721979253,0.9999169986719788,0.9999584976136128,0.9999377477122284,0.2106728690296796,3.2758959575443885e-05,2028,source,augmentation_only,pairwise_unseen,G2_Temporal_Activity+G3_TCP_Control_Flags,0.95,0.9929463207740034,1.9177561036362597e-05
0.4339850044613725,0.5222812823855849,0.0878922885409159,65175,85003,0.0,1.0,1.0,1.0,1.0,0.912107711459084,0.0,2028,source,augmentation_only,pairwise_unseen,G2_Temporal_Activity+G4_Rate_Header_Flow_Context,0.8,0.99976819993097,0.0018994460910302
0.6046558084406505,0.6972804466285561,0.2415973268688986,90806,59372,2.2024976323150453e-05,0.9999779750236768,1.0,0.999728813559322,0.9998643883916464,0.7584026731311013,6.551791915088777e-05,2028,source,augmentation_only,pairwise_unseen,G2_Temporal_Activity+G4_Rate_Header_Flow_Context,0.9,0.9982565850827098,0.0018994460910302
0.7526468590605815,0.8422842911108882,0.4012972547991876,113031,37147,0.0005485220868611,0.9994514779131388,1.0,0.994938775510204,0.9974629675096162,0.5987027452008125,0.0020310554936775,2028,source,augmentation_only,pairwise_unseen,G2_Temporal_Activity+G4_Rate_Header_Flow_Context,0.95,0.9929463207740034,0.0018994460910302
0.5729534285980636,0.6272356500518169,0.3601847605320055,86045,64133,0.0,1.0,1.0,1.0,1.0,0.6398152394679945,0.0,2028,source,augmentation_only,pairwise_unseen,G3_TCP_Control_Flags+G4_Rate_Header_Flow_Context,0.8,0.99976819993097,0.0017040572841929
0.7444565781938766,0.8251596295924849,0.4281268426914761,111801,38377,2.683339147234819e-05,0.9999731666085276,1.0,0.9997704491544878,0.999885211402334,0.5718731573085238,9.827687872633164e-05,2028,source,augmentation_only,pairwise_unseen,G3_TCP_Control_Flags+G4_Rate_Header_Flow_Context,0.9,0.9982565850827098,0.0017040572841929
0.8203598396569405,0.8880837762845586,0.554904016248444,123200,26978,0.000137987012987,0.9998620129870128,0.9999409123138738,0.9990554342050888,0.9994979771431948,0.445095983751556,0.0005241433532071,2028,source,augmentation_only,pairwise_unseen,G3_TCP_Control_Flags+G4_Rate_Header_Flow_Context,0.95,0.9929463207740034,0.0017040572841929
0.8088131528720113,0.9012472397006046,0.354994972496599,808120,191023,0.0741238924912141,0.9258761075087858,1.0,0.0019660440860394,0.0039243726823752,0.6450050275034009,0.3542970367303484,2028,target,augmentation_only,complete,,0.8,0.99976819993097,0.0631391749727349
0.8678657609571403,0.9614142370610778,0.4085763293310463,867122,132021,0.0787524708172552,0.9212475291827448,1.0,0.0114363473175251,0.0226140722505295,0.5914236706689537,0.4039037085230969,2028,target,augmentation_only,complete,,0.9,0.9982565850827098,0.0631391749727349
0.8920304701128867,0.9839833364053524,0.4405749098006742,891266,107877,0.0823917887589114,0.9176082112410884,0.9962370649106302,0.0142170550961228,0.028034043229077,0.5594250901993257,0.4343112320340687,2028,target,augmentation_only,complete,,0.95,0.9929463207740034,0.0631391749727349
0.5539006928938099,0.6176697712128933,0.2408174129058969,553426,445717,0.0735690047088499,0.92643099529115,0.0,0.0,0.0,0.759182587094103,0.2408174129058969,2028,target,augmentation_only,single,G1_Packet_Byte_Magnitude,0.8,0.99976819993097,0.0638427917190812
0.7075053320695837,0.7934494917916858,0.2855503637546578,706899,292244,0.0682473733871458,0.9317526266128542,0.925,0.0007663946310949,0.0015315203443851,0.7144496362453422,0.285331519488969,2028,target,augmentation_only,single,G1_Packet_Byte_Magnitude,0.9,0.9982565850827098,0.0638427917190812
0.7838737798293137,0.8801587330270952,0.3111492281303602,783202,215941,0.0635532084953817,0.9364467915046182,0.9660849522555152,0.0557731057293844,0.1054580090936865,0.6888507718696398,0.2937954693322293,2028,target,augmentation_only,single,G1_Packet_Byte_Magnitude,0.95,0.9929463207740034,0.0638427917190812
0.7764434120040875,0.8637288527635522,0.3479032353463062,775778,223365,0.075820660034185,0.9241793399658148,0.0,0.0,0.0,0.6520967646536937,0.3479032353463062,2028,target,augmentation_only,single,G2_Temporal_Activity,0.8,0.99976819993097,0.060943705192576
0.8915660721238101,0.9771261081856656,0.4714970130715088,890802,108341,0.0894878996679396,0.9105121003320604,0.0,0.0,0.0,0.5285029869284912,0.4714970130715088,2028,target,augmentation_only,single,G2_Temporal_Activity,0.9,0.9982565850827098,0.060943705192576
0.9190916615539516,0.9940342596374054,0.5511504110723369,918304,80839,0.1013063212182458,0.8986936787817542,1.0,0.0016419303950291,0.0032784777577783,0.4488495889276631,0.5502454604601644,2028,target,augmentation_only,single,G2_Temporal_Activity,0.95,0.9929463207740034,0.060943705192576
0.8110620802027337,0.9041855354890472,0.3538593481989708,810367,188776,0.0737011748997676,0.9262988251002324,1.0,0.0017049158406739,0.0034040280999182,0.6461406518010292,0.3532560477908558,2028,target,augmentation_only,single,G3_TCP_Control_Flags,0.8,0.99976819993097,0.0591010734582167
0.8682340766036494,0.961531094253156,0.4101792157094694,867490,131653,0.0790314585758913,0.9209685414241088,1.0,0.0113916566929588,0.0225266969874107,0.5898207842905305,0.4055065949015201,2028,target,augmentation_only,single,G3_TCP_Control_Flags,0.9,0.9982565850827098,0.0591010734582167
0.8967074783089107,0.9856446360741766,0.4600579641568581,895939,103204,0.0856520365783831,0.9143479634216168,0.9980897803247374,0.0134349849579594,0.0265130852858719,0.5399420358431419,0.4538770923286213,2028,target,augmentation_only,single,G3_TCP_Control_Flags,0.95,0.9929463207740034,0.0591010734582167
0.4658302164955367,0.5395718207916653,0.1037854143254273,465431,533712,0.0377005399296566,0.9622994600703434,0.0,0.0,0.0,0.8962145856745727,0.1037854143254273,2028,target,augmentation_only,single,G4_Rate_Header_Flow_Context,0.8,0.99976819993097,0.0472751411118534
0.7796321447480491,0.8758687488931697,0.3071449695392441,778964,220179,0.0666641847376772,0.9333358152623228,0.0,0.0,0.0,0.6928550304607559,0.3071449695392441,2028,target,augmentation_only,single,G4_Rate_Header_Flow_Context,0.9,0.9982565850827098,0.0472751411118534
0.8767693913684027,0.9481190208572016,0.5264683267285739,876018,123125,0.1015401510014634,0.8984598489985366,1.0,0.000662846871138,0.0013248155924058,0.473531673271426,0.5261193588454486,2028,target,augmentation_only,single,G4_Rate_Header_Flow_Context,0.95,0.9929463207740034,0.0472751411118534
0.4176199002545181,0.4973430047718694,0.0262080794937008,417262,581881,0.0106192272481079,0.989380772751892,0.0,0.0,0.0,0.9737919205062991,0.0262080794937008,2028,target,augmentation_only,pairwise_unseen,G1_Packet_Byte_Magnitude+G2_Temporal_Activity,0.8,0.99976819993097,0.0456322263291069
0.6923063065046745,0.7755944356701158,0.2833914946471875,691713,307430,0.0692671671632599,0.93073283283674,0.0,0.0,0.0,0.7166085053528124,0.2833914946471875,2028,target,augmentation_only,pairwise_unseen,G1_Packet_Byte_Magnitude+G2_Temporal_Activity,0.9,0.9982565850827098,0.0456322263291069
0.723772272837822,0.81281284899039,0.2866150115336843,723152,275991,0.067009425404341,0.932990574595659,0.0,0.0,0.0,0.7133849884663157,0.2866150115336843,2028,target,augmentation_only,pairwise_unseen,G1_Packet_Byte_Magnitude+G2_Temporal_Activity,0.95,0.9929463207740034,0.0456322263291069
0.5244024128678277,0.5881024921904459,0.2116578931803395,523953,475190,0.0682981107084032,0.9317018892915968,0.0,0.0,0.0,0.7883421068196605,0.2116578931803395,2028,target,augmentation_only,pairwise_unseen,G1_Packet_Byte_Magnitude+G3_TCP_Control_Flags,0.8,0.99976819993097,0.0537987373279327
0.7018024446951037,0.7868898277621366,0.2840539421541373,701201,297942,0.0684382937274761,0.931561706272524,1.0,0.0007496095783446,0.0014980961694513,0.7159460578458626,0.283841012598332,2028,target,augmentation_only,pairwise_unseen,G1_Packet_Byte_Magnitude+G3_TCP_Control_Flags,0.9,0.9982565850827098,0.0537987373279327
0.7782679756551365,0.876739756623815,0.2948068847223044,777601,221542,0.063663755576446,0.936336244423554,0.9912790697674418,0.0068414822542784,0.0135891764799649,0.7051931152776957,0.2927899686520376,2028,target,augmentation_only,pairwise_unseen,G1_Packet_Byte_Magnitude+G3_TCP_Control_Flags,0.95,0.9929463207740034,0.0537987373279327
8.607376521679078e-05,0.0001024006322335,5.914709883480215e-06,86,999057,0.0116279069767441,0.9883720930232558,0.0,0.0,0.0,0.9999940852901166,5.914709883480215e-06,2028,target,augmentation_only,pairwise_unseen,G1_Packet_Byte_Magnitude+G4_Rate_Header_Flow_Context,0.8,0.99976819993097,0.177973793459335
0.0243308515397695,0.0119519608516359,0.0851067605133968,24310,974833,0.5918963389551625,0.4081036610448375,0.0,0.0,0.0,0.9148932394866032,0.0851067605133968,2028,target,augmentation_only,pairwise_unseen,G1_Packet_Byte_Magnitude+G4_Rate_Header_Flow_Context,0.9,0.9982565850827098,0.177973793459335
0.1894303418029251,0.1854330884151153,0.2090554208316082,189268,809875,0.1867457784728533,0.8132542215271467,0.0,0.0,0.0,0.7909445791683918,0.2090554208316082,2028,target,augmentation_only,pairwise_unseen,G1_Packet_Byte_Magnitude+G4_Rate_Header_Flow_Context,0.95,0.9929463207740034,0.177973793459335
0.7918556202665684,0.8824163657895149,0.347234873129473,791177,207966,0.0742021064818618,0.925797893518138,0.0,0.0,0.0,0.652765126870527,0.347234873129473,2028,target,augmentation_only,pairwise_unseen,G2_Temporal_Activity+G3_TCP_Control_Flags,0.8,0.99976819993097,0.0555533923833486
0.8855008742492316,0.9773803026962689,0.4344058673922044,884742,114401,0.0830129009360921,0.916987099063908,0.0,0.0,0.0,0.5655941326077956,0.4344058673922044,2028,target,augmentation_only,pairwise_unseen,G2_Temporal_Activity+G3_TCP_Control_Flags,0.9,0.9982565850827098,0.0555533923833486
0.9194900029325132,0.9941728016692508,0.5528242739693618,918702,80441,0.1015704766072132,0.8984295233927868,1.0,0.0016369588941433,0.0032685672780098,0.4471757260306382,0.5519193233571893,2028,target,augmentation_only,pairwise_unseen,G2_Temporal_Activity+G3_TCP_Control_Flags,0.95,0.9929463207740034,0.0555533923833486
0.3857015462251149,0.4594162200192031,0.0237889631513574,385371,613772,0.0104366960669069,0.989563303933093,0.0,0.0,0.0,0.9762110368486424,0.0237889631513574,2028,target,augmentation_only,pairwise_unseen,G2_Temporal_Activity+G4_Rate_Header_Flow_Context,0.8,0.99976819993097,0.0406563763323836
0.6923723631151897,0.8012223021348724,0.1579582421482226,691779,307364,0.0386048145433729,0.961395185456627,0.0,0.0,0.0,0.8420417578517774,0.1579582421482226,2028,target,augmentation_only,pairwise_unseen,G2_Temporal_Activity+G4_Rate_Header_Flow_Context,0.9,0.9982565850827098,0.0406563763323836
0.9040277517832784,0.9754069822774624,0.5535813568344473,903253,95890,0.1036188089051461,0.8963811910948538,0.0,0.0,0.0,0.4464186431655527,0.5535813568344473,2028,target,augmentation_only,pairwise_unseen,G2_Temporal_Activity+G4_Rate_Header_Flow_Context,0.95,0.9929463207740034,0.0406563763323836
0.4485093725322601,0.5233395135126669,0.0811202460519311,448125,551018,0.0306052998605299,0.96939470013947,0.0,0.0,0.0,0.9188797539480688,0.0811202460519311,2028,target,augmentation_only,pairwise_unseen,G3_TCP_Control_Flags+G4_Rate_Header_Flow_Context,0.8,0.99976819993097,0.0464387989235974
0.789834888499444,0.8840403193454069,0.3273200449517951,789158,209985,0.0701253741329366,0.9298746258670634,0.0,0.0,0.0,0.6726799550482049,0.3273200449517951,2028,target,augmentation_only,pairwise_unseen,G3_TCP_Control_Flags+G4_Rate_Header_Flow_Context,0.9,0.9982565850827098,0.0464387989235974
0.8808909235214579,0.9523270844853404,0.5301650204057491,880136,119007,0.1017990401483407,0.8982009598516593,1.0,0.0004239415406928,0.0008475237808481,0.4698349795942509,0.5299402614301768,2028,target,augmentation_only,pairwise_unseen,G3_TCP_Control_Flags+G4_Rate_Header_Flow_Context,0.95,0.9929463207740034,0.0464387989235974
0.78353686958143,0.8709758299067295,0.4408045600471729,117670,32508,0.0,1.0,1.0,1.0,1.0,0.5591954399528271,0.0,2029,source,indicators_only,complete,,0.8,0.9999742375563906,5.058008818798381e-06
0.8805151220551612,0.945918162671748,0.6241564567909323,132234,17944,0.0,1.0,1.0,1.0,1.0,0.3758435432090676,0.0,2029,source,indicators_only,complete,,0.9,0.9998664397439052,5.058008818798381e-06
0.9502790022506624,0.985909136495838,0.810620454694359,142711,7467,0.0,1.0,1.0,1.0,1.0,0.1893795453056411,0.0,2029,source,indicators_only,complete,,0.95,0.9991302001127178,5.058008818798381e-06
0.4243231365446337,0.5325778089793736,0.0,63724,86454,0.0,1.0,0.0,0.0,0.0,1.0,0.0,2029,source,indicators_only,single,G1_Packet_Byte_Magnitude,0.8,0.9999742375563906,0.0136825551817399
0.7387633341767769,0.9268712599872964,0.0014413942213195,110946,39232,0.0003965893317469,0.999603410668253,0.0,0.0,0.0,0.9985586057786804,0.0014413942213195,2029,source,indicators_only,single,G1_Packet_Byte_Magnitude,0.9,0.9998664397439052,0.0136825551817399
0.778642677356204,0.9677063484103902,0.0375745266330341,116935,33243,0.0098088681746269,0.9901911318253732,0.0,0.0,0.0,0.9624254733669658,0.0375745266330341,2029,source,indicators_only,single,G1_Packet_Byte_Magnitude,0.95,0.9991302001127178,0.0136825551817399
0.726511206701381,0.8755390632835223,0.1423704383148791,109106,41072,0.0,1.0,1.0,1.0,1.0,0.8576295616851208,0.0,2029,source,indicators_only,single,G2_Temporal_Activity,0.8,0.9999742375563906,0.0002804895137184
0.8159117846821772,0.922115802493899,0.3996265478608399,122532,27646,0.0,1.0,1.0,1.0,1.0,0.60037345213916,0.0,2029,source,indicators_only,single,G2_Temporal_Activity,0.9,0.9998664397439052,0.0002804895137184
0.8520821957943241,0.963920369070304,0.4137129004782808,127964,22214,4.688818730267888e-05,0.9999531118126972,0.999920792079208,0.9996040858341912,0.9997624138750296,0.5862870995217192,0.0001637947978772,2029,source,indicators_only,single,G2_Temporal_Activity,0.95,0.9991302001127178,0.0002804895137184
0.7558830188176697,0.8717948717948718,0.3015462228919609,113517,36661,0.0,1.0,1.0,1.0,1.0,0.698453777108039,0.0,2029,source,indicators_only,single,G3_TCP_Control_Flags,0.8,0.9999742375563906,8.515284214642976e-06
0.8518824328463557,0.9460017383746198,0.4829653410207691,127934,22244,0.0,1.0,1.0,1.0,1.0,0.5170346589792308,0.0,2029,source,indicators_only,single,G3_TCP_Control_Flags,0.9,0.9998664397439052,8.515284214642976e-06
0.9382266377232352,0.9848727977802292,0.7553888488501606,140901,9277,0.0,1.0,1.0,1.0,1.0,0.2446111511498394,0.0,2029,source,indicators_only,single,G3_TCP_Control_Flags,0.95,0.9991302001127178,8.515284214642976e-06
0.0392667368056572,0.0492845919834185,0.0,5897,144281,0.0,1.0,0.0,0.0,0.0,1.0,0.0,2029,source,indicators_only,single,G4_Rate_Header_Flow_Context,0.8,0.9999742375563906,0.0202175533629211
0.1448281372770978,0.1812506268177715,0.0020638144532529,21750,128428,9.195402298850576e-05,0.9999080459770114,0.9692307692307692,1.0,0.984375,0.997936185546747,0.0,2029,source,indicators_only,single,G4_Rate_Header_Flow_Context,0.9,0.9998664397439052,0.0202175533629211
0.3456165350450798,0.4280496773977869,0.0225054052283299,51904,98274,7.706535141800247e-05,0.999922934648582,0.9942112879884226,1.0,0.9970972423802612,0.97749459477167,0.0,2029,source,indicators_only,single,G4_Rate_Header_Flow_Context,0.95,0.9991302001127178,0.0202175533629211
0.3686958143003636,0.4618059037876508,0.0037345213916006,55370,94808,0.0020588766480043,0.9979411233519956,0.0,0.0,0.0,0.9962654786083994,0.0037345213916006,2029,source,indicators_only,pairwise_unseen,G1_Packet_Byte_Magnitude+G2_Temporal_Activity,0.8,0.9999742375563906,0.0283003424698279
0.7396223148530411,0.8964664192825862,0.1248443949420166,111075,39103,0.0343101507990096,0.9656898492009904,0.0,0.0,0.0,0.8751556050579834,0.1248443949420166,2029,source,indicators_only,pairwise_unseen,G1_Packet_Byte_Magnitude+G2_Temporal_Activity,0.9,0.9998664397439052,0.0283003424698279
0.8210523512098976,0.9607277772206064,0.2735700714145319,123304,26874,0.0677269188347498,0.93227308116525,0.0,0.0,0.0,0.7264299285854682,0.2735700714145319,2029,source,indicators_only,pairwise_unseen,G1_Packet_Byte_Magnitude+G2_Temporal_Activity,0.95,0.9991302001127178,0.0283003424698279
0.4415826552491044,0.5537224618059038,0.0020310554936775,66316,83862,0.000934917666928,0.999065082333072,0.0,0.0,0.0,0.9979689445063225,0.0020310554936775,2029,source,indicators_only,pairwise_unseen,G1_Packet_Byte_Magnitude+G3_TCP_Control_Flags,0.8,0.9999742375563906,0.0171551552757233
0.7501697985057731,0.9330558619997994,0.0333158618882264,112659,37519,0.0090272414986818,0.9909727585013182,0.0,0.0,0.0,0.9666841381117736,0.0333158618882264,2029,source,indicators_only,pairwise_unseen,G1_Packet_Byte_Magnitude+G3_TCP_Control_Flags,0.9,0.9998664397439052,0.0171551552757233
0.8135612406610822,0.972027212248855,0.1924261285461573,122179,27999,0.0480770017760826,0.9519229982239172,0.0,0.0,0.0,0.8075738714538426,0.1924261285461573,2029,source,indicators_only,pairwise_unseen,G1_Packet_Byte_Magnitude+G3_TCP_Control_Flags,0.95,0.9991302001127178,0.0171551552757233
0.0,0.0,0.0,0,150178,,,,,,1.0,0.0,2029,source,indicators_only,pairwise_unseen,G1_Packet_Byte_Magnitude+G4_Rate_Header_Flow_Context,0.8,0.9999742375563906,0.0535458946926972
5.327011945824288e-05,6.686056229732892e-05,0.0,8,150170,0.0,1.0,0.0,0.0,0.0,1.0,0.0,2029,source,indicators_only,pairwise_unseen,G1_Packet_Byte_Magnitude+G4_Rate_Header_Flow_Context,0.9,0.9998664397439052,0.0535458946926972
0.14953588408422,0.1874937318222846,0.0007534560702352,22457,127721,0.0010241795431268,0.9989758204568732,0.0,0.0,0.0,0.9992465439297648,0.0007534560702352,2029,source,indicators_only,pairwise_unseen,G1_Packet_Byte_Magnitude+G4_Rate_Header_Flow_Context,0.95,0.9991302001127178,0.0535458946926972
0.7311923184487741,0.8937084210878213,0.0941820087794011,109809,40369,0.0,1.0,1.0,1.0,1.0,0.9058179912205988,0.0,2029,source,indicators_only,pairwise_unseen,G2_Temporal_Activity+G3_TCP_Control_Flags,0.8,0.9999742375563906,0.0019255023245337
0.8063231631796934,0.938262628288704,0.2891633361724431,121092,29086,2.477455158061639e-05,0.9999752254484194,1.0,0.9996601336807522,0.9998300379581894,0.7108366638275568,9.827687872633164e-05,2029,source,indicators_only,pairwise_unseen,G2_Temporal_Activity+G3_TCP_Control_Flags,0.9,0.9998664397439052,0.0019255023245337
0.8578553449906111,0.9716009761642096,0.4120094345803577,128831,21347,0.0003182463847986,0.9996817536152012,0.9999202424629128,0.9968195913174844,0.9983675094565,0.5879905654196422,0.0013103583830177,2029,source,indicators_only,pairwise_unseen,G2_Temporal_Activity+G3_TCP_Control_Flags,0.95,0.9991302001127178,0.0019255023245337
0.0,0.0,0.0,0,150178,,,,,,1.0,0.0,2029,source,indicators_only,pairwise_unseen,G2_Temporal_Activity+G4_Rate_Header_Flow_Context,0.8,0.9999742375563906,0.0139604078121221
0.0192904420088162,0.0242118811219202,0.0,2897,147281,0.0,1.0,0.0,0.0,0.0,1.0,0.0,2029,source,indicators_only,pairwise_unseen,G2_Temporal_Activity+G4_Rate_Header_Flow_Context,0.9,0.9998664397439052,0.0139604078121221
0.3490324814553396,0.4380787617423862,0.0,52417,97761,0.0,1.0,0.0,0.0,0.0,1.0,0.0,2029,source,indicators_only,pairwise_unseen,G2_Temporal_Activity+G4_Rate_Header_Flow_Context,0.95,0.9991302001127178,0.0139604078121221
0.0388472346149236,0.0487580650553271,0.0,5834,144344,0.0,1.0,0.0,0.0,0.0,1.0,0.0,2029,source,indicators_only,pairwise_unseen,G3_TCP_Control_Flags+G4_Rate_Header_Flow_Context,0.8,0.9999742375563906,0.0234202200751304
0.1434231378763867,0.1798549125798147,0.0006224202319334,21539,128639,9.28548214866057e-05,0.9999071451785134,0.9047619047619048,1.0,0.95,0.9993775797680664,0.0,2029,source,indicators_only,pairwise_unseen,G3_TCP_Control_Flags+G4_Rate_Header_Flow_Context,0.9,0.9998664397439052,0.0234202200751304
0.3431328157253392,0.4249406612509611,0.0224726462687545,51531,98647,7.762317828103472e-05,0.9999223768217188,0.9942028985507246,1.0,0.997093023255814,0.9775273537312454,0.0,2029,source,indicators_only,pairwise_unseen,G3_TCP_Control_Flags+G4_Rate_Header_Flow_Context,0.95,0.9991302001127178,0.0234202200751304
0.5972328285340537,0.6550279312783334,0.3134796238244514,596721,402422,0.0888187276801051,0.9111812723198948,0.0,0.0,0.0,0.6865203761755486,0.3134796238244514,2029,target,indicators_only,complete,,0.8,0.9999742375563906,0.0596104631553982
0.6940588083987977,0.7651459570423325,0.3450464304725853,693464,305679,0.084124049698326,0.915875950301674,0.0,0.0,0.0,0.6549535695274147,0.3450464304725853,2029,target,indicators_only,complete,,0.9,0.9998664397439052,0.0596104631553982
0.8031282809367628,0.8883736731588667,0.384604010173301,802440,196703,0.0808758287223967,0.9191241712776032,1.0,0.0019530949634755,0.0038985756385068,0.615395989826699,0.383852842018099,2029,target,indicators_only,complete,,0.95,0.9991302001127178,0.0596104631553982
0.3229457645201938,0.3468791299078514,0.2054415330928018,322669,676474,0.1076459157836668,0.8923540842163331,0.0,0.0,0.0,0.7945584669071982,0.2054415330928018,2029,target,indicators_only,single,G1_Packet_Byte_Magnitude,0.8,0.9999742375563906,0.0896934161725411
0.6388965343299208,0.6998276055238515,0.339746850416987,638349,360794,0.0899836923062462,0.9100163076937536,0.0,0.0,0.0,0.660253149583013,0.339746850416987,2029,target,indicators_only,single,G1_Packet_Byte_Magnitude,0.9,0.9998664397439052,0.0896934161725411
0.7884056636537513,0.8535405922129741,0.468616549358254,787730,211413,0.1005788785497569,0.8994211214502431,0.0,0.0,0.0,0.531383450641746,0.468616549358254,2029,target,indicators_only,single,G1_Packet_Byte_Magnitude,0.95,0.9991302001127178,0.0896934161725411
0.7718915110249484,0.8583895633275628,0.3472171289998225,771230,227913,0.0761173709528934,0.9238826290471066,0.0,0.0,0.0,0.6527828710001774,0.3472171289998225,2029,target,indicators_only,single,G2_Temporal_Activity,0.8,0.9999742375563906,0.0563876428932215
0.8518590432000224,0.9307205510840612,0.4646773525758561,851129,148014,0.0923044567862216,0.9076955432137784,0.0,0.0,0.0,0.5353226474241438,0.4646773525758561,2029,target,indicators_only,single,G2_Temporal_Activity,0.9,0.9998664397439052,0.0563876428932215
0.9017658133019998,0.9777308742725036,0.5288046371325487,900993,98150,0.0992294057778473,0.9007705942221528,0.0,0.0,0.0,0.4711953628674513,0.5288046371325487,2029,target,indicators_only,single,G2_Temporal_Activity,0.95,0.9991302001127178,0.0563876428932215
0.639305885143568,0.710166455239479,0.2914059265393032,638758,360385,0.0771309322153303,0.9228690677846696,0.0,0.0,0.0,0.7085940734606968,0.2914059265393032,2029,target,indicators_only,single,G3_TCP_Control_Flags,0.8,0.9999742375563906,0.0623167529749002
0.7339229719869929,0.8098528683621802,0.3611344413556515,733294,265849,0.0832640114333405,0.9167359885666596,0.0,0.0,0.0,0.6388655586443485,0.3611344413556515,2029,target,indicators_only,single,G3_TCP_Control_Flags,0.9,0.9998664397439052,0.0623167529749002
0.8682641023357017,0.9499465709642404,0.4672325072455196,867520,131623,0.0910180745112504,0.9089819254887496,1.0,0.0004430660168365,0.0008857395925597,0.5327674927544804,0.4670254923995978,2029,target,indicators_only,single,G3_TCP_Control_Flags,0.95,0.9991302001127178,0.0623167529749002
0.0067958240211861,0.0080908546597708,0.0004376885313775,6790,992353,0.0108983799705449,0.9891016200294552,0.0,0.0,0.0,0.9995623114686224,0.0004376885313775,2029,target,indicators_only,single,G4_Rate_Header_Flow_Context,0.8,0.9999742375563906,0.0813454569324173
0.1406205117785942,0.167311790649738,0.0095759153013544,140500,858643,0.0115231316725978,0.988476868327402,0.0,0.0,0.0,0.9904240846986456,0.0095759153013544,2029,target,indicators_only,single,G4_Rate_Header_Flow_Context,0.9,0.9998664397439052,0.0813454569324173
0.3337370126198152,0.3953736599070202,0.0311232034068728,333451,665692,0.014388920710989,0.9856110792890108,0.9978540772532188,0.0883694412770809,0.1623603351955307,0.9688767965931272,0.0283728633110545,2029,target,indicators_only,single,G4_Rate_Header_Flow_Context,0.95,0.9991302001127178,0.0813454569324173
0.5011024447951895,0.5388501975127489,0.3157745312592417,500673,498470,0.1066324726917569,0.8933675273082431,0.0,0.0,0.0,0.6842254687407583,0.3157745312592417,2029,target,indicators_only,pairwise_unseen,G1_Packet_Byte_Magnitude+G2_Temporal_Activity,0.8,0.9999742375563906,0.0815171605568119
0.7786573093140822,0.8550488932901082,0.4036020583190394,777990,221153,0.0877093535906631,0.9122906464093368,0.0,0.0,0.0,0.5963979416809605,0.4036020583190394,2029,target,indicators_only,pairwise_unseen,G1_Packet_Byte_Magnitude+G2_Temporal_Activity,0.9,0.9998664397439052,0.0815171605568119
0.8936278390580727,0.945256622007944,0.6401490506890637,892862,106281,0.1212169405798432,0.8787830594201568,0.0,0.0,0.0,0.3598509493109363,0.6401490506890637,2029,target,indicators_only,pairwise_unseen,G1_Packet_Byte_Magnitude+G2_Temporal_Activity,0.95,0.9991302001127178,0.0815171605568119
0.3584521935298551,0.3804834032669416,0.2502868634293488,358145,640998,0.1181532619469767,0.8818467380530233,0.0,0.0,0.0,0.7497131365706512,0.2502868634293488,2029,target,indicators_only,pairwise_unseen,G1_Packet_Byte_Magnitude+G3_TCP_Control_Flags,0.8,0.9999742375563906,0.0932635164755289
0.6859398504518373,0.7444562104778736,0.398645531436683,685352,313791,0.0983421657775858,0.9016578342224142,0.0,0.0,0.0,0.601354468563317,0.398645531436683,2029,target,indicators_only,pairwise_unseen,G1_Packet_Byte_Magnitude+G3_TCP_Control_Flags,0.9,0.9998664397439052,0.0932635164755289
0.8819548352938468,0.9529077563057708,0.5336014668480511,881199,117944,0.1023786908518961,0.8976213091481039,0.0,0.0,0.0,0.4663985331519489,0.5336014668480511,2029,target,indicators_only,pairwise_unseen,G1_Packet_Byte_Magnitude+G3_TCP_Control_Flags,0.95,0.9991302001127178,0.0932635164755289
0.0,0.0,0.0,0,999143,,,,,,1.0,0.0,2029,target,indicators_only,pairwise_unseen,G1_Packet_Byte_Magnitude+G4_Rate_Header_Flow_Context,0.8,0.9999742375563906,0.1524261959236637
2.3019727906816143e-05,2.770840636907838e-05,0.0,23,999120,0.0,1.0,0.0,0.0,0.0,1.0,0.0,2029,target,indicators_only,pairwise_unseen,G1_Packet_Byte_Magnitude+G4_Rate_Header_Flow_Context,0.9,0.9998664397439052,0.1524261959236637
0.131732895091093,0.123471068207254,0.1722954989057786,131620,867523,0.2213189484880717,0.7786810515119282,0.0,0.0,0.0,0.8277045010942213,0.1722954989057786,2029,target,indicators_only,pairwise_unseen,G1_Packet_Byte_Magnitude+G4_Rate_Header_Flow_Context,0.95,0.9991302001127178,0.1524261959236637
0.8190699429411005,0.9045011703789908,0.3996332879872242,818368,180775,0.0825618792523656,0.9174381207476344,0.0,0.0,0.0,0.6003667120127758,0.3996332879872242,2029,target,indicators_only,pairwise_unseen,G2_Temporal_Activity+G3_TCP_Control_Flags,0.8,0.9999742375563906,0.0517168151285459
0.8602782584675066,0.948455135873592,0.4273614479209794,859541,139602,0.0840611442618793,0.9159388557381208,0.0,0.0,0.0,0.5726385520790205,0.4273614479209794,2029,target,indicators_only,pairwise_unseen,G2_Temporal_Activity+G3_TCP_Control_Flags,0.9,0.9998664397439052,0.0517168151285459
0.9205118786800288,0.9779983206296312,0.6382740876560005,919723,79420,0.117332066285175,0.882667933714825,0.0,0.0,0.0,0.3617259123439995,0.6382740876560005,2029,target,indicators_only,pairwise_unseen,G2_Temporal_Activity+G3_TCP_Control_Flags,0.95,0.9991302001127178,0.0517168151285459
0.0,0.0,0.0,0,999143,,,,,,1.0,0.0,2029,target,indicators_only,pairwise_unseen,G2_Temporal_Activity+G4_Rate_Header_Flow_Context,0.8,0.9999742375563906,0.0582822547788044
0.0001841578232545,0.0002216672509526,0.0,184,998959,0.0,1.0,0.0,0.0,0.0,1.0,0.0,2029,target,indicators_only,pairwise_unseen,G2_Temporal_Activity+G4_Rate_Header_Flow_Context,0.9,0.9998664397439052,0.0582822547788044
0.260511258148233,0.3097450465200048,0.0187910332998166,260288,738855,0.012205710597492,0.987794289402508,0.0,0.0,0.0,0.9812089667001832,0.0187910332998166,2029,target,indicators_only,pairwise_unseen,G2_Temporal_Activity+G4_Rate_Header_Flow_Context,0.95,0.9991302001127178,0.0582822547788044
0.0066657125156258,0.0079354466414399,0.000431773821494,6660,992483,0.0109609609609609,0.989039039039039,0.0,0.0,0.0,0.999568226178506,0.000431773821494,2029,target,indicators_only,pairwise_unseen,G3_TCP_Control_Flags+G4_Rate_Header_Flow_Context,0.8,0.9999742375563906,0.0813849109684975
0.1403092450229847,0.1669262823872117,0.0096291476903057,140189,858954,0.0116128940216422,0.9883871059783578,0.0,0.0,0.0,0.9903708523096942,0.0096291476903057,2029,target,indicators_only,pairwise_unseen,G3_TCP_Control_Flags+G4_Rate_Header_Flow_Context,0.9,0.9998664397439052,0.0813849109684975
0.3331244876859469,0.3944689202034038,0.0319453480806766,332839,666304,0.0153948305336814,0.9846051694663186,0.996415770609319,0.0514719496389557,0.0978873239436619,0.9680546519193234,0.0303010587330691,2029,target,indicators_only,pairwise_unseen,G3_TCP_Control_Flags+G4_Rate_Header_Flow_Context,0.95,0.9991302001127178,0.0813849109684975
0.904852907882646,0.9677648514024004,0.6582585337089694,135889,14289,7.3589473761673134e-06,0.999992641052624,1.0,0.9999502339006668,0.999975116331152,0.3417414662910306,3.2758959575443885e-05,2029,source,augmentation_only,complete,,0.8,0.9996898132338952,1.5336870408010936e-05
0.9460107339290708,0.9926119078661452,0.7633492760269934,142070,8108,4.927148588723869e-05,0.9999507285141128,0.9997854537652864,0.9999141704574714,0.99984980796876,0.2366507239730066,6.551791915088777e-05,2029,source,augmentation_only,complete,,0.9,0.997998741880462,1.5336870408010936e-05
0.9913635818828324,0.996473105338816,0.9713359103714866,148881,1297,0.0003291219161612,0.9996708780838388,0.9986187845303868,0.9997301945971468,0.9991741805005476,0.0286640896285133,0.0002620716766035,2029,source,augmentation_only,complete,,0.95,0.9928967285096036,1.5336870408010936e-05
0.7102505027367524,0.8217748136261825,0.2731114459804756,106664,43514,0.0,1.0,1.0,1.0,1.0,0.7268885540195243,0.0,2029,source,augmentation_only,single,G1_Packet_Byte_Magnitude,0.8,0.9996898132338952,3.013910406095027e-05
0.8399299497929124,0.9369170594724702,0.4597719976413549,126139,24039,0.0,1.0,1.0,1.0,1.0,0.5402280023586451,0.0,2029,source,augmentation_only,single,G1_Packet_Byte_Magnitude,0.9,0.997998741880462,3.013910406095027e-05
0.9191159823675904,0.9757129007454952,0.697274454563323,138031,12147,0.0001086712405184,0.9998913287594816,0.9995772266065388,0.9997181113460184,0.9996476640124022,0.3027255454366769,0.0001965537574526,2029,source,augmentation_only,single,G1_Packet_Byte_Magnitude,0.95,0.9928967285096036,3.013910406095027e-05
0.824102065548882,0.8960652559088021,0.5420297451352944,123762,26416,1.6160049126549343e-05,0.9999838399508736,0.9999395624320078,0.9999395624320078,0.9999395624320078,0.4579702548647055,3.2758959575443885e-05,2029,source,augmentation_only,single,G2_Temporal_Activity,0.8,0.9996898132338952,2.102803957454565e-05
0.926374036143776,0.9686758265637014,0.7605647644630806,139121,11057,2.1563962306193888e-05,0.9999784360376938,0.9999138599362564,0.9999569281130206,0.9999353935608916,0.2394352355369193,3.2758959575443885e-05,2029,source,augmentation_only,single,G2_Temporal_Activity,0.9,0.997998741880462,2.102803957454565e-05
0.968650534698824,0.9857419850900946,0.9016576033545176,145470,4708,0.0002268508970921,0.9997731491029078,0.999092262445082,0.99970934457201,0.9994007082538818,0.0983423966454825,0.0002620716766035,2029,source,augmentation_only,single,G2_Temporal_Activity,0.95,0.9928967285096036,2.102803957454565e-05
0.8946050686518664,0.957643833784642,0.6475135949682238,134350,15828,7.44324525493115e-06,0.9999925567547452,1.0,0.9999494080744712,0.9999747033973336,0.3524864050317762,3.2758959575443885e-05,2029,source,augmentation_only,single,G3_TCP_Control_Flags,0.8,0.9996898132338952,1.199947266853702e-05
0.928797826579126,0.9890265102129508,0.6927209591823363,139485,10693,1.4338459332544718e-05,0.9999856615406676,0.9999527097323372,0.9999527097323372,0.9999527097323372,0.3072790408176636,3.2758959575443885e-05,2029,source,augmentation_only,single,G3_TCP_Control_Flags,0.9,0.997998741880462,1.199947266853702e-05
0.983233229900518,0.9959465784107244,0.9334010351831226,147660,2518,0.0001760801842069,0.999823919815793,0.9992283679983164,0.9998596146421928,0.999543891656726,0.0665989648168774,0.0001310358383017,2029,source,augmentation_only,single,G3_TCP_Control_Flags,0.95,0.9928967285096036,1.199947266853702e-05
0.5826419315745316,0.6376491826296259,0.3670313830832732,87500,62678,0.0,1.0,1.0,1.0,1.0,0.6329686169167267,0.0,2029,source,augmentation_only,single,G4_Rate_Header_Flow_Context,0.8,0.9996898132338952,0.0012891820422727
0.7793884590286194,0.8359910406846521,0.5575247330144795,117047,33131,0.0001623279537279,0.999837672046272,1.0,0.9988836006815912,0.9994414885799112,0.4424752669855205,0.0006224202319334,2029,source,augmentation_only,single,G4_Rate_Header_Flow_Context,0.9,0.997998741880462,0.0012891820422727
0.8514163193010961,0.9114097549560392,0.6162615475332504,127864,22314,0.0003832196709003,0.9996167803290996,1.0,0.9973952796087604,0.9986959414504324,0.3837384524667496,0.0016051890191967,2029,source,augmentation_only,single,G4_Rate_Header_Flow_Context,0.95,0.9928967285096036,0.0012891820422727
0.5356510274474291,0.6723080266105038,0.0,80443,69735,0.0,1.0,0.0,0.0,0.0,1.0,0.0,2029,source,augmentation_only,pairwise_unseen,G1_Packet_Byte_Magnitude+G2_Temporal_Activity,0.8,0.9996898132338952,9.160593036029931e-05
0.6836221017725632,0.8573529903386488,0.0026534757256109,102665,47513,0.0,1.0,1.0,1.0,1.0,0.9973465242743892,0.0,2029,source,augmentation_only,pairwise_unseen,G1_Packet_Byte_Magnitude+G2_Temporal_Activity,0.9,0.997998741880462,9.160593036029931e-05
0.7887906351129993,0.8885518002206398,0.3977592871650396,118459,31719,4.220869667986392e-05,0.9999577913033202,1.0,0.9995882062263218,0.9997940607109024,0.6022407128349604,0.0001637947978772,2029,source,augmentation_only,pairwise_unseen,G1_Packet_Byte_Magnitude+G2_Temporal_Activity,0.95,0.9928967285096036,9.160593036029931e-05
0.6940297513617174,0.8025607595359877,0.2686234685186398,104228,45950,0.0,1.0,1.0,1.0,1.0,0.7313765314813602,0.0,2029,source,augmentation_only,pairwise_unseen,G1_Packet_Byte_Magnitude+G3_TCP_Control_Flags,0.8,0.9996898132338952,2.8454744812583288e-05
0.8068958169638696,0.9273727142045264,0.3346655310227347,121178,29000,0.0,1.0,1.0,1.0,1.0,0.6653344689772653,0.0,2029,source,augmentation_only,pairwise_unseen,G1_Packet_Byte_Magnitude+G3_TCP_Control_Flags,0.9,0.997998741880462,2.8454744812583288e-05
0.8641811716762775,0.9672299669040216,0.4602633820349865,129781,20397,3.082115255699987e-05,0.999969178847443,1.0,0.9997153024911032,0.9998576309794988,0.5397366179650134,0.0001310358383017,2029,source,augmentation_only,pairwise_unseen,G1_Packet_Byte_Magnitude+G3_TCP_Control_Flags,0.95,0.9928967285096036,2.8454744812583288e-05
0.0,0.0,0.0,0,150178,,,,,,1.0,0.0,2029,source,augmentation_only,pairwise_unseen,G1_Packet_Byte_Magnitude+G4_Rate_Header_Flow_Context,0.8,0.9996898132338952,0.0325923092596219
0.0081569870420434,0.0102380236017784,0.0,1225,148953,0.0,1.0,0.0,0.0,0.0,1.0,0.0,2029,source,augmentation_only,pairwise_unseen,G1_Packet_Byte_Magnitude+G4_Rate_Header_Flow_Context,0.9,0.997998741880462,0.0325923092596219
0.1313308207593655,0.1648363587737772,0.0,19723,130455,0.0,1.0,0.0,0.0,0.0,1.0,0.0,2029,source,augmentation_only,pairwise_unseen,G1_Packet_Byte_Magnitude+G4_Rate_Header_Flow_Context,0.95,0.9928967285096036,0.0325923092596219
0.809019962977267,0.8820579681075118,0.5227347179453581,121497,28681,1.6461311801937497e-05,0.999983538688198,0.9999373315786176,0.9999373315786176,0.9999373315786176,0.4772652820546419,3.2758959575443885e-05,2029,source,augmentation_only,pairwise_unseen,G2_Temporal_Activity+G3_TCP_Control_Flags,0.8,0.9996898132338952,2.145224560730465e-05
0.9200748445178388,0.9624995821214856,0.7537836598309637,138175,12003,1.4474398407816175e-05,0.9999855256015922,0.9999565406345068,0.9999565406345068,0.9999565406345068,0.2462163401690362,3.2758959575443885e-05,2029,source,augmentation_only,pairwise_unseen,G2_Temporal_Activity+G3_TCP_Control_Flags,0.9,0.997998741880462,2.145224560730465e-05
0.9442727962817457,0.9839200347674923,0.7888685055362642,141809,8369,3.525869303076673e-05,0.9999647413069692,0.9998754256291006,0.9999169469706408,0.9998961858688205,0.2111314944637358,6.551791915088777e-05,2029,source,augmentation_only,pairwise_unseen,G2_Temporal_Activity+G3_TCP_Control_Flags,0.95,0.9928967285096036,2.145224560730465e-05
0.420933825194103,0.5283154481329188,3.2758959575443885e-05,63215,86963,1.5819030293443012e-05,0.9999841809697064,0.0,0.0,0.0,0.9999672410404246,3.2758959575443885e-05,2029,source,augmentation_only,pairwise_unseen,G2_Temporal_Activity+G4_Rate_Header_Flow_Context,0.8,0.9996898132338952,0.0022135624851153
0.5890543222043175,0.7044094540835089,0.1368996920657799,88463,61715,3.391248318506042e-05,0.9999660875168148,1.0,0.9992821249102656,0.999640933572711,0.86310030793422,9.827687872633164e-05,2029,source,augmentation_only,pairwise_unseen,G2_Temporal_Activity+G4_Rate_Header_Flow_Context,0.9,0.997998741880462,0.0022135624851153
0.7634806696054016,0.8568682512619931,0.3974316975692852,114658,35520,0.0005581817230372,0.9994418182769628,1.0,0.9947246950214308,0.9973553719008263,0.6025683024307148,0.0020965734128284,2029,source,augmentation_only,pairwise_unseen,G2_Temporal_Activity+G4_Rate_Header_Flow_Context,0.95,0.9928967285096036,0.0022135624851153
0.5721344005113932,0.6270267107946378,0.356974382493612,85922,64256,1.1638462791834454e-05,0.9999883615372082,1.0,0.9999082316233826,0.999954113706236,0.643025617506388,3.2758959575443885e-05,2029,source,augmentation_only,pairwise_unseen,G3_TCP_Control_Flags+G4_Rate_Header_Flow_Context,0.8,0.9996898132338952,0.0018941845940088
0.7359000652558964,0.8157490054491359,0.4229181681189805,110516,39662,4.524231785442832e-05,0.9999547576821456,1.0,0.9996127033307514,0.999806314158435,0.5770818318810195,0.0001637947978772,2029,source,augmentation_only,pairwise_unseen,G3_TCP_Control_Flags+G4_Rate_Header_Flow_Context,0.9,0.997998741880462,0.0018941845940088
0.8426866784748764,0.9020743489452746,0.6099063093756142,126553,23625,0.00040299321233,0.99959700678767,1.0,0.9972607154366742,0.998628479225494,0.3900936906243857,0.0016707069383476,2029,source,augmentation_only,pairwise_unseen,G3_TCP_Control_Flags+G4_Rate_Header_Flow_Context,0.95,0.9928967285096036,0.0018941845940088
0.7633361791054935,0.8464954287153058,0.3550541195954338,762682,236461,0.0784704503318552,0.9215295496681448,1.0,0.0030152093154975,0.006012290317223,0.6449458804045661,0.3539835571065239,2029,target,augmentation_only,complete,,0.8,0.9996898132338952,0.0556217522158802
0.8573747701780425,0.9509970809796248,0.3977228366948601,856640,142503,0.077823823309675,0.922176176690325,1.0,0.0085659473848579,0.0169863902446217,0.6022771633051399,0.3943159638019755,2029,target,augmentation_only,complete,,0.9,0.997998741880462,0.0556217522158802
0.8722555229831966,0.9660523833445974,0.4117466138285917,871508,127635,0.0787978997324178,0.9212021002675822,0.9989395546129376,0.013531760852702,0.0267018155533823,0.5882533861714083,0.4061749571183533,2029,target,augmentation_only,complete,,0.95,0.9928967285096036,0.0556217522158802
0.5348683822035485,0.5994846236415351,0.217625835452771,534410,464733,0.0688497595479126,0.9311502404520874,0.0,0.0,0.0,0.782374164547229,0.217625835452771,2029,target,augmentation_only,single,G1_Packet_Byte_Magnitude,0.8,0.9996898132338952,0.0558455791776892
0.6561333062434507,0.7319380343656522,0.2839593067960017,655571,343572,0.0731575984904762,0.9268424015095238,1.0,0.0010206419629652,0.0020392026301552,0.7160406932039983,0.2836694860117111,2029,target,augmentation_only,single,G1_Packet_Byte_Magnitude,0.9,0.997998741880462,0.0558455791776892
0.7461134192002546,0.8369263908114105,0.3002543325249897,745474,253669,0.0656065805111915,0.9343934194888084,0.9915254237288136,0.036876526672445,0.0711084099369444,0.6997456674750103,0.2891819956231147,2029,target,augmentation_only,single,G1_Packet_Byte_Magnitude,0.95,0.9928967285096036,0.0558455791776892
0.7736330034839858,0.8606556290832252,0.3463831549062518,772970,226173,0.0757636130768335,0.9242363869231665,0.0,0.0,0.0,0.6536168450937482,0.3463831549062518,2029,target,augmentation_only,single,G2_Temporal_Activity,0.8,0.9996898132338952,0.0490143086842642
0.841372055851865,0.939711326594167,0.3585615425563376,840651,158492,0.0721131599201095,0.9278868400798904,0.0,0.0,0.0,0.6414384574436623,0.3585615425563376,2029,target,augmentation_only,single,G2_Temporal_Activity,0.9,0.997998741880462,0.0490143086842642
0.8998321561578273,0.9808860184586174,0.5018867924528302,899061,100082,0.094196055662519,0.905803944337481,1.0,0.0019563014118368,0.003904963537991,0.4981132075471698,0.5009049506121724,2029,target,augmentation_only,single,G2_Temporal_Activity,0.95,0.9928967285096036,0.0490143086842642
0.762431403712982,0.8455979172916117,0.3541136807239605,761778,237365,0.0785320657724428,0.9214679342275572,1.0,0.0007683313846667,0.0015354830095466,0.6458863192760395,0.3538416040693204,2029,target,augmentation_only,single,G3_TCP_Control_Flags,0.8,0.9996898132338952,0.0547488661463209
0.8558274441196105,0.9495707004082772,0.3955817117170402,855094,144049,0.0775832832413746,0.9224167167586254,1.0,0.0080740419551143,0.0160187478678749,0.6044182882829597,0.392387768379961,2029,target,augmentation_only,single,G3_TCP_Control_Flags,0.9,0.997998741880462,0.0547488661463209
0.8739649879947115,0.9679799246572288,0.4123854024960076,873216,125927,0.0787834854148343,0.9212165145851656,0.9989235737351992,0.0133100025816815,0.026269974947276,0.5876145975039925,0.4068965517241379,2029,target,augmentation_only,single,G3_TCP_Control_Flags,0.95,0.9928967285096036,0.0547488661463209
0.47056227186699,0.5394164127733344,0.1325131602294907,470159,528984,0.0476519645481634,0.9523480354518364,0.0,0.0,0.0,0.8674868397705092,0.1325131602294907,2029,target,augmentation_only,single,G4_Rate_Header_Flow_Context,0.8,0.9996898132338952,0.0514753642553578
0.76063186150531,0.8530201560585635,0.3070385047613415,759980,239163,0.0683057448880233,0.9316942551119768,0.0,0.0,0.0,0.6929614952386586,0.3070385047613415,2029,target,augmentation_only,single,G4_Rate_Header_Flow_Context,0.9,0.997998741880462,0.0514753642553578
0.8650833764536208,0.9344382963907992,0.5245756195658603,864342,134801,0.1026052187675711,0.8973947812324289,1.0,4.51009132934942e-05,9.019775858569914e-05,0.4754243804341397,0.5245519607263264,2029,target,augmentation_only,single,G4_Rate_Header_Flow_Context,0.95,0.9928967285096036,0.0514753642553578
0.4889880627697937,0.5443834457933218,0.2170166203347726,488569,510574,0.0750989113103778,0.9249010886896222,0.0,0.0,0.0,0.7829833796652275,0.2170166203347726,2029,target,augmentation_only,pairwise_unseen,G1_Packet_Byte_Magnitude+G2_Temporal_Activity,0.8,0.9996898132338952,0.0468672830253708
0.6489241279776768,0.7236965905408319,0.2818181818181818,648368,350775,0.0734875872961034,0.9265124127038964,0.0,0.0,0.0,0.7181818181818181,0.2818181818181818,2029,target,augmentation_only,pairwise_unseen,G1_Packet_Byte_Magnitude+G2_Temporal_Activity,0.9,0.997998741880462,0.0468672830253708
0.7247931477276025,0.8140272000173479,0.286685988052286,724172,274971,0.0669316129317344,0.9330683870682656,0.0,0.0,0.0,0.7133140119477139,0.286685988052286,2029,target,augmentation_only,pairwise_unseen,G1_Packet_Byte_Magnitude+G2_Temporal_Activity,0.95,0.9928967285096036,0.0468672830253708
0.5175855708342049,0.5800441647903257,0.2109362985745549,517142,482001,0.0689617165111323,0.9310382834888676,0.0,0.0,0.0,0.7890637014254451,0.2109362985745549,2029,target,augmentation_only,pairwise_unseen,G1_Packet_Byte_Magnitude+G3_TCP_Control_Flags,0.8,0.9996898132338952,0.051975561741326
0.645680348058286,0.7196246595178978,0.2826403264919855,645127,354016,0.0739916326552756,0.9260083673447244,1.0,0.001088184824007,0.0021740039299301,0.7173596735080144,0.2823327615780446,2029,target,augmentation_only,pairwise_unseen,G1_Packet_Byte_Magnitude+G3_TCP_Control_Flags,0.9,0.997998741880462,0.051975561741326
0.7437283752175614,0.8358252828365698,0.2915656237061572,743091,256052,0.0656770166776343,0.9343229833223656,0.993963782696177,0.0100213003347195,0.0198425449871465,0.7084343762938428,0.288643757023718,2029,target,augmentation_only,pairwise_unseen,G1_Packet_Byte_Magnitude+G3_TCP_Control_Flags,0.95,0.9928967285096036,0.051975561741326
0.0,0.0,0.0,0,999143,,,,,,1.0,0.0,2029,target,augmentation_only,pairwise_unseen,G1_Packet_Byte_Magnitude+G4_Rate_Header_Flow_Context,0.8,0.9996898132338952,0.1998666548347313
0.004906204617357,0.0043815423462755,0.0074821080026024,4902,994241,0.2580579355365157,0.7419420644634843,0.0,0.0,0.0,0.9925178919973976,0.0074821080026024,2029,target,augmentation_only,pairwise_unseen,G1_Packet_Byte_Magnitude+G4_Rate_Header_Flow_Context,0.9,0.997998741880462,0.1998666548347313
0.153913904215913,0.1434042548065049,0.2055125096114035,153782,845361,0.2259432183220402,0.7740567816779597,0.0,0.0,0.0,0.7944874903885965,0.2055125096114035,2029,target,augmentation_only,pairwise_unseen,G1_Packet_Byte_Magnitude+G4_Rate_Header_Flow_Context,0.95,0.9928967285096036,0.1998666548347313
0.7724149596203946,0.8592075636721108,0.3462944342579996,771753,227390,0.0758636506757991,0.9241363493242007,0.0,0.0,0.0,0.6537055657420003,0.3462944342579996,2029,target,augmentation_only,pairwise_unseen,G2_Temporal_Activity+G3_TCP_Control_Flags,0.8,0.9996898132338952,0.0482282261577461
0.8428463192956364,0.9423231450727828,0.3544508191873188,842124,157019,0.0711617291515263,0.9288382708484736,0.0,0.0,0.0,0.6455491808126811,0.3544508191873188,2029,target,augmentation_only,pairwise_unseen,G2_Temporal_Activity+G3_TCP_Control_Flags,0.9,0.997998741880462,0.0482282261577461
0.8930273244170254,0.9817991911554766,0.4571893298633702,892262,106881,0.0864589100510836,0.9135410899489164,1.0,0.0019793782423638,0.0039509360877985,0.5428106701366298,0.4562843792511977,2029,target,augmentation_only,pairwise_unseen,G2_Temporal_Activity+G3_TCP_Control_Flags,0.95,0.9928967285096036,0.0482282261577461
0.4217914752943272,0.4899942535174617,0.0869403205772756,421430,577713,0.0348788648174074,0.9651211351825926,0.0,0.0,0.0,0.9130596794227244,0.0869403205772756,2029,target,augmentation_only,pairwise_unseen,G2_Temporal_Activity+G4_Rate_Header_Flow_Context,0.8,0.9996898132338952,0.0461999614819597
0.690830041345433,0.795055374647772,0.1791210741113148,690238,308905,0.0438747214728832,0.9561252785271168,0.0,0.0,0.0,0.8208789258886852,0.1791210741113148,2029,target,augmentation_only,pairwise_unseen,G2_Temporal_Activity+G4_Rate_Header_Flow_Context,0.9,0.997998741880462,0.0461999614819597
0.9046282664243256,0.9754130058440644,0.557100609215118,903853,95290,0.1042083170604069,0.8957916829395931,0.0,0.0,0.0,0.442899390784882,0.557100609215118,2029,target,augmentation_only,pairwise_unseen,G2_Temporal_Activity+G4_Rate_Header_Flow_Context,0.95,0.9928967285096036,0.0461999614819597
0.4502348512675362,0.5151956514667987,0.1313006447033773,449849,549294,0.0493476699959319,0.950652330004068,0.0,0.0,0.0,0.8686993552966227,0.1313006447033773,2029,target,augmentation_only,pairwise_unseen,G3_TCP_Control_Flags+G4_Rate_Header_Flow_Context,0.8,0.9996898132338952,0.052234453299214
0.7651757556225686,0.8520575901155681,0.3386171408292423,764520,234623,0.0748835870873227,0.9251164129126772,0.0,0.0,0.0,0.6613828591707577,0.3386171408292423,2029,target,augmentation_only,pairwise_unseen,G3_TCP_Control_Flags+G4_Rate_Header_Flow_Context,0.9,0.997998741880462,0.052234453299214
0.8699125150253767,0.9398811911723428,0.5263914355000887,869167,129976,0.1023888389688057,0.8976111610311942,1.0,4.494533523601919e-05,8.98866304872979e-05,0.4736085644999113,0.5263677766605548,2029,target,augmentation_only,pairwise_unseen,G3_TCP_Control_Flags+G4_Rate_Header_Flow_Context,0.95,0.9928967285096036,0.052234453299214
0.7821252114157866,0.8718199445057333,0.4305510057000589,117458,32720,0.0,1.0,1.0,1.0,1.0,0.569448994299941,0.0,2030,source,indicators_only,complete,,0.8,0.9999725749785204,4.989014927881095e-06
0.8809079891861658,0.9471968709256844,0.6210771145908406,132293,17885,0.0,1.0,1.0,1.0,1.0,0.3789228854091594,0.0,2030,source,indicators_only,complete,,0.9,0.9998600149080936,4.989014927881095e-06
0.9502856610155948,0.9858255607929662,0.8109808032496888,142712,7466,0.0,1.0,1.0,1.0,1.0,0.1890191967503112,0.0,2030,source,indicators_only,complete,,0.95,0.9991150459210276,4.989014927881095e-06
0.6728349025822691,0.8444906896667,0.0,101045,49133,0.0,1.0,0.0,0.0,0.0,1.0,0.0,2030,source,indicators_only,single,G1_Packet_Byte_Magnitude,0.8,0.9999725749785204,0.0147455310756192
0.7468071222149716,0.9367164777855782,0.0024241630085828,112154,38024,0.0006598070510191,0.9993401929489808,0.0,0.0,0.0,0.9975758369914172,0.0024241630085828,2030,source,indicators_only,single,G1_Packet_Byte_Magnitude,0.9,0.9998600149080936,0.0147455310756192
0.7934983819201215,0.9847725069367832,0.043765969992793,119166,31012,0.011211251531477,0.9887887484685228,0.0,0.0,0.0,0.956234030007207,0.043765969992793,2030,source,indicators_only,single,G1_Packet_Byte_Magnitude,0.95,0.9991150459210276,0.0147455310756192
0.7082795083167974,0.8585648380302878,0.1192098538950403,106368,43810,0.0,1.0,1.0,1.0,1.0,0.8807901461049598,0.0,2030,source,indicators_only,single,G2_Temporal_Activity,0.8,0.9999725749785204,0.0003477797729949
0.8099655075976507,0.916875605923846,0.3909126646137719,121639,28539,0.0,1.0,1.0,1.0,1.0,0.6090873353862282,0.0,2030,source,indicators_only,single,G2_Temporal_Activity,0.9,0.9998600149080936,0.0003477797729949
0.8479803965960394,0.9592735599906396,0.4117473629037542,127348,22830,3.1409994660300905e-05,0.9999685900053396,0.9999204265138856,0.9997613175272496,0.9998408656906428,0.5882526370962459,9.827687872633164e-05,2030,source,indicators_only,single,G2_Temporal_Activity,0.95,0.9991150459210276,0.0003477797729949
0.7535790861511007,0.8702320061511717,0.2963375483194653,113171,37007,0.0,1.0,1.0,1.0,1.0,0.7036624516805347,0.0,2030,source,indicators_only,single,G3_TCP_Control_Flags,0.8,0.9999725749785204,8.04277537390761e-06
0.8493188083474277,0.9447731755424064,0.4751687086418135,127549,22629,0.0,1.0,1.0,1.0,1.0,0.5248312913581865,0.0,2030,source,indicators_only,single,G3_TCP_Control_Flags,0.9,0.9998600149080936,8.04277537390761e-06
0.9349372078466884,0.9842877678601276,0.7414990499901724,140407,9771,0.0,1.0,1.0,1.0,1.0,0.2585009500098277,0.0,2030,source,indicators_only,single,G3_TCP_Control_Flags,0.95,0.9991150459210276,8.04277537390761e-06
0.0025636244989279,0.0032176645605589,0.0,385,149793,0.0,1.0,0.0,0.0,0.0,1.0,0.0,2030,source,indicators_only,single,G4_Rate_Header_Flow_Context,0.8,0.9999725749785204,0.0190099219224304
0.1250382878983606,0.156921739711831,6.551791915088777e-05,18778,131400,5.3253807647246777e-05,0.9999467461923528,0.6666666666666666,1.0,0.8,0.9999344820808492,0.0,2030,source,indicators_only,single,G4_Rate_Header_Flow_Context,0.9,0.9998600149080936,0.0190099219224304
0.3438985736925515,0.4285427740447297,0.0121208150429142,51646,98532,9.681291871587344e-05,0.999903187081284,0.9866666666666668,1.0,0.9932885906040269,0.9878791849570856,0.0,2030,source,indicators_only,single,G4_Rate_Header_Flow_Context,0.95,0.9991150459210276,0.0190099219224304
0.6670750709158465,0.8296392872664059,0.0298761711328048,100180,49998,0.0091036134957077,0.9908963865042922,0.0,0.0,0.0,0.9701238288671952,0.0298761711328048,2030,source,indicators_only,pairwise_unseen,G1_Packet_Byte_Magnitude+G2_Temporal_Activity,0.8,0.9999725749785204,0.0283655487151047
0.7574211935170264,0.9005783438638719,0.1962916857760597,113748,36430,0.0526778492808664,0.9473221507191336,0.0,0.0,0.0,0.8037083142239403,0.1962916857760597,2030,source,indicators_only,pairwise_unseen,G1_Packet_Byte_Magnitude+G2_Temporal_Activity,0.9,0.9998600149080936,0.0283655487151047
0.83151327091851,0.9723615150603416,0.2794339251785363,124875,25303,0.0683083083083083,0.9316916916916916,0.0,0.0,0.0,0.7205660748214636,0.2794339251785363,2030,source,indicators_only,pairwise_unseen,G1_Packet_Byte_Magnitude+G2_Temporal_Activity,0.95,0.9991150459210276,0.0283655487151047
0.6809719133295157,0.8545866345735967,0.0004586254340562,102267,47911,0.0001368965550959,0.999863103444904,0.0,0.0,0.0,0.9995413745659438,0.0004586254340562,2030,source,indicators_only,pairwise_unseen,G1_Packet_Byte_Magnitude+G3_TCP_Control_Flags,0.8,0.9999725749785204,0.0169237910883309
0.7511819307754798,0.9377778892120484,0.0197864115835681,112811,37367,0.0053540878105858,0.994645912189414,0.0,0.0,0.0,0.980213588416432,0.0197864115835681,2030,source,indicators_only,pairwise_unseen,G1_Packet_Byte_Magnitude+G3_TCP_Control_Flags,0.9,0.9998600149080936,0.0169237910883309
0.8160249836860259,0.985466185270618,0.1518705365917578,122549,27629,0.0378297660527625,0.9621702339472374,0.0,0.0,0.0,0.8481294634082421,0.1518705365917578,2030,source,indicators_only,pairwise_unseen,G1_Packet_Byte_Magnitude+G3_TCP_Control_Flags,0.95,0.9991150459210276,0.0169237910883309
0.0,0.0,0.0,0,150178,,,,,,1.0,0.0,2030,source,indicators_only,pairwise_unseen,G1_Packet_Byte_Magnitude+G4_Rate_Header_Flow_Context,0.8,0.9999725749785204,0.0576210552541264
0.0151353726910732,0.0189800421221542,6.551791915088777e-05,2273,147905,0.0008798944126704,0.9991201055873296,0.0,0.0,0.0,0.9999344820808492,6.551791915088777e-05,2030,source,indicators_only,pairwise_unseen,G1_Packet_Byte_Magnitude+G4_Rate_Header_Flow_Context,0.9,0.9998600149080936,0.0576210552541264
0.1692191932240408,0.2107946377829037,0.0062569612789097,25413,124765,0.0075158383504505,0.9924841616495494,0.0,0.0,0.0,0.9937430387210904,0.0062569612789097,2030,source,indicators_only,pairwise_unseen,G1_Packet_Byte_Magnitude+G4_Rate_Header_Flow_Context,0.95,0.9991150459210276,0.0576210552541264
0.7258519889730852,0.8824424163407214,0.1120684007075935,109007,41171,0.0,1.0,1.0,1.0,1.0,0.8879315992924065,0.0,2030,source,indicators_only,pairwise_unseen,G2_Temporal_Activity+G3_TCP_Control_Flags,0.8,0.9999725749785204,0.0015047440746603
0.7980995884883272,0.933741182763347,0.2664286182270851,119857,30321,2.502982721075949e-05,0.9999749701727892,1.0,0.99963113242346,0.9998155321896328,0.7335713817729149,9.827687872633164e-05,2030,source,indicators_only,pairwise_unseen,G2_Temporal_Activity+G3_TCP_Control_Flags,0.9,0.9998600149080936,0.0015047440746603
0.8541064603337373,0.9681660147761842,0.4070300727248903,128268,21910,0.0003040508934418,0.999695949106558,0.9999192767194058,0.9969416498993964,0.9984282432595816,0.5929699272751098,0.0012448404638668,2030,source,indicators_only,pairwise_unseen,G2_Temporal_Activity+G3_TCP_Control_Flags,0.95,0.9991150459210276,0.0015047440746603
0.0,0.0,0.0,0,150178,,,,,,1.0,0.0,2030,source,indicators_only,pairwise_unseen,G2_Temporal_Activity+G4_Rate_Header_Flow_Context,0.8,0.9999725749785204,0.0178169102192346
0.0099748298685559,0.0125196402901748,0.0,1498,148680,0.0,1.0,0.0,0.0,0.0,1.0,0.0,2030,source,indicators_only,pairwise_unseen,G2_Temporal_Activity+G4_Rate_Header_Flow_Context,0.9,0.9998600149080936,0.0178169102192346
0.3101452942508224,0.3892705512653361,0.0,46577,103601,0.0,1.0,0.0,0.0,0.0,1.0,0.0,2030,source,indicators_only,pairwise_unseen,G2_Temporal_Activity+G4_Rate_Header_Flow_Context,0.95,0.9991150459210276,0.0178169102192346
0.0025636244989279,0.0032176645605589,0.0,385,149793,0.0,1.0,0.0,0.0,0.0,1.0,0.0,2030,source,indicators_only,pairwise_unseen,G3_TCP_Control_Flags+G4_Rate_Header_Flow_Context,0.8,0.9999725749785204,0.020219568697966
0.1237531462664305,0.1553254437869822,0.0,18585,131593,5.380683346785042e-05,0.999946193166532,0.0,0.0,0.0,1.0,0.0,2030,source,indicators_only,pairwise_unseen,G3_TCP_Control_Flags+G4_Rate_Header_Flow_Context,0.9,0.9998600149080936,0.020219568697966
0.3392973671243458,0.4230017049443386,0.0112035641748018,50955,99223,9.812579727210284e-05,0.999901874202728,0.9855907780979828,1.0,0.9927431059506532,0.9887964358251982,0.0,2030,source,indicators_only,pairwise_unseen,G3_TCP_Control_Flags+G4_Rate_Header_Flow_Context,0.95,0.9991150459210276,0.020219568697966
0.6144706013053186,0.6821231385673309,0.2823209321582776,613944,385199,0.0777465045671918,0.9222534954328082,0.0,0.0,0.0,0.7176790678417224,0.2823209321582776,2030,target,indicators_only,complete,,0.8,0.9999725749785204,0.0640636529564219
0.691146312389718,0.7612282293244088,0.3470692612527356,690554,308589,0.0849738036417137,0.9150261963582862,0.0,0.0,0.0,0.6529307387472645,0.3470692612527356,2030,target,indicators_only,complete,,0.9,0.9998600149080936,0.0640636529564219
0.7840209059163703,0.8643408471303127,0.389678831253327,783349,215794,0.0838081110718211,0.9161918889281788,1.0,0.003521393986309,0.0070180745670422,0.610321168746673,0.3883066185603596,2030,target,indicators_only,complete,,0.95,0.9991150459210276,0.0640636529564219
0.4609390247442058,0.5064361809142087,0.2375643224699828,460544,538599,0.0872120796275708,0.9127879203724292,0.0,0.0,0.0,0.7624356775300172,0.2375643224699828,2030,target,indicators_only,single,G1_Packet_Byte_Magnitude,0.8,0.9999725749785204,0.0945244193841674
0.6616310177822394,0.7261530010011168,0.3448512450464305,661064,338079,0.0881972093473551,0.9118027906526448,0.0,0.0,0.0,0.6551487549535695,0.3448512450464305,2030,target,indicators_only,single,G1_Packet_Byte_Magnitude,0.9,0.9998600149080936,0.0945244193841674
0.7831241373857396,0.8459701737076136,0.4745726622109185,782453,216690,0.102544178372375,0.8974558216276249,0.0,0.0,0.0,0.5254273377890815,0.4745726622109185,2030,target,indicators_only,single,G1_Packet_Byte_Magnitude,0.95,0.9991150459210276,0.0945244193841674
0.6442120897609251,0.7059391161982139,0.3411545513692553,643660,355483,0.0896109747382158,0.9103890252617842,0.0,0.0,0.0,0.6588454486307447,0.3411545513692553,2030,target,indicators_only,single,G2_Temporal_Activity,0.8,0.9999725749785204,0.0571520935285645
0.7966317133783652,0.8745182652610072,0.4142367066895369,795949,203194,0.0879893058474852,0.9120106941525148,0.0,0.0,0.0,0.5857632933104632,0.4142367066895369,2030,target,indicators_only,single,G2_Temporal_Activity,0.9,0.9998600149080936,0.0571520935285645
0.8875556351793487,0.9609781308390948,0.5270775418465724,886795,112348,0.1004888390214198,0.8995111609785802,0.0,0.0,0.0,0.4729224581534276,0.5270775418465724,2030,target,indicators_only,single,G2_Temporal_Activity,0.95,0.9991150459210276,0.0571520935285645
0.6320496665642455,0.7024358098625061,0.2864789732063642,631508,367635,0.0766973656707436,0.9233026343292564,0.0,0.0,0.0,0.7135210267936358,0.2864789732063642,2030,target,indicators_only,single,G3_TCP_Control_Flags,0.8,0.9999725749785204,0.0696779706917056
0.7165921194463656,0.790718406694351,0.3526586620926243,715978,283165,0.083276301785809,0.916723698214191,0.0,0.0,0.0,0.6473413379073757,0.3526586620926243,2030,target,indicators_only,single,G3_TCP_Control_Flags,0.9,0.9998600149080936,0.0696779706917056
0.8187867002020732,0.8986583107750764,0.4266457680250783,818085,181058,0.0881314288857514,0.9118685711142486,1.0,0.0004713515311993,0.0009422589272104,0.5733542319749216,0.42644466788904,2030,target,indicators_only,single,G3_TCP_Control_Flags,0.95,0.9991150459210276,0.0696779706917056
0.0036601367371837,0.0043574480798676,0.0002365883953392,3657,995486,0.0109379272627837,0.9890620727372162,0.0,0.0,0.0,0.9997634116046608,0.0002365883953392,2030,target,indicators_only,single,G4_Rate_Header_Flow_Context,0.8,0.9999725749785204,0.0809416814301812
0.1082557751993458,0.128775420956952,0.0075116815520198,108163,890980,0.0117415382339617,0.9882584617660384,0.0,0.0,0.0,0.99248831844798,0.0075116815520198,2030,target,indicators_only,single,G4_Rate_Header_Flow_Context,0.9,0.9998600149080936,0.0809416814301812
0.3412954902351315,0.3974144442717688,0.0657715739043,341003,658140,0.0324747876118391,0.9675252123881608,0.9791666666666666,0.0042266187050359,0.008416905444126,0.9342284260957,0.0654935825397764,2030,target,indicators_only,single,G4_Rate_Header_Flow_Context,0.95,0.9991150459210276,0.0809416814301812
0.6317464066705166,0.6909211599461734,0.3412196131779736,631205,367938,0.0913966144121165,0.9086033855878834,0.0,0.0,0.0,0.6587803868220263,0.3412196131779736,2030,target,indicators_only,pairwise_unseen,G1_Packet_Byte_Magnitude+G2_Temporal_Activity,0.8,0.9999725749785204,0.0944631672127128
0.7990958251221296,0.8616242185928226,0.4921038623055539,798411,200732,0.1042069811162421,0.8957930188837578,0.0,0.0,0.0,0.5078961376944461,0.4921038623055539,2030,target,indicators_only,pairwise_unseen,G1_Packet_Byte_Magnitude+G2_Temporal_Activity,0.9,0.9998600149080936,0.0944631672127128
0.9247114777364202,0.9744757388807972,0.6803868220263796,923919,75224,0.12450550318805,0.87549449681195,0.0,0.0,0.0,0.3196131779736204,0.6803868220263796,2030,target,indicators_only,pairwise_unseen,G1_Packet_Byte_Magnitude+G2_Temporal_Activity,0.95,0.9991150459210276,0.0944631672127128
0.483579427569427,0.5265669404980043,0.2725261725912344,483165,515978,0.0953628677573913,0.9046371322426088,0.0,0.0,0.0,0.7274738274087656,0.2725261725912344,2030,target,indicators_only,pairwise_unseen,G1_Packet_Byte_Magnitude+G3_TCP_Control_Flags,0.8,0.9999725749785204,0.0990876062445382
0.6918529179506837,0.7559539944077208,0.3771396463003489,691260,307883,0.0922417035558255,0.9077582964441744,0.0,0.0,0.0,0.622860353699651,0.3771396463003489,2030,target,indicators_only,pairwise_unseen,G1_Packet_Byte_Magnitude+G3_TCP_Control_Flags,0.9,0.9998600149080936,0.0990876062445382
0.8871342740728805,0.9571314812070746,0.5434731176435795,886374,112769,0.1036639161347241,0.8963360838652759,0.0,0.0,0.0,0.4565268823564204,0.5434731176435795,2030,target,indicators_only,pairwise_unseen,G1_Packet_Byte_Magnitude+G3_TCP_Control_Flags,0.95,0.9991150459210276,0.0990876062445382
0.0,0.0,0.0,0,999143,,,,,,1.0,0.0,2030,target,indicators_only,pairwise_unseen,G1_Packet_Byte_Magnitude+G4_Rate_Header_Flow_Context,0.8,0.9999725749785204,0.1946875427565254
0.0095742050937653,0.0063897994513735,0.0252084935233926,9566,989577,0.4455362743048296,0.5544637256951704,0.0,0.0,0.0,0.9747915064766072,0.0252084935233926,2030,target,indicators_only,pairwise_unseen,G1_Packet_Byte_Magnitude+G4_Rate_Header_Flow_Context,0.9,0.9998600149080936,0.1946875427565254
0.191989535031522,0.1743545447207655,0.2785710060921512,191825,807318,0.2455258699335331,0.7544741300664668,0.0,0.0,0.0,0.7214289939078489,0.2785710060921512,2030,target,indicators_only,pairwise_unseen,G1_Packet_Byte_Magnitude+G4_Rate_Header_Flow_Context,0.95,0.9991150459210276,0.1946875427565254
0.6821656159328544,0.750894198462063,0.3447329508487609,681581,317562,0.0855129471038658,0.9144870528961342,0.0,0.0,0.0,0.6552670491512391,0.3447329508487609,2030,target,indicators_only,pairwise_unseen,G2_Temporal_Activity+G3_TCP_Control_Flags,0.8,0.9999725749785204,0.054320769774396
0.8534083709739246,0.943007422238767,0.4135091973738688,852677,146466,0.0819911877533931,0.9180088122466068,0.0,0.0,0.0,0.5864908026261312,0.4135091973738688,2030,target,indicators_only,pairwise_unseen,G2_Temporal_Activity+G3_TCP_Control_Flags,0.9,0.9998600149080936,0.054320769774396
0.9086216887872908,0.9639947329933632,0.6367599219258295,907843,91300,0.1185854822915416,0.8814145177084584,0.0,0.0,0.0,0.3632400780741704,0.6367599219258295,2030,target,indicators_only,pairwise_unseen,G2_Temporal_Activity+G3_TCP_Control_Flags,0.95,0.9991150459210276,0.054320769774396
0.0,0.0,0.0,0,999143,,,,,,1.0,0.0,2030,target,indicators_only,pairwise_unseen,G2_Temporal_Activity+G4_Rate_Header_Flow_Context,0.8,0.9999725749785204,0.0598464208077511
0.0,0.0,0.0,0,999143,,,,,,1.0,0.0,2030,target,indicators_only,pairwise_unseen,G2_Temporal_Activity+G4_Rate_Header_Flow_Context,0.9,0.9998600149080936,0.0598464208077511
0.2429412006089218,0.2888553175443605,0.0175193706748683,242733,756410,0.0122027083256087,0.9877972916743912,0.0,0.0,0.0,0.9824806293251316,0.0175193706748683,2030,target,indicators_only,pairwise_unseen,G2_Temporal_Activity+G4_Rate_Header_Flow_Context,0.95,0.9991150459210276,0.0598464208077511
0.0035830706915826,0.0042682992941584,0.0002188442656887,3580,995563,0.0103351955307262,0.9896648044692736,0.0,0.0,0.0,0.9997811557343113,0.0002188442656887,2030,target,indicators_only,pairwise_unseen,G3_TCP_Control_Flags+G4_Rate_Header_Flow_Context,0.8,0.9999725749785204,0.0819926093034709
0.1068115374876269,0.1270490667688263,0.007452534453185,106720,892423,0.0118065967016491,0.9881934032983508,0.0,0.0,0.0,0.9925474655468148,0.007452534453185,2030,target,indicators_only,pairwise_unseen,G3_TCP_Control_Flags+G4_Rate_Header_Flow_Context,0.9,0.9998600149080936,0.0819926093034709
0.3386412155217021,0.3949676715180472,0.0620985390666587,338351,660792,0.0308525761708994,0.9691474238291006,0.9838709677419356,0.0058100771502047,0.0115519363696619,0.9379014609333411,0.0617377417637664,2030,target,indicators_only,pairwise_unseen,G3_TCP_Control_Flags+G4_Rate_Header_Flow_Context,0.95,0.9991150459210276,0.0819926093034709
0.9015501604762348,0.9646474776852874,0.6542291816811898,135393,14785,7.3859062137628974e-06,0.9999926140937864,1.0,0.9999499273947224,0.999974963070529,0.3457708183188102,3.2758959575443885e-05,2030,source,augmentation_only,complete,,0.8,0.999661727794216,1.6024251231563454e-05
0.9442062086324228,0.9917677932671414,0.757780252899168,141799,8379,4.231341546837425e-05,0.9999576865845315,0.9997838865836792,0.9999567698426424,0.9998703207400363,0.242219747100832,3.2758959575443885e-05,2030,source,augmentation_only,complete,,0.9,0.9979734077756428,1.6024251231563454e-05
0.9909906910466246,0.9961638752381908,0.9707134901395532,148825,1353,0.0003494036620191,0.9996505963379808,0.9985169205878388,0.9997300215982722,0.9991231028667792,0.0292865098604468,0.0002620716766035,2030,source,augmentation_only,complete,,0.95,0.9922360769269154,1.6024251231563454e-05
0.7161901210563465,0.8269063617825025,0.282218436742449,107556,42622,0.0,1.0,1.0,1.0,1.0,0.7177815632575509,0.0,2030,source,augmentation_only,single,G1_Packet_Byte_Magnitude,0.8,0.999661727794216,2.658122595370708e-05
0.8362942641398874,0.9350366061578578,0.4492563716176374,125593,24585,7.962227194190759e-06,0.9999920377728058,1.0,0.9999270818142044,0.9999635395777884,0.5507436283823626,3.2758959575443885e-05,2030,source,augmentation_only,single,G1_Packet_Byte_Magnitude,0.9,0.9979734077756428,2.658122595370708e-05
0.9188962431248252,0.975203088957978,0.6981917054314355,137998,12180,8.695778199684053e-05,0.9999130422180031,0.9997184816778492,0.9997184816778492,0.9997184816778492,0.3018082945685645,0.0001965537574526,2030,source,augmentation_only,single,G1_Packet_Byte_Magnitude,0.95,0.9922360769269154,2.658122595370708e-05
0.8254205010054735,0.8986143148463879,0.538524536460722,123960,26218,1.6134236850596968e-05,0.9999838657631492,0.9999391690492122,0.9999391690492122,0.9999391690492122,0.461475463539278,3.2758959575443885e-05,2030,source,augmentation_only,single,G2_Temporal_Activity,0.8,0.999661727794216,2.2455668411322928e-05
0.9056719359693164,0.972436733192926,0.6439756273340759,136012,14166,2.205687733435285e-05,0.9999779431226656,0.999949127537264,0.9998982602502798,0.9999236932468524,0.3560243726659241,6.551791915088777e-05,2030,source,augmentation_only,single,G2_Temporal_Activity,0.9,0.9979734077756428,2.2455668411322928e-05
0.9632236412790156,0.9859007789255508,0.8743366310685973,144655,5523,0.0001313469980297,0.9998686530019704,0.9995504776175314,0.9997377294866991,0.9996440947831788,0.1256633689314027,0.0002293127170281,2030,source,augmentation_only,single,G2_Temporal_Activity,0.95,0.9922360769269154,2.2455668411322928e-05
0.8901503549121709,0.9530973155484238,0.6434187250212933,133681,16497,7.480494610303633e-06,0.9999925195053896,1.0,0.9999490860954128,0.9999745423996336,0.3565812749787067,3.2758959575443885e-05,2030,source,augmentation_only,single,G3_TCP_Control_Flags,0.8,0.999661727794216,1.115228811725333e-05
0.9271597704057852,0.9879818139270552,0.6887571250737077,139239,10939,1.4363791753747154e-05,0.9999856362082462,0.9999524375743164,0.9999524375743164,0.9999524375743164,0.3112428749262923,3.2758959575443885e-05,2030,source,augmentation_only,single,G3_TCP_Control_Flags,0.9,0.9979734077756428,1.115228811725333e-05
0.9833397701394344,0.9955537726072275,0.9354648496363756,147676,2502,0.0001557463636609,0.999844253636339,0.9992650918635172,0.999929962179577,0.9995974164639164,0.0645351503636244,6.551791915088777e-05,2030,source,augmentation_only,single,G3_TCP_Control_Flags,0.95,0.9922360769269154,1.115228811725333e-05
0.5836607226091705,0.6360779594156387,0.3782021882984996,87653,62525,0.0,1.0,1.0,1.0,1.0,0.6217978117015004,0.0,2030,source,augmentation_only,single,G4_Rate_Header_Flow_Context,0.8,0.999661727794216,0.0014194007153393
0.7866465128048049,0.8376541971717982,0.5867129659961999,118137,32041,0.0002878014508579,0.999712198549142,1.0,0.9981016192071468,0.9990499077851672,0.4132870340038,0.001113804625565,2030,source,augmentation_only,single,G4_Rate_Header_Flow_Context,0.9,0.9979734077756428,0.0014194007153393
0.8556779288577555,0.9128388994751446,0.6316254995741335,128504,21674,0.0004124385233144,0.9995875614766856,0.9999479979199168,0.997303044447902,0.998623769831996,0.3683745004258664,0.001703465897923,2030,source,augmentation_only,single,G4_Rate_Header_Flow_Context,0.95,0.9922360769269154,0.0014194007153393
0.5485423963563238,0.6884799251161702,3.2758959575443885e-05,82379,67799,1.213901601136212e-05,0.9999878609839886,0.0,0.0,0.0,0.9999672410404246,3.2758959575443885e-05,2030,source,augmentation_only,pairwise_unseen,G1_Packet_Byte_Magnitude+G2_Temporal_Activity,0.8,0.999661727794216,9.399666917704896e-05
0.684234708146333,0.8577625112827199,0.004062110987355,102757,47421,1.946339422131825e-05,0.9999805366057788,1.0,0.9838709677419356,0.991869918699187,0.9959378890126448,6.551791915088777e-05,2030,source,augmentation_only,pairwise_unseen,G1_Packet_Byte_Magnitude+G2_Temporal_Activity,0.9,0.9979734077756428,9.399666917704896e-05
0.7868529345177057,0.8854260689332397,0.4004782808098014,118168,32010,5.0775167558052944e-05,0.999949224832442,1.0,0.9995092024539878,0.9997545409916544,0.5995217191901985,0.0001965537574526,2030,source,augmentation_only,pairwise_unseen,G1_Packet_Byte_Magnitude+G2_Temporal_Activity,0.95,0.9922360769269154,9.399666917704896e-05
0.6938100121189522,0.8000785611606993,0.277271833846557,104195,45983,0.0,1.0,1.0,1.0,1.0,0.7227281661534429,0.0,2030,source,augmentation_only,pairwise_unseen,G1_Packet_Byte_Magnitude+G3_TCP_Control_Flags,0.8,0.999661727794216,2.718664576239635e-05
0.8035065056133388,0.9219319359475812,0.3393173032824477,120669,29509,8.28713256925971e-06,0.9999917128674308,1.0,0.9999034562656884,0.9999517258025584,0.6606826967175522,3.2758959575443885e-05,2030,source,augmentation_only,pairwise_unseen,G1_Packet_Byte_Magnitude+G3_TCP_Control_Flags,0.9,0.9979734077756428,2.718664576239635e-05
0.8673107911944492,0.9669290943736836,0.4768394155801612,130251,19927,2.303245272589078e-05,0.999976967547274,0.9999312950875988,0.9998625996152788,0.9998969461715502,0.5231605844198388,6.551791915088777e-05,2030,source,augmentation_only,pairwise_unseen,G1_Packet_Byte_Magnitude+G3_TCP_Control_Flags,0.95,0.9922360769269154,2.718664576239635e-05
0.0,0.0,0.0,0,150178,,,,,,1.0,0.0,2030,source,augmentation_only,pairwise_unseen,G1_Packet_Byte_Magnitude+G4_Rate_Header_Flow_Context,0.8,0.999661727794216,0.0284115491847333
0.0107206115409713,0.0134556881623374,0.0,1610,148568,0.0,1.0,0.0,0.0,0.0,1.0,0.0,2030,source,augmentation_only,pairwise_unseen,G1_Packet_Byte_Magnitude+G4_Rate_Header_Flow_Context,0.9,0.9979734077756428,0.0284115491847333
0.179034212734222,0.2247099923110353,0.0,26887,123291,0.0,1.0,0.0,0.0,0.0,1.0,0.0,2030,source,augmentation_only,pairwise_unseen,G1_Packet_Byte_Magnitude+G4_Rate_Header_Flow_Context,0.95,0.9922360769269154,0.0284115491847333
0.8148130884683509,0.8878748370273793,0.5284347769114853,122367,27811,1.634427582599884e-05,0.999983655724174,0.9999380075630772,0.9999380075630772,0.9999380075630772,0.4715652230885147,3.2758959575443885e-05,2030,source,augmentation_only,pairwise_unseen,G2_Temporal_Activity+G3_TCP_Control_Flags,0.8,0.999661727794216,2.274866310966532e-05
0.899392720638176,0.9666198642730586,0.6358841643189412,135069,15109,2.221086999977789e-05,0.9999777891300002,0.9999484801648636,0.9998969656380404,0.999922722237964,0.3641158356810587,6.551791915088777e-05,2030,source,augmentation_only,pairwise_unseen,G2_Temporal_Activity+G3_TCP_Control_Flags,0.9,0.9979734077756428,2.274866310966532e-05
0.9536017259518704,0.9839283923377796,0.8347310489418857,143210,6968,7.681027861182879e-05,0.9999231897213882,0.999725317846492,0.9998430202896276,0.9997841656038458,0.1652689510581144,0.0001310358383017,2030,source,augmentation_only,pairwise_unseen,G2_Temporal_Activity+G3_TCP_Control_Flags,0.95,0.9922360769269154,2.274866310966532e-05
0.4295902196060674,0.5391802895062348,3.2758959575443885e-05,64515,85663,1.5500271254746957e-05,0.9999844997287451,0.0,0.0,0.0,0.9999672410404246,3.2758959575443885e-05,2030,source,augmentation_only,pairwise_unseen,G2_Temporal_Activity+G4_Rate_Header_Flow_Context,0.8,0.999661727794216,0.0020412197487667
0.6525589633634753,0.7302427038411393,0.3480639454890912,98000,52178,0.0004897959183673,0.9995102040816326,1.0,0.9954823529411764,0.9977360626356004,0.6519360545109087,0.0015724300596213,2030,source,augmentation_only,pairwise_unseen,G2_Temporal_Activity+G4_Rate_Header_Flow_Context,0.9,0.9979734077756428,0.0020412197487667
0.7609503389311351,0.8527479691104202,0.4011334600013103,114278,35900,0.0005512872118868,0.9994487127881132,0.9999179251477348,0.9949367088607596,0.9974210978754758,0.5988665399986897,0.0020310554936775,2030,source,augmentation_only,pairwise_unseen,G2_Temporal_Activity+G4_Rate_Header_Flow_Context,0.95,0.9922360769269154,0.0020412197487667
0.5706361784016301,0.6204994484003611,0.3751883640175588,85697,64481,1.1669019919017002e-05,0.999988330980081,1.0,0.9999126866323234,0.9999563414101724,0.6248116359824412,3.2758959575443885e-05,2030,source,augmentation_only,pairwise_unseen,G3_TCP_Control_Flags+G4_Rate_Header_Flow_Context,0.8,0.999661727794216,0.0020170029858875
0.736772363462025,0.811628723297563,0.4433597588940575,110647,39531,3.615100273843846e-05,0.9999638489972617,1.0,0.999704448056746,0.9998522021874076,0.5566402411059425,0.0001310358383017,2030,source,augmentation_only,pairwise_unseen,G3_TCP_Control_Flags+G4_Rate_Header_Flow_Context,0.9,0.9979734077756428,0.0020170029858875
0.8449306822570549,0.9030605422391602,0.6170805215226365,126890,23288,0.0003940420836945,0.9996059579163056,0.9999467773697376,0.9973987365291712,0.9986711316642748,0.3829194784773636,0.0016051890191967,2030,source,augmentation_only,pairwise_unseen,G3_TCP_Control_Flags+G4_Rate_Header_Flow_Context,0.95,0.9922360769269154,0.0020170029858875
0.7885507880253377,0.8778336363187335,0.35020405749098,787875,211268,0.0750258607012533,0.9249741392987466,1.0,0.0016551537772973,0.0033048375402566,0.64979594250902,0.349624415922399,2030,target,augmentation_only,complete,,0.8,0.999661727794216,0.0596727393126683
0.8611610149898463,0.9568435547235002,0.3913940971195362,860423,138720,0.0763194382298009,0.9236805617701992,1.0,0.0076466232451301,0.0151771922194394,0.6086059028804637,0.3884012539184953,2030,target,augmentation_only,complete,,0.9,0.9979734077756428,0.0596727393126683
0.8960739353626057,0.9929391752291666,0.4205003844561424,895306,103837,0.078365385689362,0.921634614310638,0.9989304812834224,0.0131375362196528,0.0259339988060364,0.5794996155438575,0.4149760454249719,2030,target,augmentation_only,complete,,0.95,0.9922360769269154,0.0596727393126683
0.5372163944500437,0.5937285033966893,0.2597622286626841,536756,462387,0.0818211626884468,0.9181788373115533,0.0,0.0,0.0,0.7402377713373159,0.2597622286626841,2030,target,augmentation_only,single,G1_Packet_Byte_Magnitude,0.8,0.999661727794216,0.0575951520912676
0.6449247004683013,0.7189777284648459,0.2813509197373869,644372,354771,0.0738253679551563,0.9261746320448436,0.0,0.0,0.0,0.7186490802626131,0.2813509197373869,2030,target,augmentation_only,single,G1_Packet_Byte_Magnitude,0.9,0.9979734077756428,0.0575951520912676
0.7728863636136168,0.8673911812575521,0.3089016383746377,772224,226919,0.0640112195425161,0.9359887804574838,0.9469139750559642,0.0566958985945697,0.1069860712156522,0.6910983616253623,0.2913881824096528,2030,target,augmentation_only,single,G1_Packet_Byte_Magnitude,0.95,0.9922360769269154,0.0575951520912676
0.8053191585188506,0.8988101046534461,0.3463121783876501,804629,194514,0.0727676979079799,0.92723230209202,0.0,0.0,0.0,0.65368782161235,0.3463121783876501,2030,target,augmentation_only,single,G2_Temporal_Activity,0.8,0.999661727794216,0.0490341139183789
0.8530530664779716,0.9535631203520656,0.3595847873661797,852322,146821,0.0713286762514636,0.9286713237485364,0.0,0.0,0.0,0.6404152126338203,0.3595847873661797,2030,target,augmentation_only,single,G2_Temporal_Activity,0.9,0.9979734077756428,0.0490341139183789
0.9002915498582285,0.9802667958119348,0.5076418051694565,899520,99623,0.0952441302027748,0.9047558697972252,1.0,0.0017826558076129,0.0035589672016748,0.4923581948305435,0.506736854557284,2030,target,augmentation_only,single,G2_Temporal_Activity,0.95,0.9922360769269154,0.0490341139183789
0.7904624262993385,0.8803057080521833,0.3493641686875259,789785,209358,0.074787442151978,0.925212557848022,1.0,1.6929927032014494e-05,3.385928082887519e-05,0.6506358313124742,0.3493582539776424,2030,target,augmentation_only,single,G3_TCP_Control_Flags,0.8,0.999661727794216,0.0587397329721249
0.8619707088975251,0.9577386567205536,0.3917844679718459,861232,137911,0.076339476470916,0.923660523529084,1.0,0.0074427452105255,0.0147755199904094,0.608215532028154,0.3888685159992902,2030,target,augmentation_only,single,G3_TCP_Control_Flags,0.9,0.9979734077756428,0.0587397329721249
0.8989433944890771,0.9936403183816364,0.4340154965398947,898173,100970,0.080818506011648,0.919181493988352,0.9987373737373736,0.0107796508537865,0.0213290908845775,0.5659845034601053,0.4293369610220618,2030,target,augmentation_only,single,G3_TCP_Control_Flags,0.95,0.9922360769269154,0.0587397329721249
0.4308792635288442,0.5016004616461444,0.0836635713018276,430510,568633,0.0328563796427492,0.9671436203572508,0.0,0.0,0.0,0.9163364286981724,0.0836635713018276,2030,target,augmentation_only,single,G4_Rate_Header_Flow_Context,0.8,0.999661727794216,0.0490762102217183
0.7213061593785874,0.809781790276277,0.2869225764476252,720688,278455,0.067310680904913,0.9326893190950868,0.0,0.0,0.0,0.7130774235523748,0.2869225764476252,2030,target,augmentation_only,single,G4_Rate_Header_Flow_Context,0.9,0.9979734077756428,0.0490762102217183
0.8562758283849259,0.9291351483544218,0.4985627254983143,855542,143601,0.0985200025247153,0.9014799974752846,1.0,4.745408816969582e-05,9.490367277213628e-05,0.5014372745016857,0.4985390666587804,2030,target,augmentation_only,single,G4_Rate_Header_Flow_Context,0.95,0.9922360769269154,0.0490762102217183
0.4690820032768082,0.5587857935386406,0.0286685988052286,468680,530463,0.0103418110437825,0.9896581889562176,0.0,0.0,0.0,0.9713314011947712,0.0286685988052286,2030,target,augmentation_only,pairwise_unseen,G1_Packet_Byte_Magnitude+G2_Temporal_Activity,0.8,0.999661727794216,0.0420821660309156
0.7008216041147263,0.7857248699813149,0.2839770509256521,700221,298922,0.0685669238711778,0.9314330761288222,0.0,0.0,0.0,0.7160229490743479,0.2839770509256521,2030,target,augmentation_only,pairwise_unseen,G1_Packet_Byte_Magnitude+G2_Temporal_Activity,0.9,0.9979734077756428,0.0420821660309156
0.7461314346394861,0.839500863177094,0.2877210622818951,745492,253651,0.0652522092792411,0.9347477907207588,0.0,0.0,0.0,0.7122789377181049,0.2877210622818951,2030,target,augmentation_only,pairwise_unseen,G1_Packet_Byte_Magnitude+G2_Temporal_Activity,0.95,0.9922360769269154,0.0420821660309156
0.5088070476398273,0.5687499774116253,0.2145087833441769,508371,490772,0.0713396318830145,0.9286603681169854,0.0,0.0,0.0,0.785491216655823,0.2145087833441769,2030,target,augmentation_only,pairwise_unseen,G1_Packet_Byte_Magnitude+G3_TCP_Control_Flags,0.8,0.999661727794216,0.0543853373951272
0.6336410303630211,0.705698173534135,0.2798663275566333,633098,366045,0.0747356649365501,0.9252643350634498,1.0,4.226810660016485e-05,8.453264016568397e-05,0.7201336724433667,0.2798544981368664,2030,target,augmentation_only,pairwise_unseen,G1_Packet_Byte_Magnitude+G3_TCP_Control_Flags,0.9,0.9979734077756428,0.0543853373951272
0.7688408966484277,0.8652648622470553,0.2954338439699532,768182,230961,0.0644079137496062,0.9355920862503938,0.9896265560165975,0.0095497407355502,0.0189169360115801,0.7045661560300467,0.2926125273555332,2030,target,augmentation_only,pairwise_unseen,G1_Packet_Byte_Magnitude+G3_TCP_Control_Flags,0.95,0.9922360769269154,0.0543853373951272
0.0,0.0,0.0,0,999143,,,,,,1.0,0.0,2030,target,augmentation_only,pairwise_unseen,G1_Packet_Byte_Magnitude+G4_Rate_Header_Flow_Context,0.8,0.999661727794216,0.1777731855265615
0.0050553324198838,0.006046456155061,0.0001892707162713,5051,994092,0.0063353791328449,0.993664620867155,0.0,0.0,0.0,0.9998107292837286,0.0001892707162713,2030,target,augmentation_only,pairwise_unseen,G1_Packet_Byte_Magnitude+G4_Rate_Header_Flow_Context,0.9,0.9979734077756428,0.1777731855265615
0.1927181594626595,0.1860619487683613,0.225397764239664,192553,806590,0.1979091470919695,0.8020908529080305,0.0,0.0,0.0,0.7746022357603359,0.225397764239664,2030,target,augmentation_only,pairwise_unseen,G1_Packet_Byte_Magnitude+G4_Rate_Header_Flow_Context,0.95,0.9922360769269154,0.1777731855265615
0.8033684867931817,0.8964970550782883,0.3461406518010291,802680,196463,0.0729082573379179,0.927091742662082,0.0,0.0,0.0,0.6538593481989708,0.3461406518010291,2030,target,augmentation_only,pairwise_unseen,G2_Temporal_Activity+G3_TCP_Control_Flags,0.8,0.999661727794216,0.0473359523529723
0.8522673931559346,0.95363781257793,0.3545750280948719,851537,147606,0.0703997594937154,0.9296002405062844,0.0,0.0,0.0,0.645424971905128,0.3545750280948719,2030,target,augmentation_only,pairwise_unseen,G2_Temporal_Activity+G3_TCP_Control_Flags,0.9,0.9979734077756428,0.0473359523529723
0.9009881468418436,0.9804824394962852,0.5106997101792157,900216,98927,0.0957447990260115,0.9042552009739884,1.0,0.0017719818400815,0.0035376949489577,0.4893002898207843,0.5097947595670432,2030,target,augmentation_only,pairwise_unseen,G2_Temporal_Activity+G3_TCP_Control_Flags,0.95,0.9922360769269154,0.0473359523529723
0.4819660449004797,0.5623577685336109,0.0872715443307505,481553,517590,0.030640448714887,0.969359551285113,0.0,0.0,0.0,0.9127284556692494,0.0872715443307505,2030,target,augmentation_only,pairwise_unseen,G2_Temporal_Activity+G4_Rate_Header_Flow_Context,0.8,0.999661727794216,0.0434377126725581
0.6893878053491842,0.7892835931297609,0.1989353522209735,688797,310346,0.0488300616872605,0.9511699383127394,0.0,0.0,0.0,0.8010646477790264,0.1989353522209735,2030,target,augmentation_only,pairwise_unseen,G2_Temporal_Activity+G4_Rate_Header_Flow_Context,0.9,0.9979734077756428,0.0434377126725581
0.8995679297157664,0.969454493761392,0.5564499911279351,898797,100346,0.1046721339746349,0.8953278660253651,0.0,0.0,0.0,0.4435500088720648,0.5564499911279351,2030,target,augmentation_only,pairwise_unseen,G2_Temporal_Activity+G4_Rate_Header_Flow_Context,0.95,0.9922360769269154,0.0434377126725581
0.4279417460763874,0.4997186994396878,0.0755426746318093,427575,571568,0.0298707829035841,0.970129217096416,0.0,0.0,0.0,0.9244573253681908,0.0755426746318093,2030,target,augmentation_only,pairwise_unseen,G3_TCP_Control_Flags+G4_Rate_Header_Flow_Context,0.8,0.999661727794216,0.0505102124921676
0.7307122203728595,0.8171088566909176,0.3065357544212456,730086,269057,0.070986157795109,0.9290138422048908,0.0,0.0,0.0,0.6934642455787544,0.3065357544212456,2030,target,augmentation_only,pairwise_unseen,G3_TCP_Control_Flags+G4_Rate_Header_Flow_Context,0.9,0.9979734077756428,0.0505102124921676
0.8678047086353005,0.9386788872785888,0.5198379369491927,867061,132082,0.1013596505897509,0.8986403494102491,1.0,4.551195257654541e-05,9.101976266596883e-05,0.4801620630508073,0.5198142781096587,2030,target,augmentation_only,pairwise_unseen,G3_TCP_Control_Flags+G4_Rate_Header_Flow_Context,0.95,0.9922360769269154,0.0505102124921676
0.7825713486662493,0.872555410691004,0.4298630675489746,117525,32653,0.0,1.0,1.0,1.0,1.0,0.5701369324510254,0.0,2031,source,indicators_only,complete,,0.8,0.9999704971123928,4.834384293354887e-06
0.8812076336081184,0.9473138769097048,0.6220926423376794,132338,17840,0.0,1.0,1.0,1.0,1.0,0.3779073576623206,0.0,2031,source,indicators_only,complete,,0.9,0.9998547945817408,4.834384293354887e-06
0.950978172568552,0.986368802861632,0.8122584026731311,142816,7362,0.0,1.0,1.0,1.0,1.0,0.1877415973268689,0.0,2031,source,indicators_only,complete,,0.95,0.9990867912275166,4.834384293354887e-06
0.3984804698424536,0.5001420786948818,0.0,59843,90335,0.0,1.0,0.0,0.0,0.0,1.0,0.0,2031,source,indicators_only,single,G1_Packet_Byte_Magnitude,0.8,0.9999704971123928,0.0148929029508436
0.743111507677556,0.9317938688864372,0.0035379676341479,111599,38579,0.0009677506070842,0.9990322493929156,0.0,0.0,0.0,0.996462032365852,0.0035379676341479,2031,source,indicators_only,single,G1_Packet_Byte_Magnitude,0.9,0.9998547945817408,0.0148929029508436
0.7876120337199857,0.9732139872296326,0.0601126908209395,118282,31896,0.0155137721715899,0.98448622782841,0.0,0.0,0.0,0.9398873091790604,0.0601126908209395,2031,source,indicators_only,single,G1_Packet_Byte_Magnitude,0.95,0.9990867912275166,0.0148929029508436
0.7069011439758154,0.8625513990572661,0.0968027255454366,106161,44017,0.0,1.0,1.0,1.0,1.0,0.9031972744545632,0.0,2031,source,indicators_only,single,G2_Temporal_Activity,0.8,0.9999704971123928,0.0002713581060331
0.8093129486342873,0.9172182663056196,0.3863591692327852,121541,28637,0.0,1.0,1.0,1.0,1.0,0.6136408307672149,0.0,2031,source,indicators_only,single,G2_Temporal_Activity,0.9,0.9998547945817408,0.0002713581060331
0.8468950179120777,0.957744124628088,0.412402542095263,127185,22993,4.717537445453473e-05,0.9999528246255456,0.9999205403257848,0.999602827865597,0.9997616588543736,0.5875974579047369,0.0001637947978772,2031,source,indicators_only,single,G2_Temporal_Activity,0.95,0.9990867912275166,0.0002713581060331
0.7531862190200962,0.8707585330792632,0.2923409552512612,113112,37066,0.0,1.0,1.0,1.0,1.0,0.7076590447487388,0.0,2031,source,indicators_only,single,G3_TCP_Control_Flags,0.8,0.9999704971123928,7.925989365150159e-06
0.8517292812529133,0.9460268110854811,0.4821136080718076,127911,22267,0.0,1.0,1.0,1.0,1.0,0.5178863919281924,0.0,2031,source,indicators_only,single,G3_TCP_Control_Flags,0.9,0.9998547945817408,7.925989365150159e-06
0.9336054548602324,0.9841122588840971,0.7356351962261679,140207,9971,0.0,1.0,1.0,1.0,1.0,0.2643648037738321,0.0,2031,source,indicators_only,single,G3_TCP_Control_Flags,0.95,0.9990867912275166,7.925989365150159e-06
0.0167134999800237,0.0209775014207869,0.0,2510,147668,0.0,1.0,0.0,0.0,0.0,1.0,0.0,2031,source,indicators_only,single,G4_Rate_Header_Flow_Context,0.8,0.9999704971123928,0.0197946886384862
0.1214225785401323,0.1520409186641259,0.001408635261744,18235,131943,0.000109679188374,0.999890320811626,0.9555555555555556,1.0,0.9772727272727272,0.998591364738256,0.0,2031,source,indicators_only,single,G4_Rate_Header_Flow_Context,0.9,0.9998547945817408,0.0197946886384862
0.3407223428198537,0.4186724835355865,0.0351831225840267,51169,99009,0.000136801579081,0.9998631984209188,0.9935245143385754,1.0,0.9967517401392112,0.9648168774159732,0.0,2031,source,indicators_only,single,G4_Rate_Header_Flow_Context,0.95,0.9990867912275166,0.0197946886384862
0.4105261756049488,0.5093270484404774,0.0232588612985651,61652,88526,0.0115162525141114,0.9884837474858884,0.0,0.0,0.0,0.9767411387014348,0.0232588612985651,2031,source,indicators_only,pairwise_unseen,G1_Packet_Byte_Magnitude+G2_Temporal_Activity,0.8,0.9999704971123928,0.0331126261218447
0.7586996763840242,0.8987981813927055,0.2095590644041145,113940,36238,0.0561435843426364,0.9438564156573636,0.0,0.0,0.0,0.7904409355958855,0.2095590644041145,2031,source,indicators_only,pairwise_unseen,G1_Packet_Byte_Magnitude+G2_Temporal_Activity,0.9,0.9998547945817408,0.0331126261218447
0.8168573293025609,0.9552953565339484,0.2742252506060407,122674,27504,0.0682377683942807,0.9317622316057192,0.0,0.0,0.0,0.7257747493939593,0.2742252506060407,2031,source,indicators_only,pairwise_unseen,G1_Packet_Byte_Magnitude+G2_Temporal_Activity,0.95,0.9990867912275166,0.0331126261218447
0.4148410552810664,0.5196653628857019,0.0039638341086287,62300,87878,0.0019422150882825,0.9980577849117176,0.0,0.0,0.0,0.9960361658913712,0.0039638341086287,2031,source,indicators_only,pairwise_unseen,G1_Packet_Byte_Magnitude+G3_TCP_Control_Flags,0.8,0.9999704971123928,0.0184892205857808
0.7558697012878052,0.9373432955571156,0.0445521850226036,113515,36663,0.0119807954895828,0.9880192045104172,0.0,0.0,0.0,0.9554478149773964,0.0445521850226036,2031,source,indicators_only,pairwise_unseen,G1_Packet_Byte_Magnitude+G3_TCP_Control_Flags,0.9,0.9998547945817408,0.0184892205857808
0.8202932520076176,0.977150402834888,0.205464194457184,123190,26988,0.0509132234759314,0.9490867765240684,0.0,0.0,0.0,0.794535805542816,0.205464194457184,2031,source,indicators_only,pairwise_unseen,G1_Packet_Byte_Magnitude+G3_TCP_Control_Flags,0.95,0.9990867912275166,0.0184892205857808
0.0,0.0,0.0,0,150178,,,,,,1.0,0.0,2031,source,indicators_only,pairwise_unseen,G1_Packet_Byte_Magnitude+G4_Rate_Header_Flow_Context,0.8,0.9999704971123928,0.0530604757406285
0.0003595733063431,0.0004513087955069,0.0,54,150124,0.0,1.0,0.0,0.0,0.0,1.0,0.0,2031,source,indicators_only,pairwise_unseen,G1_Packet_Byte_Magnitude+G4_Rate_Header_Flow_Context,0.9,0.9998547945817408,0.0530604757406285
0.1479777330900664,0.1853291211179086,0.0015724300596213,22223,127955,0.0021599244026459,0.997840075597354,0.0,0.0,0.0,0.9984275699403788,0.0015724300596213,2031,source,indicators_only,pairwise_unseen,G1_Packet_Byte_Magnitude+G4_Rate_Header_Flow_Context,0.95,0.9990867912275166,0.0530604757406285
0.7224360425628255,0.883228027947715,0.092183712245299,108494,41684,0.0,1.0,1.0,1.0,1.0,0.9078162877547008,0.0,2031,source,indicators_only,pairwise_unseen,G2_Temporal_Activity+G3_TCP_Control_Flags,0.8,0.9999704971123928,0.0010129478390421
0.7920534299298166,0.93128405709892,0.2463146170477625,118949,31229,2.522089298775105e-05,0.9999747791070124,1.0,0.9996010107727092,0.9998004655803128,0.7536853829522374,9.827687872633164e-05,2031,source,indicators_only,pairwise_unseen,G2_Temporal_Activity+G3_TCP_Control_Flags,0.9,0.9998547945817408,0.0010129478390421
0.8494120310564797,0.962817169792398,0.4049007403524864,127563,22615,0.0003214098131903,0.9996785901868096,0.9999188377566756,0.9967637540453076,0.998338803127912,0.5950992596475136,0.0013103583830177,2031,source,indicators_only,pairwise_unseen,G2_Temporal_Activity+G3_TCP_Control_Flags,0.95,0.9990867912275166,0.0010129478390421
0.0,0.0,0.0,0,150178,,,,,,1.0,0.0,2031,source,indicators_only,pairwise_unseen,G2_Temporal_Activity+G4_Rate_Header_Flow_Context,0.8,0.9999704971123928,0.0167240444479284
0.0024371079652146,0.0030588707251027,0.0,366,149812,0.0,1.0,0.0,0.0,0.0,1.0,0.0,2031,source,indicators_only,pairwise_unseen,G2_Temporal_Activity+G4_Rate_Header_Flow_Context,0.9,0.9998547945817408,0.0167240444479284
0.2964016034305957,0.3720205261926252,0.0,44513,105665,0.0,1.0,0.0,0.0,0.0,1.0,0.0,2031,source,indicators_only,pairwise_unseen,G2_Temporal_Activity+G4_Rate_Header_Flow_Context,0.95,0.9990867912275166,0.0167240444479284
0.0165270545619198,0.0207434894527463,0.0,2482,147696,0.0,1.0,0.0,0.0,0.0,1.0,0.0,2031,source,indicators_only,pairwise_unseen,G3_TCP_Control_Flags+G4_Rate_Header_Flow_Context,0.8,0.9999704971123928,0.0214824928421912
0.1196047357136198,0.1498094473974526,0.0012120815042914,17962,132216,0.0001113461752588,0.9998886538247412,0.9487179487179488,1.0,0.9736842105263158,0.9987879184957086,0.0,2031,source,indicators_only,pairwise_unseen,G3_TCP_Control_Flags+G4_Rate_Header_Flow_Context,0.9,0.9998547945817408,0.0214824928421912
0.3363009229048196,0.4137080867850098,0.0328899954137456,50505,99673,0.0001386001386001,0.9998613998614,0.993076162215628,1.0,0.9965260545905708,0.9671100045862544,0.0,2031,source,indicators_only,pairwise_unseen,G3_TCP_Control_Flags+G4_Rate_Header_Flow_Context,0.95,0.9990867912275166,0.0214824928421912
0.5981085790522478,0.663035660718997,0.2793399183770036,597596,401547,0.0790299801203488,0.9209700198796512,0.0,0.0,0.0,0.7206600816229964,0.2793399183770036,2031,target,indicators_only,complete,,0.8,0.9999704971123928,0.0600536327484876
0.6886091380312929,0.7585079866469575,0.3454308866150115,688019,311124,0.0848842837189089,0.9151157162810912,0.0,0.0,0.0,0.6545691133849885,0.3454308866150115,2031,target,indicators_only,complete,,0.9,0.9998547945817408,0.0600536327484876
0.7839098107077765,0.8660503353319527,0.3806293251316023,783238,215905,0.0820874370242506,0.9179125629757494,1.0,0.0009168181747548,0.00183195677824,0.6193706748683977,0.380280357248477,2031,target,indicators_only,complete,,0.95,0.9990867912275166,0.0600536327484876
0.3349530547679361,0.3552241790782257,0.2354291122020465,334666,664477,0.1189364919053623,0.8810635080946376,0.0,0.0,0.0,0.7645708877979535,0.2354291122020465,2031,target,indicators_only,single,G1_Packet_Byte_Magnitude,0.8,0.9999704971123928,0.0987255095903799
0.5778111841848464,0.625146222079263,0.3454131424853611,577316,421827,0.1011560393268158,0.8988439606731842,0.0,0.0,0.0,0.6545868575146389,0.3454131424853611,2031,target,indicators_only,single,G1_Packet_Byte_Magnitude,0.9,0.9998547945817408,0.0987255095903799
0.7714631439143346,0.8363071681647277,0.4531022653338853,770802,228341,0.0993847966144353,0.9006152033855647,0.0,0.0,0.0,0.5468977346661146,0.4531022653338853,2031,target,indicators_only,single,G1_Packet_Byte_Magnitude,0.95,0.9990867912275166,0.0987255095903799
0.6634315608476464,0.7287985514527036,0.3425031052226888,662863,336280,0.0873589263543145,0.9126410736456856,0.0,0.0,0.0,0.6574968947773112,0.3425031052226888,2031,target,indicators_only,single,G2_Temporal_Activity,0.8,0.9999704971123928,0.0503231146318601
0.8308440333365694,0.918605953934172,0.3999645117406991,830132,169011,0.0814593341781789,0.9185406658218211,0.0,0.0,0.0,0.6000354882593009,0.3999645117406991,2031,target,indicators_only,single,G2_Temporal_Activity,0.9,0.9998547945817408,0.0503231146318601
0.8880170305952201,0.9611913650968048,0.5287573194534808,887256,111887,0.1007567150856122,0.8992432849143878,0.0,0.0,0.0,0.4712426805465192,0.5287573194534808,2031,target,indicators_only,single,G2_Temporal_Activity,0.95,0.9990867912275166,0.0503231146318601
0.6169557310615197,0.6900128061025957,0.2582717217720471,616427,382716,0.0708372605353107,0.9291627394646892,0.0,0.0,0.0,0.741728278227953,0.2582717217720471,2031,target,indicators_only,single,G3_TCP_Control_Flags,0.8,0.9999704971123928,0.0641254551604098
0.7143121655258556,0.7870042755275741,0.3574200035488259,713700,285443,0.0846700294241277,0.9153299705758722,0.0,0.0,0.0,0.642579996451174,0.3574200035488259,2031,target,indicators_only,single,G3_TCP_Control_Flags,0.9,0.9998547945817408,0.0641254551604098
0.8241623070971823,0.8981499217538699,0.4609096823800792,823456,175687,0.0945927894143706,0.9054072105856292,1.0,0.0004234786849061,0.0008465988532433,0.5390903176199208,0.4607144969539244,2031,target,indicators_only,single,G3_TCP_Control_Flags,0.95,0.9990867912275166,0.0641254551604098
0.0021828707202072,0.0026009760587321,0.0001301236174365,2181,996962,0.010087116001834,0.989912883998166,0.0,0.0,0.0,0.9998698763825634,0.0001301236174365,2031,target,indicators_only,single,G4_Rate_Header_Flow_Context,0.8,0.9999704971123928,0.0829046530025774
0.1639054669852063,0.1950274252987388,0.0111078251611758,163765,835378,0.011467651818154,0.988532348181846,0.0,0.0,0.0,0.9888921748388242,0.0111078251611758,2031,target,indicators_only,single,G4_Rate_Header_Flow_Context,0.9,0.9998547945817408,0.0829046530025774
0.333138499694238,0.3905102322325868,0.0514638906961613,332853,666290,0.0252033179812109,0.9747966820187892,0.9785276073619632,0.0366624525916561,0.070676858313947,0.9485361093038388,0.0495770982433311,2031,target,indicators_only,single,G4_Rate_Header_Flow_Context,0.95,0.9990867912275166,0.0829046530025774
0.4016091790664599,0.4196028542067986,0.3132666942686461,401265,597878,0.1319925734863494,0.8680074265136506,0.0,0.0,0.0,0.6867333057313538,0.3132666942686461,2031,target,indicators_only,pairwise_unseen,G1_Packet_Byte_Magnitude+G2_Temporal_Activity,0.8,0.9999704971123928,0.0832172551226905
0.7790646584122594,0.8549778152042049,0.4063583131247412,778397,220746,0.0882621592837588,0.9117378407162412,0.0,0.0,0.0,0.5936416868752588,0.4063583131247412,2031,target,indicators_only,pairwise_unseen,G1_Packet_Byte_Magnitude+G2_Temporal_Activity,0.9,0.9998547945817408,0.0832172551226905
0.8941793116701012,0.945445761999246,0.6424794463831549,893413,105730,0.1215831871709948,0.8784168128290052,0.0,0.0,0.0,0.3575205536168451,0.6424794463831549,2031,target,indicators_only,pairwise_unseen,G1_Packet_Byte_Magnitude+G2_Temporal_Activity,0.95,0.9990867912275166,0.0832172551226905
0.3624346064577343,0.3838662382706099,0.2572129887029041,362124,637019,0.1200886988987197,0.8799113011012802,0.0,0.0,0.0,0.7427870112970959,0.2572129887029041,2031,target,indicators_only,pairwise_unseen,G1_Packet_Byte_Magnitude+G3_TCP_Control_Flags,0.8,0.9999704971123928,0.1006688187298998
0.6288579312470788,0.6774729451506072,0.3901756668835394,628319,370824,0.1049896628941668,0.8950103371058332,0.0,0.0,0.0,0.6098243331164607,0.3901756668835394,2031,target,indicators_only,pairwise_unseen,G1_Packet_Byte_Magnitude+G3_TCP_Control_Flags,0.9,0.9998547945817408,0.1006688187298998
0.8686093982543039,0.9371705862014544,0.531998580469628,867865,131278,0.1036393909190945,0.8963606090809054,0.0,0.0,0.0,0.468001419530372,0.531998580469628,2031,target,indicators_only,pairwise_unseen,G1_Packet_Byte_Magnitude+G3_TCP_Control_Flags,0.95,0.9990867912275166,0.1006688187298998
0.0,0.0,0.0,0,999143,,,,,,1.0,0.0,2031,target,indicators_only,pairwise_unseen,G1_Packet_Byte_Magnitude+G4_Rate_Header_Flow_Context,0.8,0.9999704971123928,0.1899396723358147
0.0002151844130419,0.000256603937244,1.182941976696043e-05,215,998928,0.0093023255813953,0.9906976744186048,0.0,0.0,0.0,0.999988170580233,1.182941976696043e-05,2031,target,indicators_only,pairwise_unseen,G1_Packet_Byte_Magnitude+G4_Rate_Header_Flow_Context,0.9,0.9998547945817408,0.1899396723358147
0.1985581643468452,0.1861896483803231,0.2592831371621222,198388,800755,0.2209659858459181,0.7790340141540819,0.0,0.0,0.0,0.7407168628378779,0.2592831371621222,2031,target,indicators_only,pairwise_unseen,G1_Packet_Byte_Magnitude+G4_Rate_Header_Flow_Context,0.95,0.9990867912275166,0.1899396723358147
0.7425643776716646,0.8132790730453827,0.3953806115810019,741928,257215,0.0900990392598742,0.9099009607401256,0.0,0.0,0.0,0.6046193884189981,0.3953806115810019,2031,target,indicators_only,pairwise_unseen,G2_Temporal_Activity+G3_TCP_Control_Flags,0.8,0.9999704971123928,0.0500403575395266
0.8515087429927448,0.9401546610960724,0.4162891110191045,850779,148364,0.0827265365036043,0.9172734634963956,0.0,0.0,0.0,0.5837108889808955,0.4162891110191045,2031,target,indicators_only,pairwise_unseen,G2_Temporal_Activity+G3_TCP_Control_Flags,0.9,0.9998547945817408,0.0500403575395266
0.9073305823090388,0.9621912771527324,0.63798426687171,906553,92590,0.1189825636228659,0.881017436377134,0.0,0.0,0.0,0.36201573312829,0.63798426687171,2031,target,indicators_only,pairwise_unseen,G2_Temporal_Activity+G3_TCP_Control_Flags,0.95,0.9990867912275166,0.0500403575395266
0.0,0.0,0.0,0,999143,,,,,,1.0,0.0,2031,target,indicators_only,pairwise_unseen,G2_Temporal_Activity+G4_Rate_Header_Flow_Context,0.8,0.9999704971123928,0.0611036043907185
0.0002842435967624,0.0003361150163901,2.957354941740108e-05,284,998859,0.0176056338028169,0.9823943661971832,0.0,0.0,0.0,0.9999704264505828,2.957354941740108e-05,2031,target,indicators_only,pairwise_unseen,G2_Temporal_Activity+G4_Rate_Header_Flow_Context,0.9,0.9998547945817408,0.0611036043907185
0.2236927046478832,0.2660019058564729,0.0159697166853965,223501,775642,0.0120804828613742,0.9879195171386258,0.0,0.0,0.0,0.9840302833146034,0.0159697166853965,2031,target,indicators_only,pairwise_unseen,G2_Temporal_Activity+G4_Rate_Header_Flow_Context,0.95,0.9990867912275166,0.0611036043907185
0.002116814109692,0.0025214649795861,0.0001301236174365,2115,997028,0.010401891252955,0.9895981087470448,0.0,0.0,0.0,0.9998698763825634,0.0001301236174365,2031,target,indicators_only,pairwise_unseen,G3_TCP_Control_Flags+G4_Rate_Header_Flow_Context,0.8,0.9999704971123928,0.0834635792914871
0.1621569685220233,0.1929468853944171,0.0109895309635062,162018,837125,0.0114678615956251,0.9885321384043748,0.0,0.0,0.0,0.9890104690364938,0.0109895309635062,2031,target,indicators_only,pairwise_unseen,G3_TCP_Control_Flags+G4_Rate_Header_Flow_Context,0.9,0.9998547945817408,0.0834635792914871
0.3283393868545343,0.3857937795832414,0.0462589459986987,328058,671085,0.0233647708636887,0.9766352291363112,0.9588235294117649,0.0208413246387929,0.040795895382305,0.9537410540013012,0.0452948482876914,2031,target,indicators_only,pairwise_unseen,G3_TCP_Control_Flags+G4_Rate_Header_Flow_Context,0.95,0.9990867912275166,0.0834635792914871
0.9042935716283343,0.9670711730685656,0.6582257747493939,135805,14373,7.3634991347888514e-06,0.9999926365008652,1.0,0.999950231423879,0.9999751150926964,0.341774225250606,3.2758959575443885e-05,2031,source,augmentation_only,complete,,0.8,0.9997775130238488,1.3490776503990056e-05
0.940170997083461,0.992160599070638,0.736388652296403,141193,8985,2.1247512270438337e-05,0.9999787524877296,0.9999110320284698,0.999955514035322,0.9999332725372004,0.2636113477035969,3.2758959575443885e-05,2031,source,augmentation_only,complete,,0.9,0.9982951104822028,1.3490776503990056e-05
0.9643556313175032,0.9960050814027346,0.840300072069711,144825,5353,0.0002140514413947,0.9997859485586053,0.9990649836372136,0.9997271061557056,0.9993959352286678,0.1596999279302889,0.0002293127170281,2031,source,augmentation_only,complete,,0.95,0.9933960049429272,1.3490776503990056e-05
0.7219233176630399,0.8369438036973891,0.2710803904867981,108417,41761,0.0,1.0,1.0,1.0,1.0,0.7289196095132019,0.0,2031,source,augmentation_only,single,G1_Packet_Byte_Magnitude,0.8,0.9997775130238488,1.9334915781987208e-05
0.8543395171063671,0.9450907632133186,0.4986241236978314,128303,21875,7.794050022213043e-06,0.9999922059499778,1.0,0.9999343012942644,0.9999671495680168,0.5013758763021686,3.2758959575443885e-05,2031,source,augmentation_only,single,G1_Packet_Byte_Magnitude,0.9,0.9982951104822028,1.9334915781987208e-05
0.9307488447042842,0.9812121819944506,0.7329489615409814,139778,10400,0.0001001588232769,0.999899841176723,0.9996424740793708,0.9997318315902388,0.9996871508379888,0.2670510384590185,0.0001965537574526,2031,source,augmentation_only,single,G1_Packet_Byte_Magnitude,0.95,0.9933960049429272,1.9334915781987208e-05
0.8217049101732611,0.8946862568114198,0.535641748018083,123402,26776,1.62071927521434e-05,0.9999837928072478,0.9999388416610604,0.9999388416610604,0.9999388416610604,0.464358251981917,3.2758959575443885e-05,2031,source,augmentation_only,single,G2_Temporal_Activity,0.8,0.9997775130238488,1.8854507224088736e-05
0.9047064150541356,0.9692190686323672,0.6518377776321824,135867,14311,1.4720277918847108e-05,0.9999852797220812,0.9999497436928334,0.9999497436928334,0.9999497436928334,0.3481622223678176,3.2758959575443885e-05,2031,source,augmentation_only,single,G2_Temporal_Activity,0.9,0.9982951104822028,1.8854507224088736e-05
0.9588288564237104,0.9864941664159396,0.8503898316189478,143995,6183,7.639154137296434e-05,0.999923608458627,0.999768875192604,0.9998073885742902,0.9997881315125484,0.1496101683810522,0.0001637947978772,2031,source,augmentation_only,single,G2_Temporal_Activity,0.95,0.9933960049429272,1.8854507224088736e-05
0.8957237411604896,0.9584210878213486,0.6499705169363821,134518,15660,7.43394935993696e-06,0.99999256605064,1.0,0.9999495993145506,0.999974799022202,0.3500294830636179,3.2758959575443885e-05,2031,source,augmentation_only,single,G3_TCP_Control_Flags,0.8,0.9997775130238488,1.0498089215504311e-05
0.929770006259239,0.9881991107545216,0.7007469042783201,139631,10547,1.4323466851916836e-05,0.999985676533148,0.9999532513673977,0.9999532513673977,0.9999532513673977,0.2992530957216799,3.2758959575443885e-05,2031,source,augmentation_only,single,G3_TCP_Control_Flags,0.9,0.9982951104822028,1.0498089215504311e-05
0.95786333550853,0.9958128572861298,0.8091135425538885,143850,6328,0.0001112269725408,0.9998887730274592,0.999433450689976,0.9999190250617432,0.9996761789111516,0.1908864574461115,6.551791915088777e-05,2031,source,augmentation_only,single,G3_TCP_Control_Flags,0.95,0.9933960049429272,1.0498089215504311e-05
0.5734661534978492,0.6308461204158727,0.3485553298827229,86122,64056,0.0,1.0,1.0,1.0,1.0,0.651444670117277,0.0,2031,source,augmentation_only,single,G4_Rate_Header_Flow_Context,0.8,0.9997775130238488,0.0014056316481656
0.772137064017366,0.8361665496606826,0.5211622878857367,115958,34220,2.587143620966212e-05,0.9999741285637904,1.0,0.9998114274938714,0.9999057048562,0.4788377121142632,9.827687872633164e-05,2031,source,augmentation_only,single,G4_Rate_Header_Flow_Context,0.9,0.9982951104822028,0.0014056316481656
0.8572493973817736,0.9166666666666666,0.624353010548385,128740,21438,0.0004116824607736,0.9995883175392264,0.9999473905723906,0.9972716302009548,0.998607717970946,0.375646989451615,0.001703465897923,2031,source,augmentation_only,single,G4_Rate_Header_Flow_Context,0.95,0.9933960049429272,0.0014056316481656
0.5441409527360865,0.6829639287266406,0.0,81718,68460,0.0,1.0,0.0,0.0,0.0,1.0,0.0,2031,source,augmentation_only,pairwise_unseen,G1_Packet_Byte_Magnitude+G2_Temporal_Activity,0.8,0.9997775130238488,7.212694091212109e-05
0.6817909414161861,0.8553137431885802,0.0016379479787721,102390,47788,0.0,1.0,1.0,1.0,1.0,0.998362052021228,0.0,2031,source,augmentation_only,pairwise_unseen,G1_Packet_Byte_Magnitude+G2_Temporal_Activity,0.9,0.9982951104822028,7.212694091212109e-05
0.7872857542383038,0.8883428609634607,0.3911747362903754,118233,31945,5.074725330491487e-05,0.9999492527466952,1.0,0.9994975295201408,0.9997487016250628,0.6088252637096245,0.0001965537574526,2031,source,augmentation_only,pairwise_unseen,G1_Packet_Byte_Magnitude+G2_Temporal_Activity,0.95,0.9933960049429272,7.212694091212109e-05
0.699077095180386,0.8117373717112961,0.2574854222629889,104986,45192,0.0,1.0,1.0,1.0,1.0,0.7425145777370111,0.0,2031,source,augmentation_only,pairwise_unseen,G1_Packet_Byte_Magnitude+G3_TCP_Control_Flags,0.8,0.9997775130238488,2.03894333696261e-05
0.8165177322910147,0.9333316618192758,0.3586450894319596,122623,27555,0.0,1.0,1.0,1.0,1.0,0.6413549105680404,0.0,2031,source,augmentation_only,pairwise_unseen,G1_Packet_Byte_Magnitude+G3_TCP_Control_Flags,0.9,0.9982951104822028,2.03894333696261e-05
0.8801488899838857,0.9736569384548523,0.5136277271833847,132179,17999,2.2696494904636896e-05,0.9999773035050954,0.9999362163541268,0.9998724408444416,0.999904327582358,0.4863722728166153,6.551791915088777e-05,2031,source,augmentation_only,pairwise_unseen,G1_Packet_Byte_Magnitude+G3_TCP_Control_Flags,0.95,0.9933960049429272,2.03894333696261e-05
0.0,0.0,0.0,0,150178,,,,,,1.0,0.0,2031,source,augmentation_only,pairwise_unseen,G1_Packet_Byte_Magnitude+G4_Rate_Header_Flow_Context,0.8,0.9997775130238488,0.0307417271240863
0.0263620503668979,0.0330876207668906,0.0,3959,146219,0.0,1.0,0.0,0.0,0.0,1.0,0.0,2031,source,augmentation_only,pairwise_unseen,G1_Packet_Byte_Magnitude+G4_Rate_Header_Flow_Context,0.9,0.9982951104822028,0.0307417271240863
0.1692658045785667,0.212215424731722,0.0009172508681124,25420,124758,0.0003147128245476,0.9996852871754524,1.0,0.7142857142857143,0.8333333333333334,0.9990827491318875,0.0002620716766035,2031,source,augmentation_only,pairwise_unseen,G1_Packet_Byte_Magnitude+G4_Rate_Header_Flow_Context,0.95,0.9933960049429272,0.0307417271240863
0.8084339916632263,0.8866797044763146,0.5017362248574986,121409,28769,1.6473243334513915e-05,0.9999835267566656,0.9999347088012536,0.9999347088012536,0.9999347088012536,0.4982637751425015,3.2758959575443885e-05,2031,source,augmentation_only,pairwise_unseen,G2_Temporal_Activity+G3_TCP_Control_Flags,0.8,0.9997775130238488,1.9847112021656296e-05
0.901816511073526,0.969411292748972,0.6368669331062046,135433,14745,1.4767449587618973e-05,0.9999852325504124,0.9999485623167532,0.9999485623167532,0.9999485623167532,0.3631330668937954,3.2758959575443885e-05,2031,source,augmentation_only,pairwise_unseen,G2_Temporal_Activity+G3_TCP_Control_Flags,0.9,0.9982951104822028,1.9847112021656296e-05
0.9456045492682016,0.9847390766556346,0.7922099194129595,142009,8169,4.225084325641333e-05,0.9999577491567436,0.9998759459124178,0.9998759459124178,0.9998759459124178,0.2077900805870405,9.827687872633164e-05,2031,source,augmentation_only,pairwise_unseen,G2_Temporal_Activity+G3_TCP_Control_Flags,0.95,0.9933960049429272,1.9847112021656296e-05
0.441169811823303,0.5537141042356166,3.2758959575443885e-05,66254,83924,1.5093428321308904e-05,0.9999849065716788,0.0,0.0,0.0,0.9999672410404246,3.2758959575443885e-05,2031,source,augmentation_only,pairwise_unseen,G2_Temporal_Activity+G4_Rate_Header_Flow_Context,0.8,0.9997775130238488,0.0021646090134103
0.5935689648284036,0.708145288001872,0.1444670117277075,89141,61037,4.487272972033071e-05,0.9999551272702796,1.0,0.999092970521542,0.9995462794918332,0.8555329882722925,0.0001310358383017,2031,source,augmentation_only,pairwise_unseen,G2_Temporal_Activity+G4_Rate_Header_Flow_Context,0.9,0.9982951104822028,0.0021646090134103
0.7532394891395544,0.845192725570822,0.3928126842691476,113120,37058,0.0006541725601131,0.9993458274398868,0.9999161003439886,0.9939121007422234,0.996905060644082,0.6071873157308524,0.0023914040490074,2031,source,augmentation_only,pairwise_unseen,G2_Temporal_Activity+G4_Rate_Header_Flow_Context,0.95,0.9933960049429272,0.0021646090134103
0.559635898733503,0.616170226991609,0.3380397038590054,84045,66133,1.1898387768457374e-05,0.9999881016122316,1.0,0.999903091384824,0.9999515433444784,0.6619602961409946,3.2758959575443885e-05,2031,source,augmentation_only,pairwise_unseen,G3_TCP_Control_Flags+G4_Rate_Header_Flow_Context,0.8,0.9997775130238488,0.002238070367738
0.741972858874136,0.8221926921405409,0.4275371814191181,111428,38750,3.589761998779481e-05,0.9999641023800122,1.0,0.9996935100758564,0.9998467315503105,0.5724628185808819,0.0001310358383017,2031,source,augmentation_only,pairwise_unseen,G3_TCP_Control_Flags+G4_Rate_Header_Flow_Context,0.9,0.9982951104822028,0.002238070367738
0.8146333018151793,0.8830358038311102,0.5465177225971303,122340,27838,0.0001307830635932,0.9998692169364068,0.999940008398824,0.9991008811364862,0.9995202686495562,0.4534822774028696,0.0004913843936316,2031,source,augmentation_only,pairwise_unseen,G3_TCP_Control_Flags+G4_Rate_Header_Flow_Context,0.95,0.9933960049429272,0.002238070367738
0.7812365196973806,0.8731726004821263,0.3298633702016916,780567,218576,0.0714301270742934,0.9285698729257066,1.0,0.0002510310202617,0.0005019360390076,0.6701366297983083,0.3297805642633228,2031,target,augmentation_only,complete,,0.8,0.9997775130238488,0.0580612540462512
0.8611870372909584,0.951782554064522,0.4163955757970071,860449,138694,0.0811680878239151,0.9188319121760848,1.0,0.0079403409090909,0.0157555771642779,0.5836044242029929,0.4130892529721417,2031,target,augmentation_only,complete,,0.9,0.9982951104822028,0.0580612540462512
0.8992796826880637,0.9931463859202744,0.4384278701129709,898509,100634,0.0814827675627066,0.9185172324372932,0.962474645030426,0.0128026981450252,0.0252692681498049,0.5615721298870291,0.4328148104335482,2031,target,augmentation_only,complete,,0.95,0.9933960049429272,0.0580612540462512
0.5486571992197313,0.6092464156766935,0.2511858993316377,548187,450956,0.0774699144634951,0.9225300855365048,0.0,0.0,0.0,0.7488141006683622,0.2511858993316377,2031,target,augmentation_only,single,G1_Packet_Byte_Magnitude,0.8,0.9997775130238488,0.0664270334194589
0.642512633326761,0.7150467489003979,0.2863961672679955,641962,357181,0.0744748131509341,0.9255251868490658,0.9951377633711508,0.0126804485657049,0.025041804315021,0.7136038327320045,0.2827645353995386,2031,target,augmentation_only,single,G1_Packet_Byte_Magnitude,0.9,0.9982951104822028,0.0664270334194589
0.7863969421794478,0.8808743327394096,0.3225468740758266,785723,213420,0.0647021914847853,0.9352978085152146,0.9922728483879564,0.0682889259714301,0.127783687334866,0.6774531259241734,0.3005204944697462,2031,target,augmentation_only,single,G1_Packet_Byte_Magnitude,0.95,0.9933960049429272,0.0664270334194589
0.782596685359353,0.8713378220951651,0.3469095640858816,781926,217217,0.0750096556451633,0.9249903443548366,0.0,0.0,0.0,0.6530904359141184,0.3469095640858816,2031,target,augmentation_only,single,G2_Temporal_Activity,0.8,0.9997775130238488,0.0541412055686798
0.8450522097437504,0.9426375752494056,0.3659431004909209,844328,154815,0.0732772098047204,0.9267227901952796,0.0,0.0,0.0,0.6340568995090791,0.3659431004909209,2031,target,augmentation_only,single,G2_Temporal_Activity,0.9,0.9982951104822028,0.0541412055686798
0.9074646972455396,0.98202326783307,0.541408883894245,906687,92456,0.1009609710958688,0.8990390289041312,0.0,0.0,0.0,0.458591116105755,0.541408883894245,2031,target,augmentation_only,single,G2_Temporal_Activity,0.95,0.9933960049429272,0.0541412055686798
0.7820482153205297,0.8737388157427118,0.3318802862719583,781378,217765,0.0717923975335881,0.928207602466412,1.0,0.0002495054445652,0.0004988864142538,0.6681197137280417,0.3317974803335896,2031,target,augmentation_only,single,G3_TCP_Control_Flags,0.8,0.9997775130238488,0.0566564006077732
0.8632498050829561,0.9536149230248424,0.4195895191340865,862510,136633,0.0815967351103175,0.9184032648896824,1.0,0.0079221877643078,0.0157198400044753,0.5804104808659135,0.4162654521795706,2031,target,augmentation_only,single,G3_TCP_Control_Flags,0.9,0.9982951104822028,0.0566564006077732
0.9050726472587008,0.994829370428866,0.4643993612113326,904297,94846,0.0858191501243507,0.9141808498756492,0.9642857142857144,0.0120357634112792,0.0237747811210626,0.5356006387886674,0.4588099603714438,2031,target,augmentation_only,single,G3_TCP_Control_Flags,0.95,0.9933960049429272,0.0566564006077732
0.4319601898827295,0.5014052980882404,0.09100964097711,431590,567553,0.0356518918417942,0.9643481081582056,0.0,0.0,0.0,0.90899035902289,0.09100964097711,2031,target,augmentation_only,single,G4_Rate_Header_Flow_Context,0.8,0.9997775130238488,0.050420310208328
0.7506653201793937,0.8428174389481407,0.2982315017448394,750022,249121,0.0672273613307343,0.9327726386692656,0.0,0.0,0.0,0.7017684982551606,0.2982315017448394,2031,target,augmentation_only,single,G4_Rate_Header_Flow_Context,0.9,0.9982951104822028,0.050420310208328
0.856454981919505,0.9272774804143732,0.5087419412077837,855721,143422,0.1003352728284101,0.8996647271715899,1.0,0.0017904270284724,0.0035744542574303,0.4912580587922162,0.5078310758857278,2031,target,augmentation_only,single,G4_Rate_Header_Flow_Context,0.95,0.9933960049429272,0.050420310208328
0.4755915819857618,0.5282692004197221,0.2169633879458212,475184,523959,0.0771953601131351,0.9228046398868648,0.0,0.0,0.0,0.7830366120541787,0.2169633879458212,2031,target,augmentation_only,pairwise_unseen,G1_Packet_Byte_Magnitude+G2_Temporal_Activity,0.8,0.9997775130238488,0.0492110363885214
0.6249305654946289,0.6949714061293404,0.2810551842432128,624395,374748,0.0761024671882382,0.9238975328117618,0.0,0.0,0.0,0.7189448157567871,0.2810551842432128,2031,target,augmentation_only,pairwise_unseen,G1_Packet_Byte_Magnitude+G2_Temporal_Activity,0.9,0.9982951104822028,0.0492110363885214
0.7236882007880754,0.8120430371786578,0.2898976755190158,723068,276075,0.0670891257807011,0.9329108742192987,0.9883495145631068,0.0103849998979862,0.0205540300436116,0.7101023244809842,0.2868870881883243,2031,target,augmentation_only,pairwise_unseen,G1_Packet_Byte_Magnitude+G2_Temporal_Activity,0.95,0.9933960049429272,0.0492110363885214
0.5118526577276726,0.571246143411483,0.2202519666410362,511414,487729,0.072813806426887,0.9271861935731128,0.0,0.0,0.0,0.7797480333589637,0.2202519666410362,2031,target,augmentation_only,pairwise_unseen,G1_Packet_Byte_Magnitude+G3_TCP_Control_Flags,0.8,0.9997775130238488,0.0551975942065363
0.6342595604432999,0.7060318791238843,0.2818832436269001,633716,365427,0.0751361808759759,0.924863819124024,1.0,0.0009022619497251,0.0018028972138948,0.7181167563730999,0.2816289111019104,2031,target,augmentation_only,pairwise_unseen,G1_Packet_Byte_Magnitude+G3_TCP_Control_Flags,0.9,0.9982951104822028,0.0551975942065363
0.7812635428562278,0.8769662427280492,0.3113976459454664,780594,218549,0.0664237747151528,0.9335762252848472,0.99875,0.0151762650053183,0.0298982188295165,0.6886023540545336,0.3066717927485657,2031,target,augmentation_only,pairwise_unseen,G1_Packet_Byte_Magnitude+G3_TCP_Control_Flags,0.95,0.9933960049429272,0.0551975942065363
0.0,0.0,0.0,0,999143,,,,,,1.0,0.0,2031,target,augmentation_only,pairwise_unseen,G1_Packet_Byte_Magnitude+G4_Rate_Header_Flow_Context,0.8,0.9997775130238488,0.2032597227607996
0.023183868575369,0.0097702250284011,0.0890400425859111,23164,975979,0.6498877568640995,0.3501122431359005,0.0,0.0,0.0,0.9109599574140888,0.0890400425859111,2031,target,augmentation_only,pairwise_unseen,G1_Packet_Byte_Magnitude+G4_Rate_Header_Flow_Context,0.9,0.9982951104822028,0.2032597227607996
0.1856491012797967,0.1727269770249122,0.2490920920328858,185490,813653,0.2270418890506226,0.7729581109493773,0.0,0.0,0.0,0.7509079079671143,0.2490920920328858,2031,target,augmentation_only,pairwise_unseen,G1_Packet_Byte_Magnitude+G4_Rate_Header_Flow_Context,0.95,0.9933960049429272,0.2032597227607996
0.7823074374739152,0.8710065259320566,0.3468267581475128,781637,217506,0.0750194783512039,0.924980521648796,0.0,0.0,0.0,0.6531732418524872,0.3468267581475128,2031,target,augmentation_only,pairwise_unseen,G2_Temporal_Activity+G3_TCP_Control_Flags,0.8,0.9997775130238488,0.0528185545498579
0.8498533242989241,0.9494731186293254,0.3607558999231087,849125,150018,0.0718304136611217,0.9281695863388782,0.0,0.0,0.0,0.6392441000768913,0.3607558999231087,2031,target,augmentation_only,pairwise_unseen,G2_Temporal_Activity+G3_TCP_Control_Flags,0.9,0.9982951104822028,0.0528185545498579
0.9071704450714262,0.9827629618117923,0.536038327320045,906393,92750,0.0999886362758759,0.900011363724124,0.0,0.0,0.0,0.463961672679955,0.536038327320045,2031,target,augmentation_only,pairwise_unseen,G2_Temporal_Activity+G3_TCP_Control_Flags,0.95,0.9933960049429272,0.0528185545498579
0.4690529784024909,0.5567630798736979,0.0384278701129709,468651,530492,0.0138631945733605,0.9861368054266394,0.0,0.0,0.0,0.961572129887029,0.0384278701129709,2031,target,augmentation_only,pairwise_unseen,G2_Temporal_Activity+G4_Rate_Header_Flow_Context,0.8,0.9997775130238488,0.0429558715716918
0.6762835750237954,0.7906220296287194,0.1149228130360205,675704,323439,0.0287551945822431,0.9712448054177568,0.0,0.0,0.0,0.8850771869639794,0.1149228130360205,2031,target,augmentation_only,pairwise_unseen,G2_Temporal_Activity+G4_Rate_Header_Flow_Context,0.9,0.9982951104822028,0.0429558715716918
0.903733499609165,0.9750082221684117,0.5538002011001361,902959,96184,0.1036935231832231,0.8963064768167769,0.0,0.0,0.0,0.4461997988998639,0.5538002011001361,2031,target,augmentation_only,pairwise_unseen,G2_Temporal_Activity+G4_Rate_Header_Flow_Context,0.95,0.9933960049429272,0.0429558715716918
0.4127357145073327,0.4795674597294455,0.0846158395930679,412382,586761,0.0346911358885693,0.9653088641114308,0.0,0.0,0.0,0.915384160406932,0.0846158395930679,2031,target,augmentation_only,pairwise_unseen,G3_TCP_Control_Flags+G4_Rate_Header_Flow_Context,0.8,0.9997775130238488,0.0499534226352197
0.7663817891933387,0.8614230314683167,0.2997634116046608,765725,233418,0.0661869470110026,0.9338130529889972,0.0,0.0,0.0,0.7002365883953392,0.2997634116046608,2031,target,augmentation_only,pairwise_unseen,G3_TCP_Control_Flags+G4_Rate_Header_Flow_Context,0.9,0.9982951104822028,0.0499534226352197
0.8680889522320628,0.9370320441696092,0.5296031229668184,867345,131798,0.1030570303627737,0.8969429696372262,1.0,0.0017199017199017,0.0034338974736325,0.4703968770331815,0.5286922576447626,2031,target,augmentation_only,pairwise_unseen,G3_TCP_Control_Flags+G4_Rate_Header_Flow_Context,0.95,0.9933960049429272,0.0499534226352197
