actual_coverage,benign_coverage,attack_coverage,accepted_rows,abstained_rows,selective_risk,accepted_accuracy,accepted_precision,accepted_recall,accepted_f1,attack_abstention_rate,accepted_false_negative_rate,seed,dataset,model,condition_type,missing_groups,desired_policy_coverage,confidence_cutoff,aurc
0.7811863255603351,0.8648748035970982,0.4531546878071152,117317,32861,0.0,1.0,1.0,1.0,1.0,0.5468453121928848,0.0,2027,source,ordinary_baseline,complete,,0.8,0.9999925032700044,5.089194572071484e-06
0.8793165443673507,0.9433691037341624,0.6282513267378628,132054,18124,0.0,1.0,1.0,1.0,1.0,0.3717486732621372,0.0,2027,source,ordinary_baseline,complete,,0.9,0.9999525181100614,5.089194572071484e-06
0.9506851869115316,0.9853408217163108,0.8148463604795911,142772,7406,0.0,1.0,1.0,1.0,1.0,0.1851536395204088,0.0,2027,source,ordinary_baseline,complete,,0.95,0.9996191215135498,5.089194572071484e-06
0.904000585971314,0.966193628188413,0.660224071283496,135761,14417,0.0,1.0,1.0,1.0,1.0,0.3397759287165039,0.0,2027,source,group_aware,complete,,0.8,0.9998136103081596,1.3666361186148762e-05
0.938200002663506,0.9921940293517868,0.7265609644237699,140897,9281,1.4194766389632142e-05,0.9999858052336104,0.999954912304432,0.999954912304432,0.999954912304432,0.2734390355762301,3.2758959575443885e-05,2027,source,group_aware,complete,,0.9,0.9985148348024138,1.3666361186148762e-05
0.9667394691632596,0.9966235416039848,0.8496036165891371,145183,4995,0.000241075056997,0.999758924943003,0.9989212513484358,0.9997300944669366,0.9993255092405234,0.1503963834108628,0.0002293127170281,2027,source,group_aware,complete,,0.95,0.9940159898170458,1.3666361186148762e-05
0.5122587862403282,0.6429478821916892,0.0,76930,73248,0.0,1.0,0.0,0.0,0.0,1.0,0.0,2027,source,ordinary_baseline,single,G1_Packet_Byte_Magnitude,0.8,0.9999925032700044,0.0137683659077614
0.7390430023039327,0.9271804900879216,0.0016051890191967,110988,39190,0.0004414891700003,0.9995585108299996,0.0,0.0,0.0,0.9983948109808032,0.0016051890191967,2027,source,ordinary_baseline,single,G1_Packet_Byte_Magnitude,0.9,0.9999525181100614,0.0137683659077614
0.7833104715737325,0.97127503092301,0.0465504815567057,117636,32542,0.0120796354857356,0.9879203645142643,0.0,0.0,0.0,0.9534495184432944,0.0465504815567057,2027,source,ordinary_baseline,single,G1_Packet_Byte_Magnitude,0.95,0.9996191215135498,0.0137683659077614
0.7258053776185593,0.8406879951860395,0.275502850029483,109000,41178,0.0,1.0,1.0,1.0,1.0,0.724497149970517,0.0,2027,source,group_aware,single,G1_Packet_Byte_Magnitude,0.8,0.9998136103081596,1.94852308835425e-05
0.855904326865453,0.948885100123692,0.4914499115508091,128538,21640,0.0,1.0,1.0,1.0,1.0,0.5085500884491908,0.0,2027,source,group_aware,single,G1_Packet_Byte_Magnitude,0.9,0.9985148348024138,1.94852308835425e-05
0.9208406024850512,0.9796409587804632,0.6903623140929044,138290,11888,2.1693542555499318e-05,0.9999783064574445,0.9999525459118304,0.999905096327228,0.9999288205566232,0.3096376859070956,6.551791915088777e-05,2027,source,group_aware,single,G1_Packet_Byte_Magnitude,0.95,0.9940159898170458,1.94852308835425e-05
0.730286726417984,0.8792916123424598,0.1462359955447815,109673,40505,0.0,1.0,1.0,1.0,1.0,0.8537640044552185,0.0,2027,source,ordinary_baseline,single,G2_Temporal_Activity,0.8,0.9999925032700044,0.0004130676369914
0.8244150275006992,0.933431952662722,0.3971041079735307,123809,26369,8.076957248665283e-06,0.9999919230427512,0.9999175121669552,1.0,0.9999587543823468,0.6028958920264692,0.0,2027,source,ordinary_baseline,single,G2_Temporal_Activity,0.9,0.9999525181100614,0.0004130676369914
0.8530743517692339,0.9655751679871628,0.412107711459084,128113,22065,4.6833654664241725e-05,0.9999531663453356,0.9999204834605598,0.9996025437201908,0.9997614883129272,0.5878922885409159,0.0001637947978772,2027,source,ordinary_baseline,single,G2_Temporal_Activity,0.95,0.9996191215135498,0.0004130676369914
0.8207860006126064,0.8929645973322635,0.5378693572692131,123264,26914,0.0,1.0,1.0,1.0,1.0,0.4621306427307868,0.0,2027,source,group_aware,single,G2_Temporal_Activity,0.8,0.9998136103081596,1.949785355293236e-05
0.9071701580790796,0.9736736535954268,0.646498067221385,136237,13941,1.4680299771721338e-05,0.9999853197002284,0.999949328604003,0.999949328604003,0.999949328604003,0.3535019327786149,3.2758959575443885e-05,2027,source,group_aware,single,G2_Temporal_Activity,0.9,0.9985148348024138,1.949785355293236e-05
0.9626110349052458,0.9853157490054492,0.8736159339579375,144563,5615,0.00015218278536,0.99984781721464,0.9994002548916712,0.9997750112494376,0.999587597945488,0.1263840660420625,0.0001965537574526,2027,source,group_aware,single,G2_Temporal_Activity,0.95,0.9940159898170458,1.949785355293236e-05
0.7538520955133242,0.8623758900812356,0.3284740876629758,113212,36966,0.0,1.0,1.0,1.0,1.0,0.6715259123370242,0.0,2027,source,ordinary_baseline,single,G3_TCP_Control_Flags,0.8,0.9999925032700044,6.344461146025816e-06
0.8548988533606786,0.9409454083508842,0.5176243202515888,128387,21791,0.0,1.0,1.0,1.0,1.0,0.4823756797484111,0.0,2027,source,ordinary_baseline,single,G3_TCP_Control_Flags,0.9,0.9999525181100614,6.344461146025816e-06
0.9409234375208086,0.9838197439240464,0.7727838563847212,141306,8872,0.0,1.0,1.0,1.0,1.0,0.2272161436152787,0.0,2027,source,ordinary_baseline,single,G3_TCP_Control_Flags,0.95,0.9996191215135498,6.344461146025816e-06
0.8934597610835142,0.9567412161936282,0.6454170215553954,134178,16000,0.0,1.0,1.0,1.0,1.0,0.3545829784446046,0.0,2027,source,group_aware,single,G3_TCP_Control_Flags,0.8,0.9998136103081596,1.3254658905159267e-05
0.9300163805617334,0.9897034734062112,0.6960623730590316,139668,10510,7.159836182948134e-06,0.9999928401638172,1.0,0.999952936746988,0.9999764678197436,0.3039376269409684,3.2758959575443885e-05,2027,source,group_aware,single,G3_TCP_Control_Flags,0.9,0.9985148348024138,1.3254658905159267e-05
0.96119271797467,0.9960552268244576,0.8245430125139226,144350,5828,0.0001801177693107,0.9998198822306892,0.9990473166084471,0.9999205403257848,0.9994837377387712,0.1754569874860774,6.551791915088777e-05,2027,source,group_aware,single,G3_TCP_Control_Flags,0.95,0.9940159898170458,1.3254658905159267e-05
0.0873297020868569,0.1096095343161836,0.0,13115,137063,0.0,1.0,0.0,0.0,0.0,1.0,0.0,2027,source,ordinary_baseline,single,G4_Rate_Header_Flow_Context,0.8,0.9999925032700044,0.0271014171695558
0.1615083434324601,0.2024537826363119,0.0010155277468387,24255,125923,0.0,1.0,1.0,1.0,1.0,0.9989844722531612,0.0,2027,source,ordinary_baseline,single,G4_Rate_Header_Flow_Context,0.9,0.9999525181100614,0.0271014171695558
0.3637550107206115,0.4473640223314278,0.0360348555329882,54628,95550,0.0001830563081203,0.9998169436918796,0.990990990990991,1.0,0.995475113122172,0.9639651444670118,0.0,2027,source,ordinary_baseline,single,G4_Rate_Header_Flow_Context,0.95,0.9996191215135498,0.0271014171695558
0.5759365552877252,0.6304198843312272,0.3623796108235602,86493,63685,0.0,1.0,1.0,1.0,1.0,0.6376203891764397,0.0,2027,source,group_aware,single,G4_Rate_Header_Flow_Context,0.8,0.9998136103081596,0.0014286630887841
0.77209045266284,0.8307257714037375,0.5422590578523226,115951,34227,4.312166346128968e-05,0.9999568783365388,1.0,0.9996979399504622,0.9998489471617172,0.4577409421476774,0.0001637947978772,2027,source,group_aware,single,G4_Rate_Header_Flow_Context,0.9,0.9985148348024138,0.0014286630887841
0.8606520262621689,0.9205278641393374,0.6259581995675817,129251,20927,0.0003868442023659,0.999613155797634,1.0,0.9973832949549928,0.9986899334486192,0.3740418004324182,0.0016379479787721,2027,source,group_aware,single,G4_Rate_Header_Flow_Context,0.95,0.9940159898170458,0.0014286630887841
0.4786320233323123,0.5960786280212617,0.0182794994430976,71880,78298,0.0077629382303839,0.992237061769616,0.0,0.0,0.0,0.9817205005569024,0.0182794994430976,2027,source,ordinary_baseline,pairwise_unseen,G1_Packet_Byte_Magnitude+G2_Temporal_Activity,0.8,0.9999925032700044,0.0294338898290691
0.7566088241952883,0.9036121418781132,0.1804035903819694,113626,36552,0.0484660201010332,0.9515339798989668,0.0,0.0,0.0,0.8195964096180305,0.1804035903819694,2027,source,ordinary_baseline,pairwise_unseen,G1_Packet_Byte_Magnitude+G2_Temporal_Activity,0.9,0.9999525181100614,0.0294338898290691
0.8286100494080358,0.970163474074817,0.2737666251719845,124439,25739,0.0671574024220702,0.9328425975779298,0.0,0.0,0.0,0.7262333748280154,0.2737666251719845,2027,source,ordinary_baseline,pairwise_unseen,G1_Packet_Byte_Magnitude+G2_Temporal_Activity,0.95,0.9996191215135498,0.0294338898290691
0.5763627162433912,0.7234062113462374,0.0,86557,63621,0.0,1.0,0.0,0.0,0.0,1.0,0.0,2027,source,group_aware,pairwise_unseen,G1_Packet_Byte_Magnitude+G2_Temporal_Activity,0.8,0.9998136103081596,8.110533969401257e-05
0.7280959927552637,0.8676411593621502,0.1811242874926292,109344,40834,0.0,1.0,1.0,1.0,1.0,0.8188757125073708,0.0,2027,source,group_aware,pairwise_unseen,G1_Packet_Byte_Magnitude+G2_Temporal_Activity,0.9,0.9985148348024138,8.110533969401257e-05
0.8058237558097724,0.9092535018219504,0.4004127628906506,121017,29161,4.9579811100919706e-05,0.9999504201888992,1.0,0.9995091221467725,0.9997545008183306,0.5995872371093494,0.0001965537574526,2027,source,group_aware,pairwise_unseen,G1_Packet_Byte_Magnitude+G2_Temporal_Activity,0.95,0.9940159898170458,8.110533969401257e-05
0.5255896336347534,0.6596045197740112,0.0002948306361789,78932,71246,0.0001140221963208,0.9998859778036792,0.0,0.0,0.0,0.999705169363821,0.0002948306361789,2027,source,ordinary_baseline,pairwise_unseen,G1_Packet_Byte_Magnitude+G3_TCP_Control_Flags,0.8,0.9999925032700044,0.0156319844241298
0.7479457710183915,0.9341339885668438,0.0181484636047959,112325,37853,0.0049321166258624,0.9950678833741377,0.0,0.0,0.0,0.981851536395204,0.0181484636047959,2027,source,ordinary_baseline,pairwise_unseen,G1_Packet_Byte_Magnitude+G3_TCP_Control_Flags,0.9,0.9999525181100614,0.0156319844241298
0.8053376659697159,0.9751863738174038,0.1395859267509664,120944,29234,0.0352311813731975,0.9647688186268024,0.0,0.0,0.0,0.8604140732490336,0.1395859267509664,2027,source,ordinary_baseline,pairwise_unseen,G1_Packet_Byte_Magnitude+G3_TCP_Control_Flags,0.95,0.9996191215135498,0.0156319844241298
0.7119484877944838,0.8305168321465584,0.2471991089562995,106919,43259,0.0,1.0,1.0,1.0,1.0,0.7528008910437004,0.0,2027,source,group_aware,pairwise_unseen,G1_Packet_Byte_Magnitude+G3_TCP_Control_Flags,0.8,0.9998136103081596,1.9597634638496068e-05
0.8177163099788252,0.9369421321833316,0.3503898316189477,122803,27375,0.0,1.0,1.0,1.0,1.0,0.6496101683810522,0.0,2027,source,group_aware,pairwise_unseen,G1_Packet_Byte_Magnitude+G3_TCP_Control_Flags,0.9,0.9985148348024138,1.9597634638496068e-05
0.8743491057278696,0.9725035937552234,0.4896154098145843,131308,18870,0.0,1.0,1.0,1.0,1.0,0.5103845901854157,0.0,2027,source,group_aware,pairwise_unseen,G1_Packet_Byte_Magnitude+G3_TCP_Control_Flags,0.95,0.9940159898170458,1.9597634638496068e-05
0.0,0.0,0.0,0,150178,,,,,,1.0,0.0,2027,source,ordinary_baseline,pairwise_unseen,G1_Packet_Byte_Magnitude+G4_Rate_Header_Flow_Context,0.8,0.9999925032700044,0.0534190136123499
0.0001931041830361,0.0002423695383278,0.0,29,150149,0.0,1.0,0.0,0.0,0.0,1.0,0.0,2027,source,ordinary_baseline,pairwise_unseen,G1_Packet_Byte_Magnitude+G4_Rate_Header_Flow_Context,0.9,0.9999525181100614,0.0534190136123499
0.1403534472426054,0.1758349212716879,0.0012775994234423,21078,129100,0.0018502704241389,0.9981497295758612,0.0,0.0,0.0,0.9987224005765576,0.0012775994234423,2027,source,ordinary_baseline,pairwise_unseen,G1_Packet_Byte_Magnitude+G4_Rate_Header_Flow_Context,0.95,0.9996191215135498,0.0534190136123499
6.65876493228036e-06,8.357570287166115e-06,0.0,1,150177,0.0,1.0,0.0,0.0,0.0,1.0,0.0,2027,source,group_aware,pairwise_unseen,G1_Packet_Byte_Magnitude+G4_Rate_Header_Flow_Context,0.8,0.9998136103081596,0.0362551323828531
0.0117926726950685,0.0148012569785711,0.0,1771,148407,0.0,1.0,0.0,0.0,0.0,1.0,0.0,2027,source,group_aware,pairwise_unseen,G1_Packet_Byte_Magnitude+G4_Rate_Header_Flow_Context,0.9,0.9985148348024138,0.0362551323828531
0.1298325986496024,0.1629559054591649,0.0,19498,130680,0.0,1.0,0.0,0.0,0.0,1.0,0.0,2027,source,group_aware,pairwise_unseen,G1_Packet_Byte_Magnitude+G4_Rate_Header_Flow_Context,0.95,0.9940159898170458,0.0362551323828531
0.734395184381201,0.8948199779360144,0.1055821267116556,110290,39888,0.0,1.0,1.0,1.0,1.0,0.8944178732883443,0.0,2027,source,ordinary_baseline,pairwise_unseen,G2_Temporal_Activity+G3_TCP_Control_Flags,0.8,0.9999925032700044,0.0014519471943392
0.8083274514243098,0.9421823287533848,0.2836598309637685,121393,28785,8.237707281309466e-06,0.9999917622927188,1.0,0.999884513223236,0.9999422532771264,0.7163401690362314,3.2758959575443885e-05,2027,source,ordinary_baseline,pairwise_unseen,G2_Temporal_Activity+G3_TCP_Control_Flags,0.9,0.9999525181100614,0.0014519471943392
0.8570429756688729,0.9707568615652058,0.4113214964292734,128709,21469,0.0002719312557785,0.9997280687442216,0.9999201469296496,0.9972921312519912,0.9986044100641972,0.5886785035707266,0.001113804625565,2027,source,ordinary_baseline,pairwise_unseen,G2_Temporal_Activity+G3_TCP_Control_Flags,0.95,0.9996191215135498,0.0014519471943392
0.8106979717402016,0.8859024504396082,0.5159208543536657,121749,28429,0.0,1.0,1.0,1.0,1.0,0.4840791456463342,0.0,2027,source,group_aware,pairwise_unseen,G2_Temporal_Activity+G3_TCP_Control_Flags,0.8,0.9998136103081596,2.072360016691857e-05
0.9017832172488648,0.9687844749774346,0.6391600602764856,135428,14750,1.476799480166583e-05,0.9999852320051984,0.9999487468607452,0.9999487468607452,0.9999487468607452,0.3608399397235143,3.2758959575443885e-05,2027,source,group_aware,pairwise_unseen,G2_Temporal_Activity+G3_TCP_Control_Flags,0.9,0.9985148348024138,2.072360016691857e-05
0.957963216982514,0.9841958345869688,0.8551398807573871,143865,6313,9.036249261460396e-05,0.9999096375073854,0.999578753877379,0.9999233833895188,0.9997510389336806,0.1448601192426128,6.551791915088777e-05,2027,source,group_aware,pairwise_unseen,G2_Temporal_Activity+G3_TCP_Control_Flags,0.95,0.9940159898170458,2.072360016691857e-05
0.0,0.0,0.0,0,150178,,,,,,1.0,0.0,2027,source,ordinary_baseline,pairwise_unseen,G2_Temporal_Activity+G4_Rate_Header_Flow_Context,0.8,0.9999925032700044,0.0178575998931209
0.109183768594601,0.1370390799986628,0.0,16397,133781,0.0,1.0,0.0,0.0,0.0,1.0,0.0,2027,source,ordinary_baseline,pairwise_unseen,G2_Temporal_Activity+G4_Rate_Header_Flow_Context,0.9,0.9999525181100614,0.0178575998931209
0.3857622288217981,0.4841791194463945,0.0,57933,92245,0.0,1.0,0.0,0.0,0.0,1.0,0.0,2027,source,ordinary_baseline,pairwise_unseen,G2_Temporal_Activity+G4_Rate_Header_Flow_Context,0.95,0.9996191215135498,0.0178575998931209
0.4326132988853227,0.5183950122020526,0.0963768590709559,64969,85209,0.0,1.0,1.0,1.0,1.0,0.903623140929044,0.0,2027,source,group_aware,pairwise_unseen,G2_Temporal_Activity+G4_Rate_Header_Flow_Context,0.8,0.9998136103081596,0.0021093692800334
0.6092503562439239,0.7038077090228329,0.2386162615475332,91496,58682,2.185887907668095e-05,0.9999781411209232,1.0,0.999725425590335,0.999862693944803,0.7613837384524668,6.551791915088777e-05,2027,source,group_aware,pairwise_unseen,G2_Temporal_Activity+G4_Rate_Header_Flow_Context,0.9,0.9985148348024138,0.0021093692800334
0.7661708106380428,0.8590077892555077,0.4022800235864509,115062,35116,0.000738732161791,0.999261267838209,0.9999180126260556,0.9931596091205211,0.9965273522081954,0.5977199764135491,0.0027517526043372,2027,source,group_aware,pairwise_unseen,G2_Temporal_Activity+G4_Rate_Header_Flow_Context,0.95,0.9940159898170458,0.0021093692800334
0.087143256668753,0.1093755223481429,0.0,13087,137091,0.0,1.0,0.0,0.0,0.0,1.0,0.0,2027,source,ordinary_baseline,pairwise_unseen,G3_TCP_Control_Flags+G4_Rate_Header_Flow_Context,0.8,0.9999925032700044,0.0294112202946091
0.1598369934344577,0.2003978203456691,0.0008517329489615,24004,126174,0.0,1.0,1.0,1.0,1.0,0.9991482670510384,0.0,2027,source,ordinary_baseline,pairwise_unseen,G3_TCP_Control_Flags+G4_Rate_Header_Flow_Context,0.9,0.9999525181100614,0.0294112202946091
0.3589007710849791,0.4431016614849731,0.028860643385966,53899,96279,0.0001855321991131,0.9998144678008868,0.9887766554433222,1.0,0.9943566591422122,0.971139356614034,0.0,2027,source,ordinary_baseline,pairwise_unseen,G3_TCP_Control_Flags+G4_Rate_Header_Flow_Context,0.95,0.9996191215135498,0.0294112202946091
0.5717148983206595,0.6279042556747902,0.3514708772849374,85859,64319,1.16470026438696e-05,0.999988352997356,1.0,0.9999067946686552,0.999953395162418,0.6485291227150626,3.2758959575443885e-05,2027,source,group_aware,pairwise_unseen,G3_TCP_Control_Flags+G4_Rate_Header_Flow_Context,0.8,0.9998136103081596,0.0020766829658123
0.7444033080744183,0.8229532310366731,0.4365131363427897,111793,38385,3.578041558952707e-05,0.9999642195844104,1.0,0.9996998123827392,0.9998498836598364,0.5634868636572102,0.0001310358383017,2027,source,group_aware,pairwise_unseen,G3_TCP_Control_Flags+G4_Rate_Header_Flow_Context,0.9,0.9985148348024138,0.0020766829658123
0.841321631663759,0.8981379333400193,0.6186201926226823,126348,23830,0.00030075664039,0.99969924335961,1.0,0.997987714467274,0.9989928438908032,0.3813798073773177,0.0012448404638668,2027,source,group_aware,pairwise_unseen,G3_TCP_Control_Flags+G4_Rate_Header_Flow_Context,0.95,0.9940159898170458,0.0020766829658123
0.5744543073413916,0.635838052797766,0.2730821553202815,573962,425181,0.0804408654231464,0.9195591345768536,0.0,0.0,0.0,0.7269178446797184,0.2730821553202815,2027,target,ordinary_baseline,complete,,0.8,0.9999925032700044,0.057699299297569
0.6845596676351633,0.7537252747649905,0.344981368663867,683973,315170,0.0852752959546648,0.9147247040453352,0.0,0.0,0.0,0.6550186313361329,0.344981368663867,2027,target,ordinary_baseline,complete,,0.9,0.9999525181100614,0.057699299297569
0.7746148449220982,0.8585847268854667,0.3623528715916484,773951,225192,0.0790256747520191,0.9209743252479808,1.0,0.0016486296785988,0.0032918323446972,0.6376471284083516,0.3617554858934169,2027,target,ordinary_baseline,complete,,0.95,0.9996191215135498,0.057699299297569
0.7523507646052667,0.8347856152410692,0.3476252439817827,751706,247437,0.0781861525649655,0.9218138474350344,0.0,0.0,0.0,0.6523747560182173,0.3476252439817827,2027,target,group_aware,complete,,0.8,0.9998136103081596,0.0609818652906106
0.8496971904922519,0.9469432206564964,0.3722540959365943,848969,150174,0.0735633456580864,0.9264366543419136,1.0,0.0076902299124521,0.0152630832058781,0.6277459040634057,0.3693913763529899,2027,target,group_aware,complete,,0.9,0.9985148348024138,0.0609818652906106
0.8811611551099292,0.9732686161337616,0.4289465901697522,880406,118737,0.0813397455264957,0.9186602544735044,0.9789473684210528,0.0128236948787954,0.0253157665505226,0.5710534098302478,0.4234459099781156,2027,target,group_aware,complete,,0.95,0.9940159898170458,0.0609818652906106
0.3184078755493458,0.3418422235152812,0.2033536405039333,318135,681008,0.1080704732267748,0.8919295267732252,0.0,0.0,0.0,0.7966463594960668,0.2033536405039333,2027,target,ordinary_baseline,single,G1_Packet_Byte_Magnitude,0.8,0.9999925032700044,0.0894491332490244
0.6206949355597747,0.6805606253907789,0.3267758916425149,620163,378980,0.089086256355184,0.910913743644816,0.0,0.0,0.0,0.673224108357485,0.3267758916425149,2027,target,ordinary_baseline,single,G1_Packet_Byte_Magnitude,0.9,0.9999525181100614,0.0894491332490244
0.7550120453228417,0.8128887459295748,0.470858224404093,754365,244778,0.1055298164681553,0.8944701835318447,0.0,0.0,0.0,0.529141775595907,0.470858224404093,2027,target,ordinary_baseline,single,G1_Packet_Byte_Magnitude,0.95,0.9996191215135498,0.0894491332490244
0.5707811594536518,0.637611390805387,0.2426687170994262,570292,428851,0.0719420928226242,0.9280579071773758,0.0,0.0,0.0,0.7573312829005737,0.2426687170994262,2027,target,group_aware,single,G1_Packet_Byte_Magnitude,0.8,0.9998136103081596,0.0568486681483602
0.659433134196006,0.7359208166028771,0.2839060744070503,658868,340275,0.0728567785960161,0.9271432214039838,0.0,0.0,0.0,0.7160939255929497,0.2839060744070503,2027,target,group_aware,single,G1_Packet_Byte_Magnitude,0.9,0.9985148348024138,0.0568486681483602
0.7648754983020448,0.8603484271865246,0.2961376944460874,764220,234923,0.0650061500615006,0.9349938499384994,0.8324786324786325,0.0097267715906367,0.0192288709454523,0.7038623055539126,0.2932572307328325,2027,target,group_aware,single,G1_Packet_Byte_Magnitude,0.95,0.9940159898170458,0.0568486681483602
0.6841343030977548,0.7536216694194366,0.3429762820133672,683548,315595,0.0848323746101224,0.9151676253898776,0.0,0.0,0.0,0.6570237179866327,0.3429762820133672,2027,target,ordinary_baseline,single,G2_Temporal_Activity,0.8,0.9999925032700044,0.0539153816230021
0.8629895820718355,0.9461890701179294,0.4545099662861536,862250,136893,0.0891203247318063,0.9108796752681936,0.0,0.0,0.0,0.5454900337138463,0.4545099662861536,2027,target,ordinary_baseline,single,G2_Temporal_Activity,0.9,0.9999525181100614,0.0539153816230021
0.9150491971619678,0.9931198822272258,0.5317501626545218,914265,84878,0.098333634121398,0.901666365878602,0.0,0.0,0.0,0.4682498373454782,0.5317501626545218,2027,target,ordinary_baseline,single,G2_Temporal_Activity,0.95,0.9996191215135498,0.0539153816230021
0.77184847414234,0.858524491219447,0.3463003489678831,771187,227956,0.0759206262553699,0.92407937374463,0.0,0.0,0.0,0.6536996510321169,0.3463003489678831,2027,target,group_aware,single,G2_Temporal_Activity,0.8,0.9998136103081596,0.0555446406212949
0.8360494944167152,0.9333914005153764,0.358135683444727,835333,163810,0.072486062444558,0.927513937555442,0.0,0.0,0.0,0.641864316555273,0.358135683444727,2027,target,group_aware,single,G2_Temporal_Activity,0.9,0.9985148348024138,0.0555446406212949
0.8932785397085302,0.970358028751688,0.5148459218075353,892513,106630,0.0975279911889238,0.902472008811076,0.0,0.0,0.0,0.4851540781924646,0.5148459218075353,2027,target,group_aware,single,G2_Temporal_Activity,0.95,0.9940159898170458,0.0555446406212949
0.6009199884300845,0.6678135537476825,0.272496599041817,600405,398738,0.0767332050865665,0.9232667949134334,0.0,0.0,0.0,0.727503400958183,0.272496599041817,2027,target,ordinary_baseline,single,G3_TCP_Control_Flags,0.8,0.9999925032700044,0.0589667066515971
0.710742105984829,0.7847502569051156,0.3473886555864435,710133,289010,0.0827070422019537,0.9172929577980464,0.0,0.0,0.0,0.6526113444135565,0.3473886555864435,2027,target,ordinary_baseline,single,G3_TCP_Control_Flags,0.9,0.9999525181100614,0.0589667066515971
0.8224788643867794,0.9045457447718454,0.4195599455846691,821774,177369,0.0862804128629039,0.913719587137096,1.0,0.0004511172199901,0.0009018276100159,0.580440054415331,0.4193706748683977,2027,target,ordinary_baseline,single,G3_TCP_Control_Flags,0.95,0.9996191215135498,0.0589667066515971
0.7802817014181154,0.8680055850509534,0.3495889276630981,779613,219530,0.0758132560642267,0.9241867439357732,0.0,0.0,0.0,0.6504110723369019,0.3495889276630981,2027,target,group_aware,single,G3_TCP_Control_Flags,0.8,0.9998136103081596,0.0592623136356095
0.8514627035369311,0.9485310328127768,0.3748920565446265,850733,148410,0.0739350654083008,0.9260649345916993,1.0,0.0076361169398734,0.0151564970955266,0.6251079434553735,0.3720293369610221,2027,target,group_aware,single,G3_TCP_Control_Flags,0.9,0.9985148348024138,0.0592623136356095
0.887648714948711,0.9795861327859116,0.4362690010055007,886888,112255,0.0821276192709789,0.917872380729021,0.9989177489177488,0.012513557483731,0.0247174763001446,0.5637309989944993,0.4308097237830484,2027,target,group_aware,single,G3_TCP_Control_Flags,0.95,0.9940159898170458,0.0592623136356095
0.0354383706836759,0.0421962887601451,0.0022594191754894,35408,963735,0.0107885223678264,0.9892114776321737,0.0,0.0,0.0,0.9977405808245106,0.0022594191754894,2027,target,ordinary_baseline,single,G4_Rate_Header_Flow_Context,0.8,0.9999925032700044,0.0877910604429506
0.2123319684970019,0.2525910371738389,0.0146743952209144,212150,786993,0.011694555738864,0.988305444261136,0.0,0.0,0.0,0.9853256047790856,0.0146743952209144,2027,target,ordinary_baseline,single,G4_Rate_Header_Flow_Context,0.9,0.9999525181100614,0.0877910604429506
0.3416347810073232,0.401846584577501,0.046016442893476,341342,657801,0.0217553069941583,0.9782446930058416,0.8881578947368421,0.0520565552699228,0.0983487129674599,0.953983557106524,0.0436209853906665,2027,target,ordinary_baseline,single,G4_Rate_Header_Flow_Context,0.95,0.9996191215135498,0.0877910604429506
0.4695383944040042,0.5362684968671431,0.1419175489442243,469136,530007,0.0511450837283858,0.9488549162716142,0.0,0.0,0.0,0.8580824510557757,0.1419175489442243,2027,target,group_aware,single,G4_Rate_Header_Flow_Context,0.8,0.9998136103081596,0.0539086177906121
0.7637255127644391,0.8482699714362472,0.3486425740817412,763071,236072,0.077247071373437,0.9227529286265628,0.0,0.0,0.0,0.6513574259182587,0.3486425740817412,2027,target,group_aware,single,G4_Rate_Header_Flow_Context,0.9,0.9985148348024138,0.0539086177906121
0.8695562096716887,0.9390017504484546,0.5286035369965103,868811,130332,0.1026195570728271,0.8973804429271729,1.0,0.0023945127614103,0.0047775855332924,0.4713964630034897,0.5273377890814456,2027,target,group_aware,single,G4_Rate_Header_Flow_Context,0.95,0.9940159898170458,0.0539086177906121
0.5493397841950551,0.5929671245781998,0.3351452061276394,548869,450274,0.1032359269698234,0.8967640730301766,0.0,0.0,0.0,0.6648547938723606,0.3351452061276394,2027,target,ordinary_baseline,pairwise_unseen,G1_Packet_Byte_Magnitude+G2_Temporal_Activity,0.8,0.9999925032700044,0.0855650822108452
0.7944418366540125,0.8735099202118368,0.4062459336369551,793761,205382,0.0865298244685743,0.9134701755314256,0.0,0.0,0.0,0.5937540663630448,0.4062459336369551,2027,target,ordinary_baseline,pairwise_unseen,G1_Packet_Byte_Magnitude+G2_Temporal_Activity,0.9,0.9999525181100614,0.0855650822108452
0.935014307261323,0.9626346116546376,0.7994085290116519,934213,64930,0.1446736450895031,0.8553263549104969,0.0,0.0,0.0,0.200591470988348,0.7994085290116519,2027,target,ordinary_baseline,pairwise_unseen,G1_Packet_Byte_Magnitude+G2_Temporal_Activity,0.95,0.9996191215135498,0.0855650822108452
0.5092524293319375,0.5684921687610608,0.2184065771573904,508816,490327,0.0725724033835414,0.9274275966164586,0.0,0.0,0.0,0.7815934228426096,0.2184065771573904,2027,target,group_aware,pairwise_unseen,G1_Packet_Byte_Magnitude+G2_Temporal_Activity,0.8,0.9998136103081596,0.0491816992817561
0.6539214106489262,0.7296008905240864,0.282362335127462,653361,345782,0.0730668038037164,0.9269331961962836,0.0,0.0,0.0,0.717637664872538,0.282362335127462,2027,target,group_aware,pairwise_unseen,G1_Packet_Byte_Magnitude+G2_Temporal_Activity,0.9,0.9985148348024138,0.0491816992817561
0.7445630905686174,0.8256008808863798,0.3466966345300763,743925,255218,0.0787928890681184,0.9212071109318816,0.0,0.0,0.0,0.6533033654699237,0.3466966345300763,2027,target,group_aware,pairwise_unseen,G1_Packet_Byte_Magnitude+G2_Temporal_Activity,0.95,0.9940159898170458,0.0491816992817561
0.3502041249350693,0.3723829109006075,0.2413142485361093,349904,649239,0.1166005532946179,0.8833994467053821,0.0,0.0,0.0,0.7586857514638907,0.2413142485361093,2027,target,ordinary_baseline,pairwise_unseen,G1_Packet_Byte_Magnitude+G3_TCP_Control_Flags,0.8,0.9999925032700044,0.0885024510813867
0.648634880092239,0.7105808766216947,0.3445022771633051,648079,351064,0.0898733024831849,0.9101266975168152,0.0,0.0,0.0,0.6554977228366948,0.3445022771633051,2027,target,ordinary_baseline,pairwise_unseen,G1_Packet_Byte_Magnitude+G3_TCP_Control_Flags,0.9,0.9999525181100614,0.0885024510813867
0.7907766956281533,0.8442582760793328,0.5282013367244337,790099,209044,0.1130276079326767,0.8869723920673233,0.0,0.0,0.0,0.4717986632755663,0.5282013367244337,2027,target,ordinary_baseline,pairwise_unseen,G1_Packet_Byte_Magnitude+G3_TCP_Control_Flags,0.95,0.9996191215135498,0.0885024510813867
0.5509321488515658,0.6179070997370111,0.222109185544449,550460,448683,0.0682193074882825,0.9317806925117176,0.0,0.0,0.0,0.777890814455551,0.222109185544449,2027,target,group_aware,pairwise_unseen,G1_Packet_Byte_Magnitude+G3_TCP_Control_Flags,0.8,0.9998136103081596,0.0543499532728695
0.6857316720429408,0.76742768407116,0.2846335837227184,685144,313999,0.0702377894282078,0.9297622105717922,0.0,0.0,0.0,0.7153664162772816,0.2846335837227184,2027,target,group_aware,pairwise_unseen,G1_Packet_Byte_Magnitude+G3_TCP_Control_Flags,0.9,0.9985148348024138,0.0543499532728695
0.7802696911252944,0.8780589177096472,0.300159697166854,779601,219542,0.0646856533021379,0.935314346697862,0.9968847352024922,0.0063056672184125,0.0125320644618065,0.699840302833146,0.2982669900041403,2027,target,group_aware,pairwise_unseen,G1_Packet_Byte_Magnitude+G3_TCP_Control_Flags,0.95,0.9940159898170458,0.0543499532728695
0.0,0.0,0.0,0,999143,,,,,,1.0,0.0,2027,target,ordinary_baseline,pairwise_unseen,G1_Packet_Byte_Magnitude+G4_Rate_Header_Flow_Context,0.8,0.9999925032700044,0.1619919574163927
0.0002772375926168,0.0003300914497881,1.7744129650440647e-05,277,998866,0.0108303249097472,0.9891696750902528,0.0,0.0,0.0,0.9999822558703496,1.7744129650440647e-05,2027,target,ordinary_baseline,pairwise_unseen,G1_Packet_Byte_Magnitude+G4_Rate_Header_Flow_Context,0.9,0.9999525181100614,0.1619919574163927
0.1370454479488922,0.121371252889806,0.2140001182941976,136928,862215,0.2642337578873568,0.7357662421126432,0.0,0.0,0.0,0.7859998817058024,0.2140001182941976,2027,target,ordinary_baseline,pairwise_unseen,G1_Packet_Byte_Magnitude+G4_Rate_Header_Flow_Context,0.95,0.9996191215135498,0.1619919574163927
2.3019727906816143e-05,2.770840636907838e-05,0.0,23,999120,0.0,1.0,0.0,0.0,0.0,1.0,0.0,2027,target,group_aware,pairwise_unseen,G1_Packet_Byte_Magnitude+G4_Rate_Header_Flow_Context,0.8,0.9998136103081596,0.2069908480140943
0.020053185580042,0.0073848926540195,0.0822499556396758,20036,979107,0.6940507087242963,0.3059492912757037,0.0,0.0,0.0,0.917750044360324,0.0822499556396758,2027,target,group_aware,pairwise_unseen,G1_Packet_Byte_Magnitude+G4_Rate_Header_Flow_Context,0.9,0.9985148348024138,0.2069908480140943
0.0996574063972824,0.075494564935855,0.2182882829597208,99572,899571,0.3706463664483991,0.6293536335516009,0.0,0.0,0.0,0.7817117170402792,0.2182882829597208,2027,target,group_aware,pairwise_unseen,G1_Packet_Byte_Magnitude+G4_Rate_Header_Flow_Context,0.95,0.9940159898170458,0.2069908480140943
0.7804628566681646,0.8684175970065283,0.3486366593718578,779794,219349,0.0755891940692028,0.924410805930797,0.0,0.0,0.0,0.6513633406281422,0.3486366593718578,2027,target,ordinary_baseline,pairwise_unseen,G2_Temporal_Activity+G3_TCP_Control_Flags,0.8,0.9999925032700044,0.0521218629333545
0.8792144868152006,0.9555521020440372,0.5044242029928432,878461,120682,0.0970822836756555,0.9029177163243444,0.0,0.0,0.0,0.4955757970071568,0.5044242029928432,2027,target,ordinary_baseline,pairwise_unseen,G2_Temporal_Activity+G3_TCP_Control_Flags,0.9,0.9999525181100614,0.0521218629333545
0.9337362119336272,0.9939186071586474,0.6382622582362335,932936,66207,0.1156681701638697,0.8843318298361302,0.0,0.0,0.0,0.3617377417637665,0.6382622582362335,2027,target,ordinary_baseline,pairwise_unseen,G2_Temporal_Activity+G3_TCP_Control_Flags,0.95,0.9996191215135498,0.0521218629333545
0.7793689191637233,0.8675574316957665,0.3463949843260188,778701,220442,0.0752085845529927,0.9247914154470072,0.0,0.0,0.0,0.6536050156739812,0.3463949843260188,2027,target,group_aware,pairwise_unseen,G2_Temporal_Activity+G3_TCP_Control_Flags,0.8,0.9998136103081596,0.0549821236642896
0.8393903575364087,0.9376344008298064,0.3570473768261666,838671,160472,0.07197816545463,0.92802183454537,0.0,0.0,0.0,0.6429526231738333,0.3570473768261666,2027,target,group_aware,pairwise_unseen,G2_Temporal_Activity+G3_TCP_Control_Flags,0.9,0.9985148348024138,0.0549821236642896
0.9021791675465874,0.9806655559209853,0.5168391790382681,901406,97737,0.0969396698047272,0.9030603301952728,0.0,0.0,0.0,0.4831608209617318,0.5168391790382681,2027,target,group_aware,pairwise_unseen,G2_Temporal_Activity+G3_TCP_Control_Flags,0.95,0.9940159898170458,0.0549821236642896
0.0,0.0,0.0,0,999143,,,,,,1.0,0.0,2027,target,ordinary_baseline,pairwise_unseen,G2_Temporal_Activity+G4_Rate_Header_Flow_Context,0.8,0.9999925032700044,0.0540869168618547
0.0571960169865574,0.0679494454102229,0.0044005441533092,57147,941996,0.0130190561184314,0.9869809438815684,0.0,0.0,0.0,0.9955994558466909,0.0044005441533092,2027,target,ordinary_baseline,pairwise_unseen,G2_Temporal_Activity+G4_Rate_Header_Flow_Context,0.9,0.9999525181100614,0.0540869168618547
0.3278679828613121,0.3899163085656322,0.0232329804223102,327587,671556,0.0119907078119705,0.9880092921880296,0.0,0.0,0.0,0.9767670195776896,0.0232329804223102,2027,target,ordinary_baseline,pairwise_unseen,G2_Temporal_Activity+G4_Rate_Header_Flow_Context,0.95,0.9996191215135498,0.0540869168618547
0.3545628603713382,0.4109036193202284,0.0779499615543857,354259,644884,0.0372015954428821,0.9627984045571178,0.0,0.0,0.0,0.9220500384456144,0.0779499615543857,2027,target,group_aware,pairwise_unseen,G2_Temporal_Activity+G4_Rate_Header_Flow_Context,0.8,0.9998136103081596,0.0459679977546594
0.6785775409525964,0.7835913226908958,0.1629975749689477,677996,321147,0.0406462575000442,0.9593537424999558,0.0,0.0,0.0,0.8370024250310523,0.1629975749689477,2027,target,group_aware,pairwise_unseen,G2_Temporal_Activity+G4_Rate_Header_Flow_Context,0.9,0.9985148348024138,0.0459679977546594
0.9060074483832644,0.977069486659607,0.5571183533447684,905231,93912,0.1040529986268698,0.8959470013731302,0.0,0.0,0.0,0.4428816466552315,0.5571183533447684,2027,target,group_aware,pairwise_unseen,G2_Temporal_Activity+G4_Rate_Header_Flow_Context,0.95,0.9940159898170458,0.0459679977546594
0.0353172668977313,0.0420529278750182,0.0022475897557224,35287,963856,0.0107688383824071,0.9892311616175928,0.0,0.0,0.0,0.9977524102442776,0.0022475897557224,2027,target,ordinary_baseline,pairwise_unseen,G3_TCP_Control_Flags+G4_Rate_Header_Flow_Context,0.8,0.9999925032700044,0.0883669990441189
0.2107706304302787,0.2507261409538679,0.0146034187023126,210590,788553,0.0117242034284628,0.9882757965715372,0.0,0.0,0.0,0.9853965812976874,0.0146034187023126,2027,target,ordinary_baseline,pairwise_unseen,G3_TCP_Control_Flags+G4_Rate_Header_Flow_Context,0.9,0.9999525181100614,0.0883669990441189
0.335471499074707,0.3943701337111314,0.0463003489678831,335184,663959,0.0222534488519738,0.977746551148026,0.8933901918976546,0.0535258048032703,0.1010003615764734,0.9536996510321168,0.0438220855267049,2027,target,ordinary_baseline,pairwise_unseen,G3_TCP_Control_Flags+G4_Rate_Header_Flow_Context,0.95,0.9996191215135498,0.0883669990441189
0.4501257577744126,0.5131235445557198,0.1408292423256639,449740,549403,0.0529416996486859,0.947058300351314,0.0,0.0,0.0,0.859170757674336,0.1408292423256639,2027,target,group_aware,pairwise_unseen,G3_TCP_Control_Flags+G4_Rate_Header_Flow_Context,0.8,0.9998136103081596,0.0529919536489245
0.7826597393966629,0.8659238404333113,0.3738628970249009,781989,217154,0.0808310602834566,0.9191689397165432,0.0,0.0,0.0,0.6261371029750991,0.3738628970249009,2027,target,group_aware,pairwise_unseen,G3_TCP_Control_Flags+G4_Rate_Header_Flow_Context,0.9,0.9985148348024138,0.0529919536489245
0.8752080533016795,0.9447675083998636,0.5336961022061868,874458,124685,0.103010093109103,0.896989906890897,1.0,0.0017067115879067,0.0034076073728232,0.4663038977938132,0.5327852368841308,2027,target,group_aware,pairwise_unseen,G3_TCP_Control_Flags+G4_Rate_Header_Flow_Context,0.95,0.9940159898170458,0.0529919536489245
0.7815858514562719,0.871702938521713,0.4283561554085042,117377,32801,0.0,1.0,1.0,1.0,1.0,0.5716438445914958,0.0,2028,source,ordinary_baseline,complete,,0.8,0.9999930690003088,5.066521198262604e-06
0.8790435350051272,0.945918162671748,0.6169167267247592,132013,18165,0.0,1.0,1.0,1.0,1.0,0.3830832732752408,0.0,2028,source,ordinary_baseline,complete,,0.9,0.9999566139546476,5.066521198262604e-06
0.9503522486649176,0.9852321733025776,0.8136342789752997,142722,7456,0.0,1.0,1.0,1.0,1.0,0.1863657210247002,0.0,2028,source,ordinary_baseline,complete,,0.95,0.9996670878493288,5.066521198262604e-06
0.902169425614937,0.9642881021629393,0.6586844001834502,135486,14692,0.0,1.0,1.0,1.0,1.0,0.3413155998165498,0.0,2028,source,group_aware,complete,,0.8,0.999835576217732,1.3679374122067325e-05
0.9434537681950752,0.9922525323437972,0.752178470811767,141686,8492,4.234716203435767e-05,0.9999576528379656,0.9998258067325698,0.9999128957798006,0.999869349359812,0.2478215291882329,6.551791915088777e-05,2028,source,group_aware,complete,,0.9,0.9986083085787582,1.3679374122067325e-05
0.989119578100654,0.9962892387924982,0.9610168381052218,148544,1634,0.0002894765187419,0.999710523481258,0.9988080237033,0.9997272975184074,0.999267449189935,0.0389831618947782,0.0002620716766035,2028,source,group_aware,complete,,0.95,0.994586808278096,1.3679374122067325e-05
0.6220618199736313,0.7807642162270585,0.0,93420,56758,0.0,1.0,0.0,0.0,0.0,1.0,0.0,2028,source,ordinary_baseline,single,G1_Packet_Byte_Magnitude,0.8,0.9999930690003088,0.0139362826364809
0.7458149662400618,0.9354628422425032,0.0024569219681582,112005,38173,0.0006696129637069,0.9993303870362932,0.0,0.0,0.0,0.9975430780318416,0.0024569219681582,2028,source,ordinary_baseline,single,G1_Packet_Byte_Magnitude,0.9,0.9999566139546476,0.0139362826364809
0.7914874349105728,0.9818557149065624,0.0453056410928388,118864,31314,0.0114837124781262,0.9885162875218736,1.0,0.0130151843817787,0.025695931477516,0.9546943589071611,0.0447159798204809,2028,source,ordinary_baseline,single,G1_Packet_Byte_Magnitude,0.95,0.9996670878493288,0.0139362826364809
0.7292879116781419,0.8443151806906696,0.2784183974316975,109523,40655,0.0,1.0,1.0,1.0,1.0,0.7215816025683024,0.0,2028,source,group_aware,single,G1_Packet_Byte_Magnitude,0.8,0.999835576217732,2.425350715671238e-05
0.858967358734302,0.9489101728345536,0.506420756076787,128998,21180,7.752058171444519e-06,0.9999922479418284,1.0,0.999935312762792,0.9999676553352524,0.493579243923213,3.2758959575443885e-05,2028,source,group_aware,single,G1_Packet_Byte_Magnitude,0.9,0.9986083085787582,2.425350715671238e-05
0.9254284915233922,0.9801340554274062,0.711000458625434,138979,11199,0.0001007346433633,0.9998992653566366,0.9996314383119874,0.9997235532620716,0.999677493665054,0.2889995413745659,0.0001965537574526,2028,source,group_aware,single,G1_Packet_Byte_Magnitude,0.95,0.994586808278096,2.425350715671238e-05
0.7154576569137956,0.8748370273794003,0.0907423180239795,107446,42732,0.0,1.0,1.0,1.0,1.0,0.9092576819760204,0.0,2028,source,ordinary_baseline,single,G2_Temporal_Activity,0.8,0.9999930690003088,0.0005257220537596
0.8115902462411272,0.9223080266105038,0.3776125270261417,121883,28295,0.0,1.0,1.0,1.0,1.0,0.6223874729738583,0.0,2028,source,ordinary_baseline,single,G2_Temporal_Activity,0.9,0.9999566139546476,0.0005257220537596
0.8494719599408702,0.9612459465784108,0.4113542553888488,127572,22606,4.703226413319537e-05,0.9999529677358668,0.9999203377678644,0.9996018157203154,0.9997610513739544,0.5886457446111512,0.0001637947978772,2028,source,ordinary_baseline,single,G2_Temporal_Activity,0.95,0.9996670878493288,0.0005257220537596
0.8146333018151793,0.8849747601377328,0.5389176439756274,122340,27838,0.0,1.0,1.0,1.0,1.0,0.4610823560243726,0.0,2028,source,group_aware,single,G2_Temporal_Activity,0.8,0.999835576217732,2.038375746078556e-05
0.922571881367444,0.9667535853976532,0.7493939592478542,138550,11628,1.4435221941537353e-05,0.9999855647780584,0.9999562860639972,0.9999562860639972,0.9999562860639972,0.2506060407521457,3.2758959575443885e-05,2028,source,group_aware,single,G2_Temporal_Activity,0.9,0.9986083085787582,2.038375746078556e-05
0.9614923623966228,0.9837110955103132,0.8744021489877482,144395,5783,0.0001246580560268,0.9998753419439732,0.999550528129448,0.9997752135471304,0.9996628582131484,0.1255978510122518,0.0001965537574526,2028,source,group_aware,single,G2_Temporal_Activity,0.95,0.994586808278096,2.038375746078556e-05
0.7479191359586624,0.8699478487614081,0.2696062373059031,112321,37857,0.0,1.0,1.0,1.0,1.0,0.7303937626940968,0.0,2028,source,ordinary_baseline,single,G3_TCP_Control_Flags,0.8,0.9999930690003088,7.66732980131147e-06
0.8495718414148544,0.9451241934944672,0.4750376728035118,127587,22591,0.0,1.0,1.0,1.0,1.0,0.5249623271964883,0.0,2028,source,ordinary_baseline,single,G3_TCP_Control_Flags,0.9,0.9999566139546476,7.66732980131147e-06
0.9359293638215984,0.9836358773777288,0.7489353338137981,140556,9622,0.0,1.0,1.0,1.0,1.0,0.2510646661862019,0.0,2028,source,ordinary_baseline,single,G3_TCP_Control_Flags,0.95,0.9996670878493288,7.66732980131147e-06
0.8886587915673401,0.9523785645037276,0.6388979885998821,133457,16721,0.0,1.0,1.0,1.0,1.0,0.3611020114001179,0.0,2028,source,group_aware,single,G3_TCP_Control_Flags,0.8,0.999835576217732,1.0124943601320542e-05
0.9284915233922412,0.9880653896299268,0.694981327393042,139439,10739,1.4343189495048011e-05,0.999985656810505,0.9999528635399482,0.9999528635399482,0.9999528635399482,0.305018672606958,3.2758959575443885e-05,2028,source,group_aware,single,G3_TCP_Control_Flags,0.9,0.9986083085787582,1.0124943601320542e-05
0.9816417850817032,0.9957376391535452,0.9263906178339776,147421,2757,0.0001492324702722,0.9998507675297278,0.9993285032691288,0.9998939142119594,0.9996111287870754,0.0736093821660224,9.827687872633164e-05,2028,source,group_aware,single,G3_TCP_Control_Flags,0.95,0.994586808278096,1.0124943601320542e-05
0.0009189095606546,0.0011533446996289,0.0,138,150040,0.0,1.0,0.0,0.0,0.0,1.0,0.0,2028,source,ordinary_baseline,single,G4_Rate_Header_Flow_Context,0.8,0.9999930690003088,0.0249203224671763
0.0936488700075909,0.1163540935379266,0.004651772259713,14064,136114,0.0001422070534698,0.99985779294653,0.9861111111111112,1.0,0.993006993006993,0.995348227740287,0.0,2028,source,ordinary_baseline,single,G4_Rate_Header_Flow_Context,0.9,0.9999566139546476,0.0249203224671763
0.3166775426493894,0.3639805435763715,0.1312651510188036,47558,102620,0.001093401741032,0.998906598258968,0.9871889627987188,1.0,0.9935531862137368,0.8687348489811964,0.0,2028,source,ordinary_baseline,single,G4_Rate_Header_Flow_Context,0.95,0.9996670878493288,0.0249203224671763
0.5834942534858635,0.6346404573262461,0.3830177553560899,87628,62550,0.0,1.0,1.0,1.0,1.0,0.6169822446439102,0.0,2028,source,group_aware,single,G4_Rate_Header_Flow_Context,0.8,0.999835576217732,0.0012559228822888
0.7694602405145894,0.831152007488383,0.5276485618816746,115556,34622,4.32690643497525e-05,0.9999567309356504,1.0,0.9996895759607624,0.9998447638858704,0.4723514381183253,0.0001637947978772,2028,source,group_aware,single,G4_Rate_Header_Flow_Context,0.9,0.9986083085787582,0.0012559228822888
0.856024184634234,0.9157974793568012,0.6217322937823495,128556,21622,0.0003811568499331,0.9996188431500668,0.9999471793788296,0.99747088887718,0.998707499142729,0.3782677062176505,0.0015724300596213,2028,source,group_aware,single,G4_Rate_Header_Flow_Context,0.95,0.994586808278096,0.0012559228822888
0.6053483199936076,0.7547805302042591,0.0196226167856908,90910,59268,0.0065889341106588,0.9934110658893412,0.0,0.0,0.0,0.9803773832143092,0.0196226167856908,2028,source,ordinary_baseline,pairwise_unseen,G1_Packet_Byte_Magnitude+G2_Temporal_Activity,0.8,0.9999930690003088,0.0281540754812915
0.7596851735940018,0.910548925216461,0.1683482932582061,114088,36090,0.0450441764252156,0.9549558235747844,0.0,0.0,0.0,0.8316517067417939,0.1683482932582061,2028,source,ordinary_baseline,pairwise_unseen,G1_Packet_Byte_Magnitude+G2_Temporal_Activity,0.9,0.9999566139546476,0.0281540754812915
0.8319061380495145,0.9710493765252566,0.2865098604468322,124934,25244,0.0700049626202635,0.9299950373797364,0.0,0.0,0.0,0.7134901395531678,0.2865098604468322,2028,source,ordinary_baseline,pairwise_unseen,G1_Packet_Byte_Magnitude+G2_Temporal_Activity,0.95,0.9996670878493288,0.0281540754812915
0.5301309113185686,0.6653796008424431,0.0,79614,70564,0.0,1.0,0.0,0.0,0.0,1.0,0.0,2028,source,group_aware,pairwise_unseen,G1_Packet_Byte_Magnitude+G2_Temporal_Activity,0.8,0.999835576217732,0.0001087716107848
0.6876240194968637,0.8625430414869789,0.001998296534102,103266,46912,1.9367458795731413e-05,0.9999806325412044,1.0,0.9672131147540984,0.9833333333333332,0.998001703465898,6.551791915088777e-05,2028,source,group_aware,pairwise_unseen,G1_Packet_Byte_Magnitude+G2_Temporal_Activity,0.9,0.9986083085787582,0.0001087716107848
0.7888838578220512,0.8874987463644569,0.4023455415056017,118473,31705,5.064445063432175e-05,0.9999493555493656,1.0,0.9995114802149488,0.9997556804300024,0.5976544584943982,0.0001965537574526,2028,source,group_aware,pairwise_unseen,G1_Packet_Byte_Magnitude+G2_Temporal_Activity,0.95,0.994586808278096,0.0001087716107848
0.6288204663798959,0.78898806538963,0.0010155277468387,94435,55743,0.0003282681209297,0.9996717318790702,0.0,0.0,0.0,0.9989844722531612,0.0010155277468387,2028,source,ordinary_baseline,pairwise_unseen,G1_Packet_Byte_Magnitude+G3_TCP_Control_Flags,0.8,0.9999930690003088,0.0163879321616097
0.7525070249970035,0.938722294654498,0.0226036821070562,113010,37168,0.0061056543668701,0.9938943456331298,0.0,0.0,0.0,0.9773963178929436,0.0226036821070562,2028,source,ordinary_baseline,pairwise_unseen,G1_Packet_Byte_Magnitude+G3_TCP_Control_Flags,0.9,0.9999566139546476,0.0163879321616097
0.8185220205356311,0.9849814461939624,0.166055166087925,122924,27254,0.0410172138882561,0.9589827861117438,1.0,0.0053264943775892,0.010596546310832,0.833944833912075,0.165170674179388,2028,source,ordinary_baseline,pairwise_unseen,G1_Packet_Byte_Magnitude+G3_TCP_Control_Flags,0.95,0.9996670878493288,0.0163879321616097
0.695374821878038,0.8060792966268846,0.2614492563716176,104430,45748,0.0,1.0,1.0,1.0,1.0,0.7385507436283824,0.0,2028,source,group_aware,pairwise_unseen,G1_Packet_Byte_Magnitude+G3_TCP_Control_Flags,0.8,0.999835576217732,2.072792835946745e-05
0.8102718107845357,0.9270384113930398,0.3525846819105025,121685,28493,8.21793976250154e-06,0.9999917820602376,1.0,0.9999070891015516,0.9999535423925668,0.6474153180894975,3.2758959575443885e-05,2028,source,group_aware,pairwise_unseen,G1_Packet_Byte_Magnitude+G3_TCP_Control_Flags,0.9,0.9986083085787582,2.072792835946745e-05
0.8688822597184674,0.9661351251964028,0.4876826311996331,130487,19691,1.532719734532942e-05,0.9999846728026548,1.0,0.9998656545979714,0.9999328227865109,0.5123173688003669,6.551791915088777e-05,2028,source,group_aware,pairwise_unseen,G1_Packet_Byte_Magnitude+G3_TCP_Control_Flags,0.95,0.994586808278096,2.072792835946745e-05
0.0,0.0,0.0,0,150178,,,,,,1.0,0.0,2028,source,ordinary_baseline,pairwise_unseen,G1_Packet_Byte_Magnitude+G4_Rate_Header_Flow_Context,0.8,0.9999930690003088,0.0551277323176118
0.0001797866531715,0.0002256543977534,0.0,27,150151,0.0,1.0,0.0,0.0,0.0,1.0,0.0,2028,source,ordinary_baseline,pairwise_unseen,G1_Packet_Byte_Magnitude+G4_Rate_Header_Flow_Context,0.9,0.9999566139546476,0.0551277323176118
0.1281679074165324,0.1604904222244509,0.0014741531808949,19248,130930,0.0023379052369077,0.9976620947630924,0.0,0.0,0.0,0.9985258468191052,0.0014741531808949,2028,source,ordinary_baseline,pairwise_unseen,G1_Packet_Byte_Magnitude+G4_Rate_Header_Flow_Context,0.95,0.9996670878493288,0.0551277323176118
0.0009588621502483,0.0012034901213519,0.0,144,150034,0.0,1.0,0.0,0.0,0.0,1.0,0.0,2028,source,group_aware,pairwise_unseen,G1_Packet_Byte_Magnitude+G4_Rate_Header_Flow_Context,0.8,0.999835576217732,0.0269368165279358
0.0318355551412324,0.0399575435429412,0.0,4781,145397,0.0,1.0,0.0,0.0,0.0,1.0,0.0,2028,source,group_aware,pairwise_unseen,G1_Packet_Byte_Magnitude+G4_Rate_Header_Flow_Context,0.9,0.9986083085787582,0.0269368165279358
0.1994499860165936,0.2503343028114866,0.0,29953,120225,0.0,1.0,0.0,0.0,0.0,1.0,0.0,2028,source,group_aware,pairwise_unseen,G1_Packet_Byte_Magnitude+G4_Rate_Header_Flow_Context,0.95,0.994586808278096,0.0269368165279358
0.7268374861830628,0.8888944606024136,0.0916268099325165,109155,41023,0.0,1.0,1.0,1.0,1.0,0.9083731900674834,0.0,2028,source,ordinary_baseline,pairwise_unseen,G2_Temporal_Activity+G3_TCP_Control_Flags,0.8,0.9999930690003088,0.0017284578549011
0.7860871765504934,0.9349781031658476,0.2024831291358186,118053,32125,2.541231480775584e-05,0.9999745876851922,1.0,0.9995146416437468,0.9997572619143944,0.7975168708641813,9.827687872633164e-05,2028,source,ordinary_baseline,pairwise_unseen,G2_Temporal_Activity+G3_TCP_Control_Flags,0.9,0.9999566139546476,0.0017284578549011
0.8521421246787146,0.9657506769631932,0.4068335189674376,127973,22205,0.0003203800801731,0.9996796199198268,0.999919224555735,0.996779128754328,0.9983467075285294,0.5931664810325624,0.0013103583830177,2028,source,ordinary_baseline,pairwise_unseen,G2_Temporal_Activity+G3_TCP_Control_Flags,0.95,0.9996670878493288,0.0017284578549011
0.7983792566154829,0.8714354962725237,0.5120225381641879,119899,30279,0.0,1.0,1.0,1.0,1.0,0.4879774618358121,0.0,2028,source,group_aware,pairwise_unseen,G2_Temporal_Activity+G3_TCP_Control_Flags,0.8,0.999835576217732,2.1193352535967217e-05
0.9150141831693056,0.9589308996088656,0.742874926292341,137415,12763,1.4554451842957464e-05,0.999985445548157,0.9999559024562332,0.9999559024562332,0.9999559024562332,0.257125073707659,3.2758959575443885e-05,2028,source,group_aware,pairwise_unseen,G2_Temporal_Activity+G3_TCP_Control_Flags,0.9,0.9986083085787582,2.1193352535967217e-05
0.9454780327344884,0.982841908200448,0.7990237830046518,141990,8188,4.225649693640397e-05,0.9999577435030635,0.9998770038128818,0.9998770038128818,0.9998770038128818,0.2009762169953482,9.827687872633164e-05,2028,source,group_aware,pairwise_unseen,G2_Temporal_Activity+G3_TCP_Control_Flags,0.95,0.994586808278096,2.1193352535967217e-05
0.0,0.0,0.0,0,150178,,,,,,1.0,0.0,2028,source,ordinary_baseline,pairwise_unseen,G2_Temporal_Activity+G4_Rate_Header_Flow_Context,0.8,0.9999930690003088,0.0108068299256431
0.0018977480056999,0.0023819075318423,0.0,285,149893,0.0,1.0,0.0,0.0,0.0,1.0,0.0,2028,source,ordinary_baseline,pairwise_unseen,G2_Temporal_Activity+G4_Rate_Header_Flow_Context,0.9,0.9999566139546476,0.0108068299256431
0.259785055067986,0.3260622471834988,0.0,39014,111164,0.0,1.0,0.0,0.0,0.0,1.0,0.0,2028,source,ordinary_baseline,pairwise_unseen,G2_Temporal_Activity+G4_Rate_Header_Flow_Context,0.95,0.9996670878493288,0.0108068299256431
0.4233376393346562,0.5067529167920303,0.0963768590709559,63576,86602,0.0,1.0,1.0,1.0,1.0,0.903623140929044,0.0,2028,source,group_aware,pairwise_unseen,G2_Temporal_Activity+G4_Rate_Header_Flow_Context,0.8,0.999835576217732,0.0020727267989763
0.6309512711582256,0.6930933039146859,0.3873746969796239,94755,55423,2.110706559020632e-05,0.9999788929344098,1.0,0.999830866807611,0.9999154262516916,0.6126253030203761,6.551791915088777e-05,2028,source,group_aware,pairwise_unseen,G2_Temporal_Activity+G4_Rate_Header_Flow_Context,0.9,0.9986083085787582,0.0020727267989763
0.7516347267908748,0.840813358740347,0.4020834698289982,112879,37299,0.0005581197565534,0.9994418802434464,0.9999181200360272,0.9949486719895716,0.997427206272716,0.5979165301710018,0.0020310554936775,2028,source,group_aware,pairwise_unseen,G2_Temporal_Activity+G4_Rate_Header_Flow_Context,0.95,0.994586808278096,0.0020727267989763
0.0009255683255869,0.001161702269916,0.0,139,150039,0.0,1.0,0.0,0.0,0.0,1.0,0.0,2028,source,ordinary_baseline,pairwise_unseen,G3_TCP_Control_Flags+G4_Rate_Header_Flow_Context,0.8,0.9999930690003088,0.0276954487318073
0.0933692018804352,0.1161033664293116,0.0042586647448077,14022,136156,0.0001426330052774,0.9998573669947226,0.9848484848484848,1.0,0.9923664122137404,0.9957413352551924,0.0,2028,source,ordinary_baseline,pairwise_unseen,G3_TCP_Control_Flags+G4_Rate_Header_Flow_Context,0.9,0.9999566139546476,0.0276954487318073
0.311397142058091,0.3623508173703741,0.1116752931926882,46765,103413,0.0011119426921843,0.9988880573078156,0.984975440624097,1.0,0.9924308588064048,0.8883247068073118,0.0,2028,source,ordinary_baseline,pairwise_unseen,G3_TCP_Control_Flags+G4_Rate_Header_Flow_Context,0.95,0.9996670878493288,0.0276954487318073
0.5749910106673414,0.6276200982850266,0.3687020900216209,86351,63827,1.158064179916851e-05,0.9999884193582008,1.0,0.9999111505997336,0.9999555733262252,0.6312979099783791,3.2758959575443885e-05,2028,source,group_aware,pairwise_unseen,G3_TCP_Control_Flags+G4_Rate_Header_Flow_Context,0.8,0.999835576217732,0.0015062976747232
0.7385569124638762,0.8186240096279209,0.4247199108956299,110915,39263,2.704773925979353e-05,0.9999729522607402,1.0,0.9997686077902044,0.9998842905079648,0.57528008910437,9.827687872633164e-05,2028,source,group_aware,pairwise_unseen,G3_TCP_Control_Flags+G4_Rate_Header_Flow_Context,0.9,0.9986083085787582,0.0015062976747232
0.8248278709265006,0.8818239561394712,0.6014217388455743,123871,26307,0.0001453124621582,0.9998546875378418,0.9999454832906286,0.9990740236396318,0.9995095635115252,0.3985782611544257,0.0005569023127825,2028,source,group_aware,pairwise_unseen,G3_TCP_Control_Flags+G4_Rate_Header_Flow_Context,0.95,0.994586808278096,0.0015062976747232
0.5865706910822575,0.6489525620035829,0.2802981013781274,586068,413075,0.0808609239883426,0.9191390760116572,0.0,0.0,0.0,0.7197018986218726,0.2802981013781274,2028,target,ordinary_baseline,complete,,0.8,0.9999930690003088,0.0712902248032754
0.6916967841440114,0.7637942686968495,0.3377240196368368,691104,308039,0.0826199819419363,0.9173800180580636,0.0,0.0,0.0,0.6622759803631632,0.3377240196368368,2028,target,ordinary_baseline,complete,,0.9,0.9999566139546476,0.0712902248032754
0.7860176170978529,0.8683164010876152,0.3819601348553853,785344,213799,0.082064674843126,0.917935325156874,1.0,0.0019975843166403,0.0039872038573879,0.6180398651446146,0.3811971372804164,2028,target,ordinary_baseline,complete,,0.95,0.9996670878493288,0.0712902248032754
0.7880413514381825,0.8777312356864999,0.3476962205003844,787366,211777,0.0746184112598207,0.9253815887401792,1.0,0.0005613676958407,0.0011221054779149,0.6523037794996156,0.3475010350742296,2028,target,group_aware,complete,,0.8,0.999835576217732,0.0635962997759172
0.8628344491228983,0.959693906439554,0.387289288460401,862095,137048,0.0752016889089949,0.9247983110910052,1.0,0.009896302631378,0.0195986510804966,0.612710711539599,0.3834565564559058,2028,target,group_aware,complete,,0.9,0.9986083085787582,0.0635962997759172
0.8941272670678772,0.9836905910684964,0.454403501508251,893361,105782,0.0849734877613865,0.9150265122386136,0.9780334728033472,0.0121703589930492,0.0240415520300326,0.545596498491749,0.448873247767197,2028,target,group_aware,complete,,0.95,0.994586808278096,0.0635962997759172
0.3629090130241617,0.3925690872971413,0.2172886969894126,362598,636545,0.1013160580036293,0.8986839419963706,0.0,0.0,0.0,0.7827113030105873,0.2172886969894126,2028,target,ordinary_baseline,single,G1_Packet_Byte_Magnitude,0.8,0.9999930690003088,0.0931014999533314
0.6374392854676457,0.6987867332150305,0.3362453421659667,636893,362250,0.0892598913789286,0.9107401086210714,0.0,0.0,0.0,0.6637546578340332,0.3362453421659667,2028,target,ordinary_baseline,single,G1_Packet_Byte_Magnitude,0.9,0.9999566139546476,0.0931014999533314
0.7771690338620197,0.8325544861716981,0.505246347666647,776503,222640,0.1100085897929563,0.8899914102070436,0.0,0.0,0.0,0.494753652333353,0.505246347666647,2028,target,ordinary_baseline,single,G1_Packet_Byte_Magnitude,0.95,0.9996670878493288,0.0931014999533314
0.5786288849544059,0.6409918163824145,0.2724492813627491,578133,421010,0.0796754380047497,0.9203245619952504,0.0,0.0,0.0,0.7275507186372508,0.2724492813627491,2028,target,group_aware,single,G1_Packet_Byte_Magnitude,0.8,0.999835576217732,0.0730040814209791
0.7259851692900816,0.8154150297624426,0.2869166617377418,725363,273780,0.0668713457951398,0.9331286542048602,0.6666666666666666,0.0001236883877218,0.0002473308875056,0.7130833382622582,0.2868811734784409,2028,target,group_aware,single,G1_Packet_Byte_Magnitude,0.9,0.9986083085787582,0.0730040814209791
0.7690110424633911,0.8655576075839113,0.2950020701484592,768352,230791,0.0643975677814335,0.9356024322185664,0.8322147651006712,0.0099446627636538,0.0196544618798541,0.7049979298515407,0.292068374046253,2028,target,group_aware,single,G1_Packet_Byte_Magnitude,0.95,0.994586808278096,0.0730040814209791
0.7124195435488213,0.7873753272302556,0.3444135565150529,711809,287334,0.081805652920938,0.918194347079062,0.0,0.0,0.0,0.6555864434849471,0.3444135565150529,2028,target,ordinary_baseline,single,G2_Temporal_Activity,0.8,0.9999930690003088,0.0683437218302344
0.8445958186165544,0.931363867997152,0.4185958478736618,843872,155271,0.0838657995525387,0.9161342004474612,0.0,0.0,0.0,0.5814041521263382,0.4185958478736618,2028,target,ordinary_baseline,single,G2_Temporal_Activity,0.9,0.9999566139546476,0.0683437218302344
0.9017497995782384,0.977789905225203,0.5284201809901224,900977,98166,0.0991590240372395,0.9008409759627604,0.0,0.0,0.0,0.4715798190098775,0.5284201809901224,2028,target,ordinary_baseline,single,G2_Temporal_Activity,0.95,0.9996670878493288,0.0683437218302344
0.7643660617148896,0.8494385433570301,0.3466907198201928,763711,235432,0.0767502366732965,0.9232497633267034,0.0,0.0,0.0,0.6533092801798072,0.3466907198201928,2028,target,group_aware,single,G2_Temporal_Activity,0.8,0.999835576217732,0.0594839295270163
0.8540899550915134,0.9547871090855864,0.3597030815638493,853358,145785,0.0712655181061172,0.9287344818938827,0.0,0.0,0.0,0.6402969184361507,0.3597030815638493,2028,target,group_aware,single,G2_Temporal_Activity,0.9,0.9986083085787582,0.0594839295270163
0.901945967694314,0.9802427015455268,0.5175371148045188,901173,97970,0.0969258954717906,0.9030741045282094,1.0,0.0017485714285714,0.0034910385269186,0.4824628851954811,0.5166321641923464,2028,target,group_aware,single,G2_Temporal_Activity,0.95,0.994586808278096,0.0594839295270163
0.6137639957443529,0.680295588460292,0.2871177618737801,613238,385905,0.0791584996363565,0.9208415003636434,0.0,0.0,0.0,0.7128822381262199,0.2871177618737801,2028,target,ordinary_baseline,single,G3_TCP_Control_Flags,0.8,0.9999930690003088,0.0772045236434239
0.716217798653446,0.7934085315387923,0.3372390134263914,715604,283539,0.0796767485927971,0.9203232514072028,0.0,0.0,0.0,0.6627609865736086,0.3372390134263914,2028,target,ordinary_baseline,single,G3_TCP_Control_Flags,0.9,0.9999566139546476,0.0772045236434239
0.8347914162437209,0.9129004316487828,0.4513041935293074,834076,165067,0.0914329149861643,0.9085670850138357,1.0,0.000524232654452,0.0010479159571402,0.5486958064706926,0.4510676051339681,2028,target,ordinary_baseline,single,G3_TCP_Control_Flags,0.95,0.9996670878493288,0.0772045236434239
0.7918025748066093,0.88179111957623,0.3499911279351748,791124,208019,0.0747961128723183,0.9252038871276816,0.0,0.0,0.0,0.6500088720648253,0.3499911279351748,2028,target,group_aware,single,G3_TCP_Control_Flags,0.8,0.999835576217732,0.058657732275356
0.8690747971011157,0.9625948561150646,0.4099248831844798,868330,130813,0.0791312058779496,0.9208687941220504,1.0,0.0085706865206475,0.0169957081545064,0.5900751168155202,0.4064115455136926,2028,target,group_aware,single,G3_TCP_Control_Flags,0.9,0.9986083085787582,0.058657732275356
0.8956045330848538,0.9852253958386792,0.455598272904714,894837,104306,0.085061301667231,0.914938698332769,0.9978165938864628,0.0118658150283013,0.0234527352971364,0.544401727095286,0.4501922280712131,2028,target,group_aware,single,G3_TCP_Control_Flags,0.95,0.994586808278096,0.058657732275356
0.0008457247861417,0.001001116769248,8.280593836872302e-05,845,998298,0.0165680473372781,0.983431952662722,0.0,0.0,0.0,0.9999171940616312,8.280593836872302e-05,2028,target,ordinary_baseline,single,G4_Rate_Header_Flow_Context,0.8,0.9999930690003088,0.0793689654692988
0.1107999555619165,0.1318088890977058,0.0076536345892233,110705,888438,0.0108847838851,0.9891152161149,1.0,0.0687789799072643,0.128705712219812,0.9923463654107766,0.0071272254095936,2028,target,ordinary_baseline,single,G4_Rate_Header_Flow_Context,0.9,0.9999566139546476,0.0793689654692988
0.3035751639154755,0.3597478775963078,0.02778730703259,303315,695828,0.0138766628752287,0.9861233371247712,0.995943204868154,0.104512558535547,0.1891735696397611,0.97221269296741,0.0248831844798012,2028,target,ordinary_baseline,single,G4_Rate_Header_Flow_Context,0.95,0.9996670878493288,0.0793689654692988
0.4521725118426491,0.5267524663493451,0.0860117111255693,451785,547358,0.0321878769768805,0.9678121230231194,0.0,0.0,0.0,0.9139882888744308,0.0860117111255693,2028,target,group_aware,single,G4_Rate_Header_Flow_Context,0.8,0.999835576217732,0.0487201425334742
0.7634722957574641,0.8519768743231017,0.3289465901697522,762818,236325,0.0729072989887496,0.9270927010112504,0.0,0.0,0.0,0.6710534098302479,0.3289465901697522,2028,target,group_aware,single,G4_Rate_Header_Flow_Context,0.9,0.9986083085787582,0.0487201425334742
0.8671721665467306,0.9371705862014544,0.5235050570769504,866429,132714,0.1021503204532627,0.8978496795467372,1.0,3.389485815001864e-05,6.778741865509762e-05,0.4764949429230496,0.5234873129472999,2028,target,group_aware,single,G4_Rate_Header_Flow_Context,0.95,0.994586808278096,0.0487201425334742
0.6390366544128318,0.7004865837101074,0.3373395634944106,638489,360654,0.0893265193292288,0.9106734806707713,0.0,0.0,0.0,0.6626604365055894,0.3373395634944106,2028,target,ordinary_baseline,pairwise_unseen,G1_Packet_Byte_Magnitude+G2_Temporal_Activity,0.8,0.9999930690003088,0.0774905086529083
0.7988636261275913,0.8790913570252255,0.4049742710120068,798179,200964,0.0857815101625074,0.9142184898374924,0.0,0.0,0.0,0.5950257289879931,0.4049742710120068,2028,target,ordinary_baseline,pairwise_unseen,G1_Packet_Byte_Magnitude+G2_Temporal_Activity,0.9,0.9999566139546476,0.0774905086529083
0.9131795949128404,0.9683835036195612,0.64214822262968,912397,86746,0.1189920615696895,0.8810079384303104,0.0,0.0,0.0,0.35785177737032,0.64214822262968,2028,target,ordinary_baseline,pairwise_unseen,G1_Packet_Byte_Magnitude+G2_Temporal_Activity,0.95,0.9996670878493288,0.0774905086529083
0.4371716561092856,0.5167726212031953,0.0463594960667179,436797,562346,0.0179442624376998,0.9820557375623,0.0,0.0,0.0,0.953640503933282,0.0463594960667179,2028,target,group_aware,pairwise_unseen,G1_Packet_Byte_Magnitude+G2_Temporal_Activity,0.8,0.999835576217732,0.0475872542534975
0.7142451080576053,0.8016078103973988,0.2853256047790856,713633,285510,0.0675977708429963,0.9324022291570035,0.0,0.0,0.0,0.7146743952209144,0.2853256047790856,2028,target,group_aware,pairwise_unseen,G1_Packet_Byte_Magnitude+G2_Temporal_Activity,0.9,0.9986083085787582,0.0475872542534975
0.7248772197773492,0.814140443069465,0.2866268409534512,724256,274887,0.066910042857774,0.933089957142226,0.0,0.0,0.0,0.7133731590465487,0.2866268409534512,2028,target,group_aware,pairwise_unseen,G1_Packet_Byte_Magnitude+G2_Temporal_Activity,0.95,0.994586808278096,0.0475872542534975
0.3952167007125106,0.4252842822257801,0.2475956704323653,394878,604265,0.1060099575058625,0.8939900424941374,0.0,0.0,0.0,0.7524043295676347,0.2475956704323653,2028,target,ordinary_baseline,pairwise_unseen,G1_Packet_Byte_Magnitude+G3_TCP_Control_Flags,0.8,0.9999930690003088,0.0973417402560995
0.6726194348556713,0.7311079868879002,0.3854616431064056,672043,327100,0.0969729615515673,0.9030270384484326,0.0,0.0,0.0,0.6145383568935944,0.3854616431064056,2028,target,ordinary_baseline,pairwise_unseen,G1_Packet_Byte_Magnitude+G3_TCP_Control_Flags,0.9,0.9999566139546476,0.0973417402560995
0.8273500389834088,0.8861847090557096,0.5384929319216892,826641,172502,0.1101360808379937,0.8898639191620062,0.0,0.0,0.0,0.4615070680783107,0.5384929319216892,2028,target,ordinary_baseline,pairwise_unseen,G1_Packet_Byte_Magnitude+G3_TCP_Control_Flags,0.95,0.9996670878493288,0.0973417402560995
0.5432355528688085,0.6101366988204652,0.2147749452889335,542770,456373,0.0669012657294986,0.9330987342705012,0.0,0.0,0.0,0.7852250547110664,0.2147749452889335,2028,target,group_aware,pairwise_unseen,G1_Packet_Byte_Magnitude+G3_TCP_Control_Flags,0.8,0.999835576217732,0.0535217006657227
0.7245038998421648,0.8139488936515222,0.2853610930383864,723883,275260,0.0666488921552239,0.933351107844776,0.0,0.0,0.0,0.7146389069616136,0.2853610930383864,2028,target,group_aware,pairwise_unseen,G1_Packet_Byte_Magnitude+G3_TCP_Control_Flags,0.9,0.9986083085787582,0.0535217006657227
0.7663978029170999,0.8624964310367883,0.2945880404566156,765741,233402,0.0648078136079954,0.9351921863920046,0.9945054945054944,0.0036341003091996,0.0072417380171241,0.7054119595433844,0.2935174779677056,2028,target,group_aware,pairwise_unseen,G1_Packet_Byte_Magnitude+G3_TCP_Control_Flags,0.95,0.994586808278096,0.0535217006657227
0.0,0.0,0.0,0,999143,,,,,,1.0,0.0,2028,target,ordinary_baseline,pairwise_unseen,G1_Packet_Byte_Magnitude+G4_Rate_Header_Flow_Context,0.8,0.9999930690003088,0.1739737338122689
0.0001971689738105,0.0002349190974769,1.182941976696043e-05,197,998946,0.0101522842639593,0.9898477157360406,0.0,0.0,0.0,0.999988170580233,1.182941976696043e-05,2028,target,ordinary_baseline,pairwise_unseen,G1_Packet_Byte_Magnitude+G4_Rate_Header_Flow_Context,0.9,0.9999566139546476,0.1739737338122689
0.1210967799404089,0.1028138489024459,0.2108594073460696,120993,878150,0.2946451447604407,0.7053548552395593,0.0,0.0,0.0,0.7891405926539303,0.2108594073460696,2028,target,ordinary_baseline,pairwise_unseen,G1_Packet_Byte_Magnitude+G4_Rate_Header_Flow_Context,0.95,0.9996670878493288,0.1739737338122689
0.0008437230706715,0.0010119591891315,1.7744129650440647e-05,843,998300,0.0035587188612099,0.99644128113879,0.0,0.0,0.0,0.9999822558703496,1.7744129650440647e-05,2028,target,group_aware,pairwise_unseen,G1_Packet_Byte_Magnitude+G4_Rate_Header_Flow_Context,0.8,0.999835576217732,0.1974849210839103
0.0332514965325283,0.0149577205860207,0.1230673685455728,33223,965920,0.6262829967191403,0.3737170032808596,0.0,0.0,0.0,0.8769326314544271,0.1230673685455728,2028,target,group_aware,pairwise_unseen,G1_Packet_Byte_Magnitude+G4_Rate_Header_Flow_Context,0.9,0.9986083085787582,0.1974849210839103
0.2177315959777529,0.2110043333538134,0.2507600402200272,217545,781598,0.1948838171412811,0.8051161828587189,0.0,0.0,0.0,0.7492399597799728,0.2507600402200272,2028,target,group_aware,pairwise_unseen,G1_Packet_Byte_Magnitude+G4_Rate_Header_Flow_Context,0.95,0.994586808278096,0.1974849210839103
0.7693913684027212,0.8552850171009055,0.3476843910806175,768732,230411,0.0764674815150143,0.9235325184849856,0.0,0.0,0.0,0.6523156089193825,0.3476843910806175,2028,target,ordinary_baseline,pairwise_unseen,G2_Temporal_Activity+G3_TCP_Control_Flags,0.8,0.9999930690003088,0.0654484447725184
0.8585828054642829,0.9477395361612774,0.4208552670491512,857847,141296,0.0829448607968553,0.9170551392031446,0.0,0.0,0.0,0.5791447329508488,0.4208552670491512,2028,target,ordinary_baseline,pairwise_unseen,G2_Temporal_Activity+G3_TCP_Control_Flags,0.9,0.9999566139546476,0.0654484447725184
0.9107194866000162,0.9663547663880164,0.6375702371798663,909939,89204,0.1184628859736751,0.8815371140263248,0.0,0.0,0.0,0.3624297628201336,0.6375702371798663,2028,target,ordinary_baseline,pairwise_unseen,G2_Temporal_Activity+G3_TCP_Control_Flags,0.95,0.9996670878493288,0.0654484447725184
0.7690060381747157,0.8550067283238943,0.3467735257585615,768347,230796,0.0763053672364179,0.923694632763582,0.0,0.0,0.0,0.6532264742414384,0.3467735257585615,2028,target,group_aware,pairwise_unseen,G2_Temporal_Activity+G3_TCP_Control_Flags,0.8,0.999835576217732,0.0545582845560489
0.8544662775999031,0.955124428815297,0.3602708937126634,853734,145409,0.0713465786767307,0.9286534213232692,0.0,0.0,0.0,0.6397291062873366,0.3602708937126634,2028,target,group_aware,pairwise_unseen,G2_Temporal_Activity+G3_TCP_Control_Flags,0.9,0.9986083085787582,0.0545582845560489
0.9028757645302024,0.9809233645715496,0.5196900692021056,902102,97041,0.0973991854579637,0.9026008145420362,0.0,0.0,0.0,0.4803099307978943,0.5196900692021056,2028,target,group_aware,pairwise_unseen,G2_Temporal_Activity+G3_TCP_Control_Flags,0.95,0.994586808278096,0.0545582845560489
0.0,0.0,0.0,0,999143,,,,,,1.0,0.0,2028,target,ordinary_baseline,pairwise_unseen,G2_Temporal_Activity+G4_Rate_Header_Flow_Context,0.8,0.9999930690003088,0.0531854562026455
0.0001701458149634,0.0002011871245059,1.7744129650440647e-05,170,998973,0.0176470588235294,0.9823529411764704,0.0,0.0,0.0,0.9999822558703496,1.7744129650440647e-05,2028,target,ordinary_baseline,pairwise_unseen,G2_Temporal_Activity+G4_Rate_Header_Flow_Context,0.9,0.9999566139546476,0.0531854562026455
0.2235685982887334,0.2658513166914235,0.01597563139528,223377,775766,0.0120916656594009,0.9879083343405992,0.0,0.0,0.0,0.98402436860472,0.01597563139528,2028,target,ordinary_baseline,pairwise_unseen,G2_Temporal_Activity+G4_Rate_Header_Flow_Context,0.95,0.9996670878493288,0.0531854562026455
0.3175101061609799,0.3775354697719357,0.0228071213106997,317238,681905,0.012154912084933,0.9878450879150668,0.0,0.0,0.0,0.9771928786893004,0.0228071213106997,2028,target,group_aware,pairwise_unseen,G2_Temporal_Activity+G4_Rate_Header_Flow_Context,0.8,0.999835576217732,0.0439190601002141
0.6887312426749724,0.7962167182886325,0.1610161471579819,688141,311002,0.039560206411186,0.960439793588814,0.0,0.0,0.0,0.8389838528420182,0.1610161471579819,2028,target,group_aware,pairwise_unseen,G2_Temporal_Activity+G4_Rate_Header_Flow_Context,0.9,0.9986083085787582,0.0439190601002141
0.9051477115888316,0.976474358279332,0.5549594842372981,904372,94771,0.1037482363452207,0.8962517636547792,0.0,0.0,0.0,0.4450405157627018,0.5549594842372981,2028,target,group_aware,pairwise_unseen,G2_Temporal_Activity+G4_Rate_Header_Flow_Context,0.95,0.994586808278096,0.0439190601002141
0.0008807548068694,0.0010432817354618,8.280593836872302e-05,880,998263,0.0159090909090909,0.9840909090909092,0.0,0.0,0.0,0.9999171940616312,8.280593836872302e-05,2028,target,ordinary_baseline,pairwise_unseen,G3_TCP_Control_Flags+G4_Rate_Header_Flow_Context,0.8,0.9999930690003088,0.0796562556120323
0.1107619229679835,0.1317908183978999,0.0075175962619033,110667,888476,0.0108885214201162,0.9891114785798838,1.0,0.051927616050354,0.0987284966342558,0.9924824037380966,0.0071272254095936,2028,target,ordinary_baseline,pairwise_unseen,G3_TCP_Control_Flags+G4_Rate_Header_Flow_Context,0.9,0.9999566139546476,0.0796562556120323
0.3024331852397505,0.3585467784158743,0.0269355888093689,302174,696969,0.0140151038805456,0.9859848961194544,0.9938080495356038,0.0704874835309617,0.1316383022349805,0.9730644111906313,0.0250369669367717,2028,target,ordinary_baseline,pairwise_unseen,G3_TCP_Control_Flags+G4_Rate_Header_Flow_Context,0.95,0.9996670878493288,0.0796562556120323
0.433551553681505,0.5053543483524943,0.0810256106937954,433180,565963,0.0316242670483401,0.9683757329516598,0.0,0.0,0.0,0.9189743893062046,0.0810256106937954,2028,target,group_aware,pairwise_unseen,G3_TCP_Control_Flags+G4_Rate_Header_Flow_Context,0.8,0.999835576217732,0.050024009473666
0.7800234801224649,0.8653130507798712,0.3612823091027385,779355,219788,0.0783750665614514,0.9216249334385486,0.0,0.0,0.0,0.6387176908972615,0.3612823091027385,2028,target,group_aware,pairwise_unseen,G3_TCP_Control_Flags+G4_Rate_Header_Flow_Context,0.9,0.9986083085787582,0.050024009473666
0.871323724431838,0.940837733548736,0.5300348967883125,870577,128566,0.1029317337811589,0.8970682662188411,1.0,3.347728566167855e-05,6.695232994108195e-05,0.4699651032116874,0.5300171526586621,2028,target,group_aware,pairwise_unseen,G3_TCP_Control_Flags+G4_Rate_Header_Flow_Context,0.95,0.994586808278096,0.050024009473666
0.7810065389071635,0.8673904322535353,0.4424097490663696,117290,32888,0.0,1.0,1.0,1.0,1.0,0.5575902509336303,0.0,2029,source,ordinary_baseline,complete,,0.8,0.9999929378246064,5.02176599689774e-06
0.8786906204637164,0.94299301307124,0.6266461377186661,131960,18218,0.0,1.0,1.0,1.0,1.0,0.3733538622813339,0.0,2029,source,ordinary_baseline,complete,,0.9,0.9999555026629848,5.02176599689774e-06
0.950219073366272,0.9851235248888444,0.8134049662582716,142702,7476,0.0,1.0,1.0,1.0,1.0,0.1865950337417283,0.0,2029,source,ordinary_baseline,complete,,0.95,0.9996379752187236,5.02176599689774e-06
0.9038940457323976,0.966285561461572,0.659339579374959,135745,14433,0.0,1.0,1.0,1.0,1.0,0.3406604206250409,0.0,2029,source,group_aware,complete,,0.8,0.9998476877205076,1.30810546143927e-05
0.9363755010720612,0.9924113261792532,0.7167332765511367,140623,9555,1.4222424496703952e-05,0.9999857775755032,0.9999542940719413,0.9999542940719413,0.9999542940719413,0.2832667234488633,3.2758959575443885e-05,2029,source,group_aware,complete,,0.9,0.9987559866104704,1.30810546143927e-05
0.964941602631544,0.9967405475880052,0.840300072069711,144913,5265,0.0002277228406009,0.9997722771593992,0.9990260246220976,0.9996881213208062,0.9993569633079368,0.1596999279302889,0.0002620716766035,2029,source,group_aware,complete,,0.95,0.9943904683862472,1.30810546143927e-05
0.5713286899545872,0.7170878882091398,0.0,85801,64377,0.0,1.0,0.0,0.0,0.0,1.0,0.0,2029,source,ordinary_baseline,single,G1_Packet_Byte_Magnitude,0.8,0.9999929378246064,0.0142823299495466
0.7375913915486956,0.9256426971550832,0.0004913843936316,110770,39408,0.0001354157262796,0.9998645842737204,0.0,0.0,0.0,0.9995086156063684,0.0004913843936316,2029,source,ordinary_baseline,single,G1_Packet_Byte_Magnitude,0.9,0.9999555026629848,0.0142823299495466
0.7787825114197818,0.97027212248855,0.0282054641944571,116956,33222,0.0073617428776633,0.9926382571223366,0.0,0.0,0.0,0.9717945358055428,0.0282054641944571,2029,source,ordinary_baseline,single,G1_Packet_Byte_Magnitude,0.95,0.9996379752187236,0.0142823299495466
0.72358800889611,0.8342359509243473,0.2898840332831029,108667,41511,0.0,1.0,1.0,1.0,1.0,0.710115966716897,0.0,2029,source,group_aware,single,G1_Packet_Byte_Magnitude,0.8,0.9998476877205076,2.0813060452605912e-05
0.8532741147172023,0.9432688128907164,0.500524143353207,128143,22035,0.0,1.0,1.0,1.0,1.0,0.4994758566467929,0.0,2029,source,group_aware,single,G1_Packet_Byte_Magnitude,0.9,0.9987559866104704,2.0813060452605912e-05
0.9261276618412816,0.9813459031190452,0.7096901002424163,139084,11094,5.032929740300825e-05,0.999949670702597,0.9998615150256196,0.9998153618906942,0.9998384379255428,0.2903098997575837,0.0001310358383017,2029,source,group_aware,single,G1_Packet_Byte_Magnitude,0.95,0.9943904683862472,2.0813060452605912e-05
0.7282291680539094,0.8658108514692608,0.1889536788311603,109364,40814,0.0,1.0,1.0,1.0,1.0,0.8110463211688397,0.0,2029,source,ordinary_baseline,single,G2_Temporal_Activity,0.8,0.9999929378246064,0.0004416072717542
0.8134347241273688,0.9195416708454518,0.3975299744480115,122160,28018,8.185985592665357e-06,0.9999918140144072,0.9999176005273568,1.0,0.99995879856619,0.6024700255519885,0.0,2029,source,ordinary_baseline,single,G2_Temporal_Activity,0.9,0.9999555026629848,0.0004416072717542
0.8529278589407236,0.965040283488784,0.4134835877612527,128091,22087,3.9034748733322405e-05,0.9999609652512668,0.9999207544179411,0.9996830930122008,0.9998019095915376,0.5865164122387473,0.0001310358383017,2029,source,ordinary_baseline,single,G2_Temporal_Activity,0.95,0.9996379752187236,0.0004416072717542
0.8174699356763308,0.8906996957844415,0.5304330734455873,122766,27412,0.0,1.0,1.0,1.0,1.0,0.4695669265544126,0.0,2029,source,group_aware,single,G2_Temporal_Activity,0.8,0.9998476877205076,1.7759189783448255e-05
0.9277257654250288,0.9710075886738208,0.7580750835353469,139324,10854,1.4355028566506849e-05,0.9999856449714336,0.9999567866557192,0.9999567866557192,0.9999567866557192,0.241924916464653,3.2758959575443885e-05,2029,source,group_aware,single,G2_Temporal_Activity,0.9,0.9987559866104704,1.7759189783448255e-05
0.9557391894951324,0.9866028148296728,0.8347638079014611,143531,6647,6.270422417456856e-05,0.9999372957758256,0.9998430202896276,0.999803783062554,0.9998234012911328,0.1652361920985389,0.0001637947978772,2029,source,group_aware,single,G2_Temporal_Activity,0.95,0.9943904683862472,1.7759189783448255e-05
0.7525935889411232,0.8650001671514057,0.3119963309965275,113023,37155,0.0,1.0,1.0,1.0,1.0,0.6880036690034724,0.0,2029,source,ordinary_baseline,single,G3_TCP_Control_Flags,0.8,0.9999929378246064,7.98788854908249e-06
0.8488327185073713,0.9409788386320328,0.4876498722400577,127476,22702,0.0,1.0,1.0,1.0,1.0,0.5123501277599424,0.0,2029,source,ordinary_baseline,single,G3_TCP_Control_Flags,0.9,0.9999555026629848,7.98788854908249e-06
0.937607372584533,0.9840453983218,0.7555854026076132,140808,9370,0.0,1.0,1.0,1.0,1.0,0.2444145973923868,0.0,2029,source,ordinary_baseline,single,G3_TCP_Control_Flags,0.95,0.9996379752187236,7.98788854908249e-06
0.893859286979451,0.957643833784642,0.6438445914957741,134238,15940,0.0,1.0,1.0,1.0,1.0,0.3561554085042259,0.0,2029,source,group_aware,single,G3_TCP_Control_Flags,0.8,0.9998476877205076,1.264857871848043e-05
0.9297300536696452,0.9900294186474108,0.6933761383738453,139625,10553,1.432408236347359e-05,0.9999856759176364,0.999952754417462,0.999952754417462,0.999952754417462,0.3066238616261547,3.2758959575443885e-05,2029,source,group_aware,single,G3_TCP_Control_Flags,0.9,0.9987559866104704,1.264857871848043e-05
0.957676890090426,0.9964146023468058,0.805837646596344,143822,6356,0.0001182016659481,0.9998817983340518,0.999390541199415,0.9999186958819464,0.9996545487797444,0.1941623534036559,6.551791915088777e-05,2029,source,group_aware,single,G3_TCP_Control_Flags,0.95,0.9943904683862472,1.264857871848043e-05
0.0514323003369335,0.064553872898071,0.0,7724,142454,0.0,1.0,0.0,0.0,0.0,1.0,0.0,2029,source,ordinary_baseline,single,G4_Rate_Header_Flow_Context,0.8,0.9999929378246064,0.0177519243878213
0.142577474729987,0.1789355798482265,6.551791915088777e-05,21412,128766,0.0,1.0,1.0,1.0,1.0,0.9999344820808492,0.0,2029,source,ordinary_baseline,single,G4_Rate_Header_Flow_Context,0.9,0.9999555026629848,0.0177519243878213
0.3617573812409274,0.4480660582355497,0.0234554150560178,54328,95850,3.681342953909586e-05,0.9999631865704608,0.9972144846796658,1.0,0.99860529986053,0.9765445849439822,0.0,2029,source,ordinary_baseline,single,G4_Rate_Header_Flow_Context,0.95,0.9996379752187236,0.0177519243878213
0.5832079265937754,0.6379918430113998,0.3684727773045928,87585,62593,0.0,1.0,1.0,1.0,1.0,0.6315272226954072,0.0,2029,source,group_aware,single,G4_Rate_Header_Flow_Context,0.8,0.9998476877205076,0.0014107388143307
0.774414361624206,0.8355648046000067,0.5347244971499705,116300,33878,3.4393809114359416e-05,0.9999656061908856,1.0,0.9997549470072904,0.9998774584890632,0.4652755028500295,0.0001310358383017,2029,source,group_aware,single,G4_Rate_Header_Flow_Context,0.9,0.9987559866104704,0.0014107388143307
0.8671909334256682,0.9213886938789156,0.6547533250343969,130233,19945,0.0003916058141945,0.9996083941858056,0.9999498445180058,0.997498373943063,0.9987226048841578,0.3452466749656031,0.0016379479787721,2029,source,group_aware,single,G4_Rate_Header_Flow_Context,0.95,0.9943904683862472,0.0014107388143307
0.6132855677928858,0.7676428308762077,0.0082552578130118,92102,58076,0.0027360969360057,0.9972639030639944,0.0,0.0,0.0,0.9917447421869882,0.0082552578130118,2029,source,ordinary_baseline,pairwise_unseen,G1_Packet_Byte_Magnitude+G2_Temporal_Activity,0.8,0.9999929378246064,0.0270964685064315
0.741047290548549,0.9011132283622504,0.1136408307672148,111289,38889,0.031171095076782,0.968828904923218,0.0,0.0,0.0,0.8863591692327851,0.1136408307672148,2029,source,ordinary_baseline,pairwise_unseen,G1_Packet_Byte_Magnitude+G2_Temporal_Activity,0.9,0.9999555026629848,0.0270964685064315
0.8257201454274261,0.9667786581085148,0.2728166153442967,124005,26173,0.0671585823152292,0.9328414176847708,0.0,0.0,0.0,0.7271833846557033,0.2728166153442967,2029,source,ordinary_baseline,pairwise_unseen,G1_Packet_Byte_Magnitude+G2_Temporal_Activity,0.95,0.9996379752187236,0.0270964685064315
0.5128847101439625,0.6437334937986828,0.0,77024,73154,0.0,1.0,0.0,0.0,0.0,1.0,0.0,2029,source,group_aware,pairwise_unseen,G1_Packet_Byte_Magnitude+G2_Temporal_Activity,0.8,0.9998476877205076,9.903715555877212e-05
0.7018471413922146,0.8576956507204225,0.0909716307410076,105402,44776,0.0,1.0,1.0,1.0,1.0,0.9090283692589924,0.0,2029,source,group_aware,pairwise_unseen,G1_Packet_Byte_Magnitude+G2_Temporal_Activity,0.9,0.9987559866104704,9.903715555877212e-05
0.7914141884963177,0.8887523819075318,0.4098801022079539,118853,31325,2.52412644190723e-05,0.999974758735581,1.0,0.9997602301790282,0.999880100715399,0.5901198977920461,9.827687872633164e-05,2029,source,group_aware,pairwise_unseen,G1_Packet_Byte_Magnitude+G2_Temporal_Activity,0.95,0.9943904683862472,9.903715555877212e-05
0.5822557232084593,0.7305686490823388,0.0009172508681124,87442,62736,0.0003202122549804,0.9996797877450196,0.0,0.0,0.0,0.9990827491318875,0.0009172508681124,2029,source,ordinary_baseline,pairwise_unseen,G1_Packet_Byte_Magnitude+G3_TCP_Control_Flags,0.8,0.9999929378246064,0.0168353978048682
0.744276791540705,0.9289272222779392,0.0205071086942278,111774,38404,0.0056005868985631,0.9943994131014368,0.0,0.0,0.0,0.979492891305772,0.0205071086942278,2029,source,ordinary_baseline,pairwise_unseen,G1_Packet_Byte_Magnitude+G3_TCP_Control_Flags,0.9,0.9999555026629848,0.0168353978048682
0.8074484944532488,0.9737237990171498,0.1557033348620848,121261,28917,0.0391964440339433,0.9608035559660568,0.0,0.0,0.0,0.8442966651379152,0.1557033348620848,2029,source,ordinary_baseline,pairwise_unseen,G1_Packet_Byte_Magnitude+G3_TCP_Control_Flags,0.95,0.9996379752187236,0.0168353978048682
0.6960140633115369,0.8064721024303815,0.2630544453908144,104526,45652,0.0,1.0,1.0,1.0,1.0,0.7369455546091856,0.0,2029,source,group_aware,pairwise_unseen,G1_Packet_Byte_Magnitude+G3_TCP_Control_Flags,0.8,0.9998476877205076,1.7131065277640368e-05
0.8090465980369961,0.927297496071942,0.3455415056017821,121501,28677,0.0,1.0,1.0,1.0,1.0,0.6544584943982179,0.0,2029,source,group_aware,pairwise_unseen,G1_Packet_Byte_Magnitude+G3_TCP_Control_Flags,0.9,0.9987559866104704,1.7131065277640368e-05
0.8824528226504548,0.9717012670076556,0.5326279237371421,132525,17653,2.2637238256932653e-05,0.9999773627617432,1.0,0.9998154868073068,0.9999077348915884,0.4673720762628578,9.827687872633164e-05,2029,source,group_aware,pairwise_unseen,G1_Packet_Byte_Magnitude+G3_TCP_Control_Flags,0.95,0.9943904683862472,1.7131065277640368e-05
0.0,0.0,0.0,0,150178,,,,,,1.0,0.0,2029,source,ordinary_baseline,pairwise_unseen,G1_Packet_Byte_Magnitude+G4_Rate_Header_Flow_Context,0.8,0.9999929378246064,0.0512150682418374
0.0050007324641425,0.0062765352856617,0.0,751,149427,0.0,1.0,0.0,0.0,0.0,1.0,0.0,2029,source,ordinary_baseline,pairwise_unseen,G1_Packet_Byte_Magnitude+G4_Rate_Header_Flow_Context,0.9,0.9999555026629848,0.0512150682418374
0.1694322737018737,0.2121987095911476,0.0018017427766494,25445,124733,0.0021615248575358,0.9978384751424642,0.0,0.0,0.0,0.9981982572233504,0.0018017427766494,2029,source,ordinary_baseline,pairwise_unseen,G1_Packet_Byte_Magnitude+G4_Rate_Header_Flow_Context,0.95,0.9996379752187236,0.0512150682418374
0.0001598103583747,0.0002005816868919,0.0,24,150154,0.0,1.0,0.0,0.0,0.0,1.0,0.0,2029,source,group_aware,pairwise_unseen,G1_Packet_Byte_Magnitude+G4_Rate_Header_Flow_Context,0.8,0.9998476877205076,0.0276197987199739
0.0113398766796734,0.0142329421990438,0.0,1703,148475,0.0,1.0,0.0,0.0,0.0,1.0,0.0,2029,source,group_aware,pairwise_unseen,G1_Packet_Byte_Magnitude+G4_Rate_Header_Flow_Context,0.9,0.9987559866104704,0.0276197987199739
0.0838138742026129,0.1050295857988165,0.0006551791915088,12587,137591,0.0,1.0,1.0,1.0,1.0,0.9993448208084912,0.0,2029,source,group_aware,pairwise_unseen,G1_Packet_Byte_Magnitude+G4_Rate_Header_Flow_Context,0.95,0.9943904683862472,0.0276197987199739
0.7336693790035824,0.8892204058436132,0.1239599030334796,110181,39997,0.0,1.0,1.0,1.0,1.0,0.8760400969665203,0.0,2029,source,ordinary_baseline,pairwise_unseen,G2_Temporal_Activity+G3_TCP_Control_Flags,0.8,0.9999929378246064,0.0018053599726096
0.8013357482454154,0.9350449637281448,0.2772390748869816,120343,29835,2.4928745336247225e-05,0.9999750712546638,1.0,0.999645515774548,0.9998227264669384,0.7227609251130184,9.827687872633164e-05,2029,source,ordinary_baseline,pairwise_unseen,G2_Temporal_Activity+G3_TCP_Control_Flags,0.9,0.9999555026629848,0.0018053599726096
0.855857715510927,0.9698208136930432,0.4091594050972941,128531,21647,0.0002411869510079,0.999758813048992,0.9999197496188108,0.9975980784627704,0.998757564827061,0.5908405949027059,0.0009827687872633,2029,source,ordinary_baseline,pairwise_unseen,G2_Temporal_Activity+G3_TCP_Control_Flags,0.95,0.9996379752187236,0.0018053599726096
0.7844158265524911,0.8794921940293517,0.4117473629037542,117802,32376,0.0,1.0,1.0,1.0,1.0,0.5882526370962459,0.0,2029,source,group_aware,pairwise_unseen,G2_Temporal_Activity+G3_TCP_Control_Flags,0.8,0.9998476877205076,1.8852459832657173e-05
0.9213333510900398,0.9665028582890384,0.744283561554085,138364,11814,1.4454626926079038e-05,0.999985545373074,0.999955985915493,0.999955985915493,0.999955985915493,0.2557164384459149,3.2758959575443885e-05,2029,source,group_aware,pairwise_unseen,G2_Temporal_Activity+G3_TCP_Control_Flags,0.9,0.9987559866104704,1.8852459832657173e-05
0.9452516347267907,0.9856500518169358,0.7869029679617375,141956,8222,3.522218152103469e-05,0.9999647778184788,0.9998751144783948,0.999916739519587,0.9998959265657849,0.2130970320382624,6.551791915088777e-05,2029,source,group_aware,pairwise_unseen,G2_Temporal_Activity+G3_TCP_Control_Flags,0.95,0.9943904683862472,1.8852459832657173e-05
0.0,0.0,0.0,0,150178,,,,,,1.0,0.0,2029,source,ordinary_baseline,pairwise_unseen,G2_Temporal_Activity+G4_Rate_Header_Flow_Context,0.8,0.9999929378246064,0.0125560861635968
0.0098949246893686,0.0124193494467288,0.0,1486,148692,0.0,1.0,0.0,0.0,0.0,1.0,0.0,2029,source,ordinary_baseline,pairwise_unseen,G2_Temporal_Activity+G4_Rate_Header_Flow_Context,0.9,0.9999555026629848,0.0125560861635968
0.3438519623380255,0.431576572058971,0.0,51639,98539,0.0,1.0,0.0,0.0,0.0,1.0,0.0,2029,source,ordinary_baseline,pairwise_unseen,G2_Temporal_Activity+G4_Rate_Header_Flow_Context,0.95,0.9996379752187236,0.0125560861635968
0.4143283303812808,0.5199913081269013,0.0001637947978772,62223,87955,0.0,1.0,1.0,1.0,1.0,0.9998362052021228,0.0,2029,source,group_aware,pairwise_unseen,G2_Temporal_Activity+G4_Rate_Header_Flow_Context,0.8,0.9998476877205076,0.0019436955894817
0.5915713353487195,0.7015177347641494,0.1606171787984013,88841,61337,2.2512128409180445e-05,0.9999774878715908,1.0,0.9995920864776668,0.9997960016319868,0.8393828212015987,6.551791915088777e-05,2029,source,group_aware,pairwise_unseen,G2_Temporal_Activity+G4_Rate_Header_Flow_Context,0.9,0.9987559866104704,0.0019436955894817
0.7544447255922971,0.8449169257513456,0.3998231016182926,113301,36877,0.0005736930830266,0.9994263069169732,1.0,0.9946743138058172,0.9973300472376256,0.6001768983817074,0.0021293323724038,2029,source,group_aware,pairwise_unseen,G2_Temporal_Activity+G4_Rate_Header_Flow_Context,0.95,0.9943904683862472,0.0019436955894817
0.050446803126956,0.0633169524955704,0.0,7576,142602,0.0,1.0,0.0,0.0,0.0,1.0,0.0,2029,source,ordinary_baseline,pairwise_unseen,G3_TCP_Control_Flags+G4_Rate_Header_Flow_Context,0.8,0.9999929378246064,0.022157019095296
0.140200295649163,0.1759519272557082,6.551791915088777e-05,21055,129123,0.0,1.0,1.0,1.0,1.0,0.9999344820808492,0.0,2029,source,ordinary_baseline,pairwise_unseen,G3_TCP_Control_Flags+G4_Rate_Header_Flow_Context,0.9,0.9999555026629848,0.022157019095296
0.3568831653104982,0.4420068197773543,0.0232261023389897,53596,96582,3.731621762818121e-05,0.999962683782372,0.9971870604781996,1.0,0.9985915492957746,0.9767738976610104,0.0,2029,source,ordinary_baseline,pairwise_unseen,G3_TCP_Control_Flags+G4_Rate_Header_Flow_Context,0.95,0.9996379752187236,0.022157019095296
0.5737857742145986,0.628447497743456,0.3595295813404966,86170,64008,1.160496692584426e-05,0.999988395033074,1.0,0.9999088838268791,0.999954439837806,0.6404704186595034,3.2758959575443885e-05,2029,source,group_aware,pairwise_unseen,G3_TCP_Control_Flags+G4_Rate_Header_Flow_Context,0.8,0.9998476877205076,0.0021766825652493
0.7468137809799038,0.8264466954167085,0.4346786346065649,112155,38023,4.4581160001783245e-05,0.9999554188399982,1.0,0.999623181852438,0.9998115554215504,0.5653213653934351,0.0001637947978772,2029,source,group_aware,pairwise_unseen,G3_TCP_Control_Flags+G4_Rate_Header_Flow_Context,0.9,0.9987559866104704,0.0021766825652493
0.8435589766810052,0.9096797379065958,0.5843870798663434,126684,23494,0.000402576489533,0.999597423510467,1.0,0.9971410953528784,0.9985685014174644,0.4156129201336566,0.0016707069383476,2029,source,group_aware,pairwise_unseen,G3_TCP_Control_Flags+G4_Rate_Header_Flow_Context,0.95,0.9943904683862472,0.0021766825652493
0.6045390900001301,0.6702832160544916,0.281759034719347,604021,395122,0.0788664632521054,0.9211335367478946,0.0,0.0,0.0,0.718240965280653,0.281759034719347,2029,target,ordinary_baseline,complete,,0.8,0.9999929378246064,0.0616639794305887
0.704518772588108,0.777725573533894,0.3450996628615366,703915,295228,0.082887848674911,0.9171121513250888,0.0,0.0,0.0,0.6549003371384634,0.3450996628615366,2029,target,ordinary_baseline,complete,,0.9,0.9999555026629848,0.0616639794305887
0.8392362254452066,0.931565055121658,0.385934819897084,838517,160626,0.0774951491740775,0.9225048508259224,1.0,0.0041226053639846,0.0082113585372182,0.614065180102916,0.3843437629384278,2029,target,ordinary_baseline,complete,,0.95,0.9996379752187236,0.0616639794305887
0.7868653435994647,0.8782998603737262,0.3379546933222925,786191,212952,0.0725396245950411,0.9274603754049588,1.0,0.0018901606636564,0.0037731893931453,0.6620453066777074,0.3373159046548766,2029,target,group_aware,complete,,0.8,0.9998476877205076,0.056162514158781
0.8564279587606579,0.9538895976618924,0.3779263027148518,855694,143449,0.0737670241932279,0.926232975806772,1.0,0.0121134343307875,0.0239369104685325,0.6220736972851482,0.3733483172650381,2029,target,group_aware,complete,,0.9,0.9987559866104704,0.056162514158781
0.8885164586050245,0.982150967445032,0.4288046371325486,887755,111388,0.0807283541067073,0.9192716458932926,0.9987995198079233,0.0114761786532042,0.022691631097353,0.5711953628674513,0.4238835985094931,2029,target,group_aware,complete,,0.95,0.9943904683862472,0.056162514158781
0.3266649518637472,0.3493138555283692,0.2154669663453007,326385,672758,0.1116135851831426,0.8883864148168574,0.0,0.0,0.0,0.7845330336546993,0.2154669663453007,2029,target,ordinary_baseline,single,G1_Packet_Byte_Magnitude,0.8,0.9999929378246064,0.0928509064351042
0.6400645353067579,0.7002890107255627,0.3443839829656355,639516,359627,0.0910454155955441,0.908954584404456,0.0,0.0,0.0,0.6556160170343645,0.3443839829656355,2029,target,ordinary_baseline,single,G1_Packet_Byte_Magnitude,0.9,0.9999555026629848,0.0928509064351042
0.8071337135925488,0.8698500011444776,0.4992192582953806,806442,192701,0.1046609675587333,0.8953390324412667,0.0,0.0,0.0,0.5007807417046194,0.4992192582953806,2029,target,ordinary_baseline,single,G1_Packet_Byte_Magnitude,0.95,0.9996379752187236,0.0928509064351042
0.5606975177727312,0.6208718992185025,0.2652629088543207,560217,438926,0.080054693092141,0.9199453069078588,0.0,0.0,0.0,0.7347370911456793,0.2652629088543207,2029,target,group_aware,single,G1_Packet_Byte_Magnitude,0.8,0.9998476877205076,0.0597918091364799
0.6934933237784782,0.7769425098756374,0.2837877802093807,692899,306244,0.0691832431566505,0.9308167568433494,0.9387755102040816,0.0009587328053355,0.0019155093797497,0.7162122197906192,0.2835157035547406,2029,target,group_aware,single,G1_Packet_Byte_Magnitude,0.9,0.9987559866104704,0.0597918091364799
0.7789915957975986,0.8774565610494499,0.2955639675873898,778324,220819,0.063666288075403,0.9363337119245968,0.8448844884488449,0.0102459426467351,0.0202463570397611,0.7044360324126102,0.2925356361270479,2029,target,group_aware,single,G1_Packet_Byte_Magnitude,0.95,0.9943904683862472,0.0597918091364799
0.689143596061825,0.7597139046806727,0.3426687170994262,688553,310590,0.0841402186905002,0.9158597813094996,0.0,0.0,0.0,0.6573312829005737,0.3426687170994262,2029,target,ordinary_baseline,single,G2_Temporal_Activity,0.8,0.9999929378246064,0.0539337974352115
0.8452053409772174,0.9344178162643526,0.4072041166380789,844481,154662,0.0815246287364665,0.9184753712635336,0.0,0.0,0.0,0.5927958833619211,0.4072041166380789,2029,target,ordinary_baseline,single,G2_Temporal_Activity,0.9,0.9999555026629848,0.0539337974352115
0.892477853520467,0.9649813932027664,0.5365115041107233,891713,107430,0.101723312321341,0.898276687678659,0.0,0.0,0.0,0.4634884958892766,0.5365115041107233,2029,target,ordinary_baseline,single,G2_Temporal_Activity,0.95,0.9996379752187236,0.0539337974352115
0.7524398409436888,0.8356325287053067,0.3439936121133258,751795,247348,0.0773601846247979,0.922639815375202,0.0,0.0,0.0,0.6560063878866742,0.3439936121133258,2029,target,group_aware,single,G2_Temporal_Activity,0.8,0.9998476877205076,0.0558567648013508
0.8382994226051727,0.936094777206342,0.3581593422842609,837581,161562,0.0722962913437625,0.9277037086562374,0.0,0.0,0.0,0.6418406577157391,0.3581593422842609,2029,target,group_aware,single,G2_Temporal_Activity,0.9,0.9987559866104704,0.0558567648013508
0.901680740394518,0.979523487693251,0.5195007984858343,900908,98235,0.097322923095366,0.902677076904634,1.0,0.0017419619273157,0.0034778655452633,0.4804992015141657,0.5185958478736618,2029,target,group_aware,single,G2_Temporal_Activity,0.95,0.9943904683862472,0.0558567648013508
0.6229148380161799,0.6920608187472668,0.2834328976163719,622381,376762,0.0769946383324683,0.9230053616675316,0.0,0.0,0.0,0.7165671023836281,0.2834328976163719,2029,target,ordinary_baseline,single,G3_TCP_Control_Flags,0.8,0.9999929378246064,0.0642273087875113
0.7482502504646482,0.8287198836728817,0.3531732418524871,747609,251534,0.0798692899630689,0.920130710036931,0.0,0.0,0.0,0.6468267581475129,0.3531732418524871,2029,target,ordinary_baseline,single,G3_TCP_Control_Flags,0.9,0.9999555026629848,0.0642273087875113
0.8744213791219074,0.959516813581456,0.4566333471343231,873672,125471,0.0883226199305918,0.9116773800694082,1.0,0.0004922088519876,0.0009839334032443,0.543366652865677,0.4564085881587508,2029,target,ordinary_baseline,single,G3_TCP_Control_Flags,0.95,0.9996379752187236,0.0642273087875113
0.7901141278075311,0.8801057256409979,0.3482876914887324,789437,209706,0.0745543976276764,0.9254456023723237,1.0,0.0004924853528063,0.0009844858607461,0.6517123085112675,0.3481161649021115,2029,target,group_aware,single,G3_TCP_Control_Flags,0.8,0.9998476877205076,0.0565149877871617
0.8569954450964477,0.955341277212968,0.3741527178091914,856261,142882,0.0730011059711933,0.9269988940288066,1.0,0.0118562079104619,0.0234345706786651,0.6258472821908085,0.3697166853965813,2029,target,group_aware,single,G3_TCP_Control_Flags,0.9,0.9987559866104704,0.0565149877871617
0.8909485429012663,0.9839267148792936,0.4344590997811557,890185,108958,0.081601015519246,0.918398984480754,0.9987745098039216,0.0110953794211343,0.021946950316413,0.5655409002188443,0.4296386112261193,2029,target,group_aware,single,G3_TCP_Control_Flags,0.95,0.9943904683862472,0.0565149877871617
0.0346196690563813,0.0412385416704313,0.0021233808481693,34590,964553,0.0103787221740387,0.9896212778259612,0.0,0.0,0.0,0.9978766191518306,0.0021233808481693,2029,target,ordinary_baseline,single,G4_Rate_Header_Flow_Context,0.8,0.9999929378246064,0.0770346403781325
0.1954024599081412,0.2325819536354031,0.0128644939965694,195235,803908,0.0111404205188618,0.988859579481138,0.0,0.0,0.0,0.9871355060034306,0.0128644939965694,2029,target,ordinary_baseline,single,G4_Rate_Header_Flow_Context,0.9,0.9999555026629848,0.0770346403781325
0.3442950608671631,0.4076051142489877,0.033465428520731,344000,655143,0.0161627906976744,0.9838372093023257,1.0,0.0173206079886885,0.0340514246004169,0.9665345714792688,0.03288578695215,2029,target,ordinary_baseline,single,G4_Rate_Header_Flow_Context,0.95,0.9996379752187236,0.0770346403781325
0.4400981641266565,0.5032689895948911,0.1299520908499438,439721,559422,0.0499657737519927,0.9500342262480072,0.0,0.0,0.0,0.8700479091500561,0.1299520908499438,2029,target,group_aware,single,G4_Rate_Header_Flow_Context,0.8,0.9998476877205076,0.0499263801261898
0.7591906263667964,0.8549561303644378,0.2890163837463772,758540,240603,0.0644184881482848,0.9355815118517152,0.0,0.0,0.0,0.7109836162536227,0.2890163837463772,2029,target,group_aware,single,G4_Rate_Header_Flow_Context,0.9,0.9987559866104704,0.0499263801261898
0.8688746255540999,0.9386945485517538,0.5260838705861477,868130,131013,0.1023683088938292,0.8976316911061707,1.0,0.0008544606217325,0.0017074622841801,0.4739161294138522,0.5256343526350032,2029,target,group_aware,single,G4_Rate_Header_Flow_Context,0.95,0.9943904683862472,0.0499263801261898
0.6080130671985892,0.6625742555172859,0.3401372212692967,607492,391651,0.0946629749856788,0.9053370250143212,0.0,0.0,0.0,0.6598627787307033,0.3401372212692967,2029,target,ordinary_baseline,pairwise_unseen,G1_Packet_Byte_Magnitude+G2_Temporal_Activity,0.8,0.9999929378246064,0.0893893060537376
0.7928024316839531,0.8709944787988526,0.4089075530845212,792123,207020,0.0872768496811732,0.9127231503188268,0.0,0.0,0.0,0.5910924469154788,0.4089075530845212,2029,target,ordinary_baseline,pairwise_unseen,G1_Packet_Byte_Magnitude+G2_Temporal_Activity,0.9,0.9999555026629848,0.0893893060537376
0.910805560365233,0.9625346204490448,0.6568344472703614,910025,89118,0.1220307134419384,0.8779692865580616,0.0,0.0,0.0,0.3431655527296386,0.6568344472703614,2029,target,ordinary_baseline,pairwise_unseen,G1_Packet_Byte_Magnitude+G2_Temporal_Activity,0.95,0.9996379752187236,0.0893893060537376
0.4611932426089158,0.5112514200558265,0.2154255633761164,460798,538345,0.0790411416716218,0.9209588583283782,0.0,0.0,0.0,0.7845744366238836,0.2154255633761164,2029,target,group_aware,pairwise_unseen,G1_Packet_Byte_Magnitude+G2_Temporal_Activity,0.8,0.9998476877205076,0.0526407108671978
0.5961238781635861,0.6605503371390227,0.279813095167682,595613,403530,0.0794274134379202,0.9205725865620796,0.0,0.0,0.0,0.720186904832318,0.279813095167682,2029,target,group_aware,pairwise_unseen,G1_Packet_Byte_Magnitude+G2_Temporal_Activity,0.9,0.9987559866104704,0.0526407108671978
0.7233068739910103,0.8122671138562512,0.2865440350150825,722687,276456,0.0670359367194926,0.9329640632805072,0.0,0.0,0.0,0.7134559649849175,0.2865440350150825,2029,target,group_aware,pairwise_unseen,G1_Packet_Byte_Magnitude+G2_Temporal_Activity,0.95,0.9943904683862472,0.0526407108671978
0.3467161357283191,0.3661051497880307,0.2515230377949961,346419,652724,0.1227559689278013,0.8772440310721987,0.0,0.0,0.0,0.7484769622050038,0.2515230377949961,2029,target,ordinary_baseline,pairwise_unseen,G1_Packet_Byte_Magnitude+G3_TCP_Control_Flags,0.8,0.9999929378246064,0.0949701008023389
0.6869387064714461,0.7437743427385303,0.4078961376944461,686350,312793,0.100477890289211,0.8995221097107889,0.0,0.0,0.0,0.5921038623055539,0.4078961376944461,2029,target,ordinary_baseline,pairwise_unseen,G1_Packet_Byte_Magnitude+G3_TCP_Control_Flags,0.9,0.9999555026629848,0.0949701008023389
0.8790223221300655,0.9493092776177516,0.5339386053114095,878269,120874,0.1027851375831322,0.8972148624168678,0.0,0.0,0.0,0.4660613946885905,0.5339386053114095,2029,target,ordinary_baseline,pairwise_unseen,G1_Packet_Byte_Magnitude+G3_TCP_Control_Flags,0.95,0.9996379752187236,0.0949701008023389
0.5314674676197502,0.5944079617093918,0.2224522387176909,531012,468131,0.0708270246246789,0.9291729753753212,0.0,0.0,0.0,0.7775477612823091,0.2224522387176909,2029,target,group_aware,pairwise_unseen,G1_Packet_Byte_Magnitude+G3_TCP_Control_Flags,0.8,0.9998476877205076,0.0573051279398553
0.6811237230306373,0.7620462296689569,0.2838232684686816,680540,318603,0.0704440591295147,0.9295559408704852,1.0,0.0009586129287708,0.0019153897401732,0.7161767315313183,0.2835511918140415,2029,target,group_aware,pairwise_unseen,G1_Packet_Byte_Magnitude+G3_TCP_Control_Flags,0.9,0.9987559866104704,0.0573051279398553
0.7763443270883147,0.8737629100091197,0.298054060448335,775679,223464,0.0643474942598678,0.935652505740132,1.0,0.0095054770598507,0.0188319474749857,0.701945939551665,0.295220914414148,2029,target,group_aware,pairwise_unseen,G1_Packet_Byte_Magnitude+G3_TCP_Control_Flags,0.95,0.9943904683862472,0.0573051279398553
0.0,0.0,0.0,0,999143,,,,,,1.0,0.0,2029,target,ordinary_baseline,pairwise_unseen,G1_Packet_Byte_Magnitude+G4_Rate_Header_Flow_Context,0.8,0.9999929378246064,0.1952284477665276
0.0036931650424413,0.0021094530240111,0.0114686224640681,3690,995453,0.5254742547425474,0.4745257452574525,0.0,0.0,0.0,0.988531377535932,0.0114686224640681,2029,target,ordinary_baseline,pairwise_unseen,G1_Packet_Byte_Magnitude+G4_Rate_Header_Flow_Context,0.9,0.9999555026629848,0.1952284477665276
0.1794948270667962,0.1706693266736781,0.2228248654403501,179341,819802,0.2100635102960282,0.7899364897039718,0.0,0.0,0.0,0.7771751345596498,0.2228248654403501,2029,target,ordinary_baseline,pairwise_unseen,G1_Packet_Byte_Magnitude+G4_Rate_Header_Flow_Context,0.95,0.9996379752187236,0.1952284477665276
0.0004684014200169,0.0005613964073039,1.182941976696043e-05,468,998675,0.0042735042735042,0.9957264957264956,0.0,0.0,0.0,0.999988170580233,1.182941976696043e-05,2029,target,group_aware,pairwise_unseen,G1_Packet_Byte_Magnitude+G4_Rate_Header_Flow_Context,0.8,0.9998476877205076,0.1841352735895141
0.0072101791235088,0.0079149665149932,0.0037499260661264,7204,991939,0.0880066629650194,0.9119933370349804,0.0,0.0,0.0,0.9962500739338735,0.0037499260661264,2029,target,group_aware,pairwise_unseen,G1_Packet_Byte_Magnitude+G4_Rate_Header_Flow_Context,0.9,0.9987559866104704,0.1841352735895141
0.0934080506994494,0.0713901066532702,0.2015082510202874,93328,905815,0.365045859763415,0.6349541402365849,0.0,0.0,0.0,0.7984917489797125,0.2015082510202874,2029,target,group_aware,pairwise_unseen,G1_Packet_Byte_Magnitude+G4_Rate_Header_Flow_Context,0.95,0.9943904683862472,0.1841352735895141
0.8152626801168601,0.9001087856128317,0.3986987638256343,814564,184579,0.0827534730236052,0.9172465269763947,0.0,0.0,0.0,0.6013012361743656,0.3986987638256343,2029,target,ordinary_baseline,pairwise_unseen,G2_Temporal_Activity+G3_TCP_Control_Flags,0.8,0.9999929378246064,0.0529007160676703
0.8587989907350599,0.9477178513215104,0.4222393091618856,858063,141080,0.0831966883550508,0.9168033116449492,0.0,0.0,0.0,0.5777606908381144,0.4222393091618856,2029,target,ordinary_baseline,pairwise_unseen,G2_Temporal_Activity+G3_TCP_Control_Flags,0.9,0.9999555026629848,0.0529007160676703
0.9114851427673516,0.9671811997258072,0.6380374992606612,910704,88439,0.1184501221033398,0.8815498778966602,0.0,0.0,0.0,0.3619625007393387,0.6380374992606612,2029,target,ordinary_baseline,pairwise_unseen,G2_Temporal_Activity+G3_TCP_Control_Flags,0.95,0.9996379752187236,0.0529007160676703
0.7518863666161901,0.8346639391957092,0.3454782042940794,751242,247901,0.0777512439400353,0.9222487560599648,0.0,0.0,0.0,0.6545217957059206,0.3454782042940794,2029,target,group_aware,pairwise_unseen,G2_Temporal_Activity+G3_TCP_Control_Flags,0.8,0.9998476877205076,0.0540870364711566
0.8385876696328753,0.9366212369273546,0.3572780505116224,837869,161274,0.0720936089054494,0.9279063910945504,0.0,0.0,0.0,0.6427219494883776,0.3572780505116224,2029,target,group_aware,pairwise_unseen,G2_Temporal_Activity+G3_TCP_Control_Flags,0.9,0.9987559866104704,0.0540870364711566
0.902338303926465,0.97994754678203,0.5213047850002958,901565,97578,0.0975903013093897,0.9024096986906102,1.0,0.0017359338302869,0.0034658511722731,0.4786952149997042,0.5203998343881233,2029,target,group_aware,pairwise_unseen,G2_Temporal_Activity+G3_TCP_Control_Flags,0.95,0.9943904683862472,0.0540870364711566
0.0,0.0,0.0,0,999143,,,,,,1.0,0.0,2029,target,ordinary_baseline,pairwise_unseen,G2_Temporal_Activity+G4_Rate_Header_Flow_Context,0.8,0.9999929378246064,0.0581328943670054
0.0005644837625845,0.000674639459421,2.365883953392086e-05,564,998579,0.0070921985815602,0.9929078014184396,0.0,0.0,0.0,0.999976341160466,2.365883953392086e-05,2029,target,ordinary_baseline,pairwise_unseen,G2_Temporal_Activity+G4_Rate_Header_Flow_Context,0.9,0.9999555026629848,0.0581328943670054
0.2549044531163207,0.3030649111584161,0.0184538948364582,254686,744457,0.012250378897937,0.9877496211020628,0.0,0.0,0.0,0.9815461051635416,0.0184538948364582,2029,target,ordinary_baseline,pairwise_unseen,G2_Temporal_Activity+G4_Rate_Header_Flow_Context,0.95,0.9996379752187236,0.0581328943670054
0.3490811625563108,0.4153357596259606,0.0237948778612409,348782,650361,0.0115344255150781,0.9884655744849218,0.0,0.0,0.0,0.9762051221387592,0.0237948778612409,2029,target,group_aware,pairwise_unseen,G2_Temporal_Activity+G4_Rate_Header_Flow_Context,0.8,0.9998476877205076,0.0440854363443228
0.6779660168764631,0.7825612928019584,0.1644407641805169,677385,321758,0.041043129092023,0.958956870907977,0.0,0.0,0.0,0.8355592358194831,0.1644407641805169,2029,target,group_aware,pairwise_unseen,G2_Temporal_Activity+G4_Rate_Header_Flow_Context,0.9,0.9987559866104704,0.0440854363443228
0.9057702451000508,0.976812882722363,0.5569764003075649,904994,94149,0.1040537285330068,0.8959462714669931,0.0,0.0,0.0,0.4430235996924351,0.5569764003075649,2029,target,group_aware,pairwise_unseen,G2_Temporal_Activity+G4_Rate_Header_Flow_Context,0.95,0.9943904683862472,0.0440854363443228
0.0342753739955141,0.0408241202882156,0.0021233808481693,34246,964897,0.0104829761139987,0.9895170238860012,0.0,0.0,0.0,0.9978766191518306,0.0021233808481693,2029,target,ordinary_baseline,pairwise_unseen,G3_TCP_Control_Flags+G4_Rate_Header_Flow_Context,0.8,0.9999929378246064,0.0796137869419438
0.1911668299732871,0.2275064964165802,0.0127521145087833,191003,808140,0.0112877808201965,0.9887122191798036,0.0,0.0,0.0,0.9872478854912168,0.0127521145087833,2029,target,ordinary_baseline,pairwise_unseen,G3_TCP_Control_Flags+G4_Rate_Header_Flow_Context,0.9,0.9999555026629848,0.0796137869419438
0.3374561999633686,0.3996419592011787,0.0321464482167149,337167,661976,0.0158526783463387,0.9841473216536611,1.0,0.0165593376264949,0.0325791855203619,0.967853551783285,0.0316141243272017,2029,target,ordinary_baseline,pairwise_unseen,G3_TCP_Control_Flags+G4_Rate_Header_Flow_Context,0.95,0.9996379752187236,0.0796137869419438
0.4379062856868336,0.5048483687579285,0.1092446915478795,437531,561612,0.0422141516829664,0.9577858483170336,0.0,0.0,0.0,0.8907553084521205,0.1092446915478795,2029,target,group_aware,pairwise_unseen,G3_TCP_Control_Flags+G4_Rate_Header_Flow_Context,0.8,0.9998476877205076,0.0512838439308704
0.7735359202836831,0.8617350522182988,0.340509847991956,772873,226270,0.0744883053231255,0.9255116946768744,0.0,0.0,0.0,0.659490152008044,0.340509847991956,2029,target,group_aware,pairwise_unseen,G3_TCP_Control_Flags+G4_Rate_Header_Flow_Context,0.9,0.9987559866104704,0.0512838439308704
0.8735766551935008,0.942979713832398,0.5328325545631987,872828,126315,0.1032081922211478,0.8967918077788521,1.0,3.3301511888639744e-05,6.660080586975102e-05,0.4671674454368013,0.5328148104335483,2029,target,group_aware,pairwise_unseen,G3_TCP_Control_Flags+G4_Rate_Header_Flow_Context,0.95,0.9943904683862472,0.0512838439308704
0.7802607572347481,0.8704910908300739,0.4265871715914303,117178,33000,0.0,1.0,1.0,1.0,1.0,0.5734128284085698,0.0,2030,source,ordinary_baseline,complete,,0.8,0.99999313308112,5.138261448740561e-06
0.8798492455619332,0.9462357503426604,0.6196357203695211,132134,18044,0.0,1.0,1.0,1.0,1.0,0.3803642796304789,0.0,2030,source,ordinary_baseline,complete,,0.9,0.999956403000435,5.138261448740561e-06
0.9498994526495226,0.984964731053388,0.8124549564305837,142654,7524,0.0,1.0,1.0,1.0,1.0,0.1875450435694162,0.0,2030,source,ordinary_baseline,complete,,0.95,0.9996618815646892,5.138261448740561e-06
0.9016899945398128,0.963368769431351,0.6599292406473171,135414,14764,0.0,1.0,1.0,1.0,1.0,0.3400707593526829,0.0,2030,source,group_aware,complete,,0.8,0.9997990723404052,1.2074652699859812e-05
0.9392720638176032,0.9921689566409252,0.7319334337941427,141058,9120,3.5446412114165804e-05,0.9999645535878858,0.9998657357679914,0.9999104865058408,0.999888110636203,0.2680665662058573,6.551791915088777e-05,2030,source,group_aware,complete,,0.9,0.9984764472253698,1.2074652699859812e-05
0.9903980609676516,0.9961638752381908,0.9677979427373388,148736,1442,0.0003294427710843,0.9996705572289156,0.9986137408709764,0.9997292082726872,0.9991711632470104,0.0322020572626613,0.0002620716766035,2030,source,group_aware,complete,,0.95,0.994177206936823,1.2074652699859812e-05
0.6300057265378418,0.7907347975796476,0.0,94613,55565,0.0,1.0,0.0,0.0,0.0,1.0,0.0,2030,source,ordinary_baseline,single,G1_Packet_Byte_Magnitude,0.8,0.99999313308112,0.0140507031252653
0.7441835688316532,0.9333065891084144,0.002882788442639,111760,38418,0.0007874015748031,0.9992125984251968,0.0,0.0,0.0,0.9971172115573608,0.002882788442639,2030,source,ordinary_baseline,single,G1_Packet_Byte_Magnitude,0.9,0.999956403000435,0.0140507031252653
0.7924529558257535,0.981237254705312,0.0524798532398611,119009,31169,0.0134611668025107,0.9865388331974893,0.0,0.0,0.0,0.9475201467601388,0.0524798532398611,2030,source,ordinary_baseline,single,G1_Packet_Byte_Magnitude,0.95,0.9996618815646892,0.0140507031252653
0.72169026089041,0.8353475077725404,0.2761907881805673,108382,41796,0.0,1.0,1.0,1.0,1.0,0.7238092118194326,0.0,2030,source,group_aware,single,G1_Packet_Byte_Magnitude,0.8,0.9997990723404052,2.334402974988009e-05
0.8501245189042337,0.9423829104402768,0.4885016051890192,127670,22508,1.5665387326701653e-05,0.9999843346126732,1.0,0.9998658798283262,0.9999329354168064,0.5114983948109808,6.551791915088777e-05,2030,source,group_aware,single,G1_Packet_Byte_Magnitude,0.9,0.9984764472253698,2.334402974988009e-05
0.9196819773868344,0.9757212583157824,0.7000262071676604,138116,12062,6.516261693069594e-05,0.9999348373830692,0.999812804193186,0.9997660161916796,0.9997894096450384,0.2999737928323396,0.0001637947978772,2030,source,group_aware,single,G1_Packet_Byte_Magnitude,0.95,0.994177206936823,2.334402974988009e-05
0.7103104316211429,0.8652676094005951,0.1029286509860446,106673,43505,0.0,1.0,1.0,1.0,1.0,0.8970713490139554,0.0,2030,source,ordinary_baseline,single,G2_Temporal_Activity,0.8,0.99999313308112,0.0002883768097907
0.8128953641678541,0.919558385986026,0.3948109808032496,122079,28099,8.19141703323258e-06,0.9999918085829668,0.9999170331037917,1.0,0.999958514830948,0.6051890191967503,0.0,2030,source,ordinary_baseline,single,G2_Temporal_Activity,0.9,0.999956403000435,0.0002883768097907
0.8463822930122921,0.9570588038645405,0.4125663368931402,127108,23070,3.146930169619536e-05,0.9999685306983038,0.999920584498094,0.9997617913292044,0.9998411816088304,0.5874336631068597,9.827687872633164e-05,2030,source,ordinary_baseline,single,G2_Temporal_Activity,0.95,0.9996618815646892,0.0002883768097907
0.8233762601712634,0.8958813893624845,0.5391797156522309,123653,26525,1.6174294194237098e-05,0.9999838257058058,0.9999392429673736,0.9999392429673736,0.9999392429673736,0.4608202843477691,3.2758959575443885e-05,2030,source,group_aware,single,G2_Temporal_Activity,0.8,0.9997990723404052,2.3024025270549225e-05
0.9074365086763708,0.9738575201417444,0.6470877284937431,136277,13901,2.2013986219244627e-05,0.9999779860137809,0.999949372215472,0.9998987495570292,0.9999240602455386,0.352912271506257,6.551791915088777e-05,2030,source,group_aware,single,G2_Temporal_Activity,0.9,0.9984764472253698,2.3024025270549225e-05
0.9661601566141512,0.9862434393073246,0.8874402148987748,145096,5082,0.0002136516513205,0.9997863483486796,0.9991146198398938,0.9997416020671834,0.9994280126206248,0.1125597851012251,0.0002293127170281,2030,source,group_aware,single,G2_Temporal_Activity,0.95,0.994177206936823,2.3024025270549225e-05
0.750049940736992,0.8666131782168288,0.2931599292406473,112641,37537,0.0,1.0,1.0,1.0,1.0,0.7068400707593527,0.0,2030,source,ordinary_baseline,single,G3_TCP_Control_Flags,0.8,0.99999313308112,7.622238976182256e-06
0.8532541384224054,0.943895630662254,0.4979689445063224,128140,22038,0.0,1.0,1.0,1.0,1.0,0.5020310554936775,0.0,2030,source,ordinary_baseline,single,G3_TCP_Control_Flags,0.9,0.999956403000435,7.622238976182256e-06
0.937747206648111,0.9832597867148064,0.7593526829587892,140829,9349,0.0,1.0,1.0,1.0,1.0,0.2406473170412107,0.0,2030,source,ordinary_baseline,single,G3_TCP_Control_Flags,0.95,0.9996618815646892,7.622238976182256e-06
0.8909693829988413,0.9534316183599104,0.6461377186660552,133804,16374,0.0,1.0,1.0,1.0,1.0,0.3538622813339448,0.0,2030,source,group_aware,single,G3_TCP_Control_Flags,0.8,0.9997990723404052,8.662714646666383e-06
0.9282118552650854,0.9890432253535252,0.6897726528205465,139397,10781,1.434751106551791e-05,0.9999856524889345,0.9999525075987842,0.9999525075987842,0.9999525075987842,0.3102273471794536,3.2758959575443885e-05,2030,source,group_aware,single,G3_TCP_Control_Flags,0.9,0.9984764472253698,8.662714646666383e-06
0.9820879223321658,0.9951943970848794,0.9307148004979362,147488,2690,0.0001695053156866,0.9998304946843132,0.9992261695392192,0.9998944070958432,0.9995601766330642,0.0692851995020638,9.827687872633164e-05,2030,source,group_aware,single,G3_TCP_Control_Flags,0.95,0.994177206936823,8.662714646666383e-06
0.0026102358534539,0.0032761675525691,0.0,392,149786,0.0,1.0,0.0,0.0,0.0,1.0,0.0,2030,source,ordinary_baseline,single,G4_Rate_Header_Flow_Context,0.8,0.99999313308112,0.0222518952433641
0.105454860232524,0.1323421254972754,6.551791915088777e-05,15837,134341,0.0001262865441687,0.9998737134558312,0.5,1.0,0.6666666666666666,0.9999344820808492,0.0,2030,source,ordinary_baseline,single,G4_Rate_Header_Flow_Context,0.9,0.999956403000435,0.0222518952433641
0.2710583440983366,0.336133119379534,0.0159863722728166,40707,109471,4.913159898788906e-05,0.999950868401012,0.9959183673469388,1.0,0.9979550102249488,0.9840136277271834,0.0,2030,source,ordinary_baseline,single,G4_Rate_Header_Flow_Context,0.95,0.9996618815646892,0.0222518952433641
0.5799118379522966,0.6323671982081369,0.3743038721090218,87090,63088,0.0,1.0,1.0,1.0,1.0,0.6256961278909782,0.0,2030,source,group_aware,single,G4_Rate_Header_Flow_Context,0.8,0.9997990723404052,0.0012786503460563
0.7766983179959781,0.8283605790124695,0.5741990434383804,116643,33535,0.0001028780123968,0.9998971219876032,1.0,0.9993153811045185,0.9996575733363772,0.4258009565616196,0.0003931075149053,2030,source,group_aware,single,G4_Rate_Header_Flow_Context,0.9,0.9984764472253698,0.0012786503460563
0.8570363169039407,0.9145856316651624,0.6314617047762563,128708,21470,0.0004040152904248,0.9995959847095752,0.999947987100801,0.9973542228678148,0.9986494208093086,0.3685382952237437,0.0016707069383476,2030,source,group_aware,single,G4_Rate_Header_Flow_Context,0.95,0.994177206936823,0.0012786503460563
0.5260757234748099,0.6559104737070839,0.0171656948175325,79005,71173,0.0066324916144547,0.9933675083855452,0.0,0.0,0.0,0.9828343051824674,0.0171656948175325,2030,source,ordinary_baseline,pairwise_unseen,G1_Packet_Byte_Magnitude+G2_Temporal_Activity,0.8,0.99999313308112,0.0285047282146083
0.7575543688156721,0.9045732624611372,0.1812880822905064,113768,36410,0.048642852120104,0.951357147879896,0.0,0.0,0.0,0.8187119177094936,0.1812880822905064,2030,source,ordinary_baseline,pairwise_unseen,G1_Packet_Byte_Magnitude+G2_Temporal_Activity,0.9,0.999956403000435,0.0285047282146083
0.8303080344657673,0.9709072978303748,0.2792046124615082,124694,25484,0.0683513240412529,0.931648675958747,0.0,0.0,0.0,0.7207953875384918,0.2792046124615082,2030,source,ordinary_baseline,pairwise_unseen,G1_Packet_Byte_Magnitude+G2_Temporal_Activity,0.95,0.9996618815646892,0.0285047282146083
0.5806975722143057,0.7288386320328955,3.2758959575443885e-05,87208,62970,1.1466837904779376e-05,0.9999885331620952,0.0,0.0,0.0,0.9999672410404246,3.2758959575443885e-05,2030,source,group_aware,pairwise_unseen,G1_Packet_Byte_Magnitude+G2_Temporal_Activity,0.8,0.9997990723404052,0.0001368578619316
0.7064283716656234,0.8683766255474209,0.0716438445914957,106090,44088,1.8851918182675087e-05,0.9999811480818174,1.0,0.9990855052583448,0.9995425434583716,0.9283561554085042,6.551791915088777e-05,2030,source,group_aware,pairwise_unseen,G1_Packet_Byte_Magnitude+G2_Temporal_Activity,0.9,0.9984764472253698,0.0001368578619316
0.8078080677595919,0.9095627319225754,0.4089628513398414,121315,28863,5.770102625396695e-05,0.999942298973746,1.0,0.99943928228132,0.9997195625175274,0.5910371486601586,0.0002293127170281,2030,source,group_aware,pairwise_unseen,G1_Packet_Byte_Magnitude+G2_Temporal_Activity,0.95,0.994177206936823,0.0001368578619316
0.6392347747339824,0.8021178083107678,0.0007862150298106,95999,54179,0.0002500026041937,0.9997499973958062,0.0,0.0,0.0,0.9992137849701892,0.0007862150298106,2030,source,ordinary_baseline,pairwise_unseen,G1_Packet_Byte_Magnitude+G3_TCP_Control_Flags,0.8,0.99999313308112,0.0166133761806463
0.7502363861550959,0.9358222177648514,0.0228002358645089,112669,37509,0.006177386858852,0.993822613141148,0.0,0.0,0.0,0.977199764135491,0.0228002358645089,2030,source,ordinary_baseline,pairwise_unseen,G1_Packet_Byte_Magnitude+G3_TCP_Control_Flags,0.9,0.999956403000435,0.0166133761806463
0.8175365233256535,0.98354394410457,0.1668413811177357,122776,27402,0.0414820486088486,0.9585179513911514,0.0,0.0,0.0,0.8331586188822643,0.1668413811177357,2030,source,ordinary_baseline,pairwise_unseen,G1_Packet_Byte_Magnitude+G3_TCP_Control_Flags,0.95,0.9996618815646892,0.0166133761806463
0.7036183728642011,0.8143115033597432,0.2697372731442049,105668,44510,0.0,1.0,1.0,1.0,1.0,0.7302627268557951,0.0,2030,source,group_aware,pairwise_unseen,G1_Packet_Byte_Magnitude+G3_TCP_Control_Flags,0.8,0.9997990723404052,2.3034451659728813e-05
0.8109842986322897,0.929403603784308,0.3468191050252244,121792,28386,1.6421439831844456e-05,0.9999835785601682,1.0,0.9998110890715028,0.9999055356130738,0.6531808949747756,6.551791915088777e-05,2030,source,group_aware,pairwise_unseen,G1_Packet_Byte_Magnitude+G3_TCP_Control_Flags,0.9,0.9984764472253698,2.3034451659728813e-05
0.8671776158958037,0.9658676829472136,0.4803446242547337,130231,19947,3.8393316491465166e-05,0.9999616066835084,1.0,0.999659005660506,0.9998294737560112,0.5196553757452663,0.0001637947978772,2030,source,group_aware,pairwise_unseen,G1_Packet_Byte_Magnitude+G3_TCP_Control_Flags,0.95,0.994177206936823,2.3034451659728813e-05
0.0,0.0,0.0,0,150178,,,,,,1.0,0.0,2030,source,ordinary_baseline,pairwise_unseen,G1_Packet_Byte_Magnitude+G4_Rate_Header_Flow_Context,0.8,0.99999313308112,0.0539068459464977
0.0020242645394132,0.0025407013672984,0.0,304,149874,0.0,1.0,0.0,0.0,0.0,1.0,0.0,2030,source,ordinary_baseline,pairwise_unseen,G1_Packet_Byte_Magnitude+G4_Rate_Header_Flow_Context,0.9,0.999956403000435,0.0539068459464977
0.1463197006219286,0.1832397285461171,0.0016051890191967,21974,128204,0.0022299080731773,0.9977700919268226,0.0,0.0,0.0,0.9983948109808032,0.0016051890191967,2030,source,ordinary_baseline,pairwise_unseen,G1_Packet_Byte_Magnitude+G4_Rate_Header_Flow_Context,0.95,0.9996618815646892,0.0539068459464977
0.0,0.0,0.0,0,150178,,,,,,1.0,0.0,2030,source,group_aware,pairwise_unseen,G1_Packet_Byte_Magnitude+G4_Rate_Header_Flow_Context,0.8,0.9997990723404052,0.023426905456194
0.0072647125411178,0.0091181091832982,0.0,1091,149087,0.0,1.0,0.0,0.0,0.0,1.0,0.0,2030,source,group_aware,pairwise_unseen,G1_Packet_Byte_Magnitude+G4_Rate_Header_Flow_Context,0.9,0.9984764472253698,0.023426905456194
0.0816497755996217,0.1024805268612309,0.0,12262,137916,0.0,1.0,0.0,0.0,0.0,1.0,0.0,2030,source,group_aware,pairwise_unseen,G1_Packet_Byte_Magnitude+G4_Rate_Header_Flow_Context,0.95,0.994177206936823,0.023426905456194
0.722615829215997,0.8826597131681877,0.0952958134049662,108521,41657,0.0,1.0,1.0,1.0,1.0,0.9047041865950336,0.0,2030,source,ordinary_baseline,pairwise_unseen,G2_Temporal_Activity+G3_TCP_Control_Flags,0.8,0.99999313308112,0.0010784389429197
0.7906750655888346,0.93128405709892,0.2395335124156457,118742,31436,8.421619982819896e-06,0.9999915783800172,1.0,0.999863238512035,0.9999316145797716,0.7604664875843543,3.2758959575443885e-05,2030,source,ordinary_baseline,pairwise_unseen,G2_Temporal_Activity+G3_TCP_Control_Flags,0.9,0.999956403000435,0.0010784389429197
0.8480336667154976,0.9606274863771604,0.4067024831291358,127356,22822,0.0002983762052828,0.9997016237947172,0.9999192180305356,0.9970197341925092,0.9984673711381786,0.5932975168708642,0.0012120815042914,2030,source,ordinary_baseline,pairwise_unseen,G2_Temporal_Activity+G3_TCP_Control_Flags,0.95,0.9996618815646892,0.0010784389429197
0.80809439465168,0.8834954701969043,0.512546681517395,121358,28820,1.648016612007449e-05,0.99998351983388,0.9999360859005496,0.9999360859005496,0.9999360859005496,0.487453318482605,3.2758959575443885e-05,2030,source,group_aware,pairwise_unseen,G2_Temporal_Activity+G3_TCP_Control_Flags,0.8,0.9997990723404052,2.3942168514771404e-05
0.920860578779848,0.9672550396148832,0.7390093690624385,138293,11885,2.169307195591968e-05,0.999978306928044,0.9999556698288856,0.999911343587925,0.9999335062171688,0.2609906309375614,6.551791915088777e-05,2030,source,group_aware,pairwise_unseen,G2_Temporal_Activity+G3_TCP_Control_Flags,0.9,0.9984764472253698,2.3942168514771404e-05
0.946083980343326,0.9843964162738608,0.7959116818449846,142081,8097,5.6305910009079326e-05,0.999943694089991,0.9997942217466458,0.9998765228844254,0.9998353706218874,0.2040883181550154,9.827687872633164e-05,2030,source,group_aware,pairwise_unseen,G2_Temporal_Activity+G3_TCP_Control_Flags,0.95,0.994177206936823,2.3942168514771404e-05
0.0,0.0,0.0,0,150178,,,,,,1.0,0.0,2030,source,ordinary_baseline,pairwise_unseen,G2_Temporal_Activity+G4_Rate_Header_Flow_Context,0.8,0.99999313308112,0.0113983882764775
2.663505972912144e-05,3.343028114866446e-05,0.0,4,150174,0.0,1.0,0.0,0.0,0.0,1.0,0.0,2030,source,ordinary_baseline,pairwise_unseen,G2_Temporal_Activity+G4_Rate_Header_Flow_Context,0.9,0.999956403000435,0.0113983882764775
0.1392680685586437,0.1747985825560793,0.0,20915,129263,0.0,1.0,0.0,0.0,0.0,1.0,0.0,2030,source,ordinary_baseline,pairwise_unseen,G2_Temporal_Activity+G4_Rate_Header_Flow_Context,0.95,0.9996618815646892,0.0113983882764775
0.4450851656034839,0.5341323170527864,0.0960492694752014,66842,83336,1.4960653481344066e-05,0.9999850393465186,1.0,0.9996589358799456,0.9998294388538292,0.9039507305247986,3.2758959575443885e-05,2030,source,group_aware,pairwise_unseen,G2_Temporal_Activity+G4_Rate_Header_Flow_Context,0.8,0.9997990723404052,0.0021179712522783
0.6274154669791847,0.7263898639387557,0.2394679944964947,94224,55954,5.306503650874512e-05,0.9999469349634912,1.0,0.9993160054719562,0.9996578857338352,0.7605320055035052,0.0001637947978772,2030,source,group_aware,pairwise_unseen,G2_Temporal_Activity+G4_Rate_Header_Flow_Context,0.9,0.9984764472253698,0.0021179712522783
0.7651653371332685,0.8596680373081937,0.3947454628840988,114911,35267,0.000609167094534,0.999390832905466,0.999916541478885,0.9942738589211618,0.9970872170439414,0.6052545371159012,0.0022603682107056,2030,source,group_aware,pairwise_unseen,G2_Temporal_Activity+G4_Rate_Header_Flow_Context,0.95,0.994177206936823,0.0021179712522783
0.0027167760923703,0.0034098886771637,0.0,408,149770,0.0,1.0,0.0,0.0,0.0,1.0,0.0,2030,source,ordinary_baseline,pairwise_unseen,G3_TCP_Control_Flags+G4_Rate_Header_Flow_Context,0.8,0.99999313308112,0.0252604996793541
0.1048089600340928,0.1315314411794203,6.551791915088777e-05,15740,134438,0.0001270648030495,0.9998729351969504,0.5,1.0,0.6666666666666666,0.9999344820808492,0.0,2030,source,ordinary_baseline,pairwise_unseen,G3_TCP_Control_Flags+G4_Rate_Header_Flow_Context,0.9,0.999956403000435,0.0252604996793541
0.2670697439039007,0.3313191588941263,0.0152329162025814,40108,110070,0.0012217014062032,0.9987782985937969,0.9046692607003892,1.0,0.9499489274770172,0.9847670837974186,0.0,2030,source,ordinary_baseline,pairwise_unseen,G3_TCP_Control_Flags+G4_Rate_Header_Flow_Context,0.95,0.9996618815646892,0.0252604996793541
0.5741919588754678,0.6260572326413265,0.3708969403131756,86231,63947,1.1596757546589974e-05,0.9999884032424534,1.0,0.9999116763822646,0.9999558362407808,0.6291030596868243,3.2758959575443885e-05,2030,source,group_aware,pairwise_unseen,G3_TCP_Control_Flags+G4_Rate_Header_Flow_Context,0.8,0.9997990723404052,0.0015428816774795
0.7380708226238197,0.8185487914953364,0.4226233374828015,110842,39336,4.5109254614676746e-05,0.9999548907453852,1.0,0.9996124331447176,0.9998061790130636,0.5773766625171984,0.0001637947978772,2030,source,group_aware,pairwise_unseen,G3_TCP_Control_Flags+G4_Rate_Header_Flow_Context,0.9,0.9984764472253698,0.0015428816774795
0.8419808493920548,0.8994667870156788,0.6166546550481556,126447,23731,0.0003400634257831,0.9996599365742168,0.9999467603684182,0.9977688057798556,0.998856595846518,0.3833453449518443,0.0013758763021686,2030,source,group_aware,pairwise_unseen,G3_TCP_Control_Flags+G4_Rate_Header_Flow_Context,0.95,0.994177206936823,0.0015428816774795
0.6049974828427963,0.6707120939965521,0.282362335127462,604479,394664,0.0789754482786002,0.9210245517213996,0.0,0.0,0.0,0.717637664872538,0.282362335127462,2030,target,ordinary_baseline,complete,,0.8,0.99999313308112,0.0614057722257102
0.6918268956495717,0.7619944269961798,0.3473295084876087,691234,307909,0.0849538651165885,0.9150461348834114,0.0,0.0,0.0,0.6526704915123913,0.3473295084876087,2030,target,ordinary_baseline,complete,,0.9,0.999956403000435,0.0614057722257102
0.7923970843012461,0.8752844629327782,0.3854498136866386,791718,207425,0.0819281612897521,0.918071838710248,1.0,0.004664866191996,0.0092864125122189,0.6145501863133613,0.3836517418820607,2030,target,ordinary_baseline,complete,,0.95,0.9996618815646892,0.0614057722257102
0.7929795835030621,0.8830416120027997,0.350807357899095,792300,206843,0.0745058689890193,0.9254941310109808,1.0,0.0047208780833234,0.0093973922236579,0.649192642100905,0.3491512391317206,2030,target,group_aware,complete,,0.8,0.9997990723404052,0.0581311914112963
0.8639353926314852,0.956818255743772,0.4079138818240965,863195,135948,0.0792648242865169,0.9207351757134832,1.0,0.0079024446828872,0.0156809713570514,0.5920861181759035,0.4046903649375998,2030,target,group_aware,complete,,0.9,0.9984764472253698,0.0581311914112963
0.8993387332944334,0.9931319293604296,0.438847814514698,898568,100575,0.081520819793271,0.9184791802067288,0.9978902953586498,0.0127500134778155,0.0251783242840413,0.561152185485302,0.4332524989649258,2030,target,group_aware,complete,,0.95,0.994177206936823,0.0581311914112963
0.4009696309737445,0.4246843349922236,0.2845389483645827,400626,598517,0.1200795754643982,0.8799204245356018,0.0,0.0,0.0,0.7154610516354173,0.2845389483645827,2030,target,ordinary_baseline,single,G1_Packet_Byte_Magnitude,0.8,0.99999313308112,0.0999431907026031
0.6591588991765943,0.7223304456355043,0.3490092860945171,658594,340549,0.0895954108297373,0.9104045891702628,0.0,0.0,0.0,0.6509907139054829,0.3490092860945171,2030,target,ordinary_baseline,single,G1_Packet_Byte_Magnitude,0.9,0.999956403000435,0.0999431907026031
0.8543661918263952,0.926157097026406,0.5018986218725972,853634,145509,0.0994056000581045,0.9005943999418955,0.0,0.0,0.0,0.4981013781274028,0.5018986218725972,2030,target,ordinary_baseline,single,G1_Packet_Byte_Magnitude,0.95,0.9996618815646892,0.0999431907026031
0.5616092991693882,0.6317661217748318,0.2171644880818596,561128,438015,0.0654324859925008,0.9345675140074992,0.0,0.0,0.0,0.7828355119181404,0.2171644880818596,2030,target,group_aware,single,G1_Packet_Byte_Magnitude,0.8,0.9997990723404052,0.0589860443493553
0.7370446472627041,0.8286235066072503,0.287425326787721,736413,262730,0.0659045942969502,0.9340954057030498,1.0,0.0012758514250437,0.002548451404731,0.712574673212279,0.2870586147749452,2030,target,group_aware,single,G1_Packet_Byte_Magnitude,0.9,0.9984764472253698,0.0589860443493553
0.7791657450435023,0.8777962902058012,0.294925178919974,778498,220645,0.0633874460820708,0.9366125539179292,0.9640287769784172,0.0107494535025971,0.0212618258989666,0.7050748210800261,0.2917548944224286,2030,target,group_aware,single,G1_Packet_Byte_Magnitude,0.95,0.994177206936823,0.0589860443493553
0.6651950721768556,0.7309296893164818,0.3424617022535045,664625,334518,0.0871167951852548,0.9128832048147452,0.0,0.0,0.0,0.6575382977464955,0.3424617022535045,2030,target,ordinary_baseline,single,G2_Temporal_Activity,0.8,0.99999313308112,0.0499815912498845
0.8157420909719629,0.9105367841141684,0.3503341811084166,815043,184100,0.0726722393787812,0.9273277606212188,0.0,0.0,0.0,0.6496658188915834,0.3503341811084166,2030,target,ordinary_baseline,single,G2_Temporal_Activity,0.9,0.999956403000435,0.0499815912498845
0.8867969850161589,0.960303491379674,0.5259064292896434,886037,113106,0.1003513397296049,0.899648660270395,0.0,0.0,0.0,0.4740935707103567,0.5259064292896434,2030,target,ordinary_baseline,single,G2_Temporal_Activity,0.95,0.9996618815646892,0.0499815912498845
0.7902142135810389,0.8804454547973491,0.347211214289939,789537,209606,0.0743511703694697,0.9256488296305304,0.0,0.0,0.0,0.6527887857100609,0.347211214289939,2030,target,group_aware,single,G2_Temporal_Activity,0.8,0.9997990723404052,0.0480054195933426
0.8527107731325746,0.9538329761358338,0.3562370615721298,851980,147163,0.0706929740134744,0.9293070259865256,0.0,0.0,0.0,0.6437629384278701,0.3562370615721298,2030,target,group_aware,single,G2_Temporal_Activity,0.9,0.9984764472253698,0.0480054195933426
0.908270387722278,0.979995735314846,0.5561246820843437,907492,91651,0.1034400303253362,0.8965599696746638,1.0,0.0016272441078873,0.0032492009726366,0.4438753179156562,0.5552197314721713,2030,target,group_aware,single,G2_Temporal_Activity,0.95,0.994177206936823,0.0480054195933426
0.6175282216859849,0.6851505831414827,0.2855267049151239,616999,382144,0.0782399971474832,0.9217600028525168,0.0,0.0,0.0,0.7144732950848761,0.2855267049151239,2030,target,ordinary_baseline,single,G3_TCP_Control_Flags,0.8,0.99999313308112,0.0687026708441646
0.7167732746964148,0.7906581710283312,0.3540249600757083,716159,282984,0.08357780883854,0.91642219116146,0.0,0.0,0.0,0.6459750399242917,0.3540249600757083,2030,target,ordinary_baseline,single,G3_TCP_Control_Flags,0.9,0.999956403000435,0.0687026708441646
0.8208724877219777,0.9010846034023514,0.427059797716922,820169,178974,0.0879757708472278,0.912024229152772,1.0,0.0006647923216486,0.0013287013328535,0.5729402022830781,0.4267758916425149,2030,target,ordinary_baseline,single,G3_TCP_Control_Flags,0.95,0.9996618815646892,0.0687026708441646
0.7937462405281326,0.8842354829033109,0.349476548175312,793066,206077,0.074440210524723,0.925559789475277,1.0,0.0008462241478522,0.0016910173160173,0.650523451824688,0.349180812681138,2030,target,group_aware,single,G3_TCP_Control_Flags,0.8,0.9997990723404052,0.0559671148502784
0.8693300158235608,0.9628876014519204,0.4099958597030815,868585,130558,0.0792127425640553,0.9207872574359448,1.0,0.007429527684007,0.0147494737445047,0.5900041402969184,0.4069497841130892,2030,target,group_aware,single,G3_TCP_Control_Flags,0.9,0.9984764472253698,0.0559671148502784
0.9057422210834686,0.9949727313139928,0.4676524516472467,904966,94177,0.086344680352632,0.913655319647368,0.9989235737351992,0.0117370298231856,0.0232014500906306,0.5323475483527533,0.462163600875377,2030,target,group_aware,single,G3_TCP_Control_Flags,0.95,0.994177206936823,0.0559671148502784
0.001914640847206,0.0022829317421479,0.0001064647779026,1913,997230,0.0094093047569262,0.9905906952430736,0.0,0.0,0.0,0.9998935352220972,0.0001064647779026,2030,target,ordinary_baseline,single,G4_Rate_Header_Flow_Context,0.8,0.99999313308112,0.0809825327093529
0.1112043020868884,0.1324618437173598,0.0068374046253031,111109,888034,0.0104041976797559,0.989595802320244,0.0,0.0,0.0,0.9931625953746968,0.0068374046253031,2030,target,ordinary_baseline,single,G4_Rate_Header_Flow_Context,0.9,0.999956403000435,0.0809825327093529
0.3072623238115065,0.3586311083483019,0.0550600343053173,306999,692144,0.0292899976872888,0.9707100023127112,1.0,0.0340530669244816,0.0658632869312279,0.9449399656946826,0.053185071272254,2030,target,ordinary_baseline,single,G4_Rate_Header_Flow_Context,0.95,0.9996618815646892,0.0809825327093529
0.451397847955698,0.5259284424381951,0.085479387236056,451011,548132,0.0320435643476544,0.9679564356523456,0.0,0.0,0.0,0.914520612763944,0.085479387236056,2030,target,group_aware,single,G4_Rate_Header_Flow_Context,0.8,0.9997990723404052,0.0509125858879111
0.7504611452014376,0.8381467654049704,0.3199562311468622,749818,249325,0.0721441736528064,0.9278558263471935,0.0,0.0,0.0,0.6800437688531378,0.3199562311468622,2030,target,group_aware,single,G4_Rate_Header_Flow_Context,0.9,0.9984764472253698,0.0509125858879111
0.8645619295736446,0.9331914181041908,0.5276157804459691,863821,135322,0.1032621341690002,0.8967378658309997,1.0,4.4841038518452086e-05,8.96780557797507e-05,0.4723842195540308,0.5275921216064352,2030,target,group_aware,single,G4_Rate_Header_Flow_Context,0.95,0.994177206936823,0.0509125858879111
0.574181073179715,0.6225344036006472,0.3367835807653634,573689,425454,0.0992523823883672,0.9007476176116328,0.0,0.0,0.0,0.6632164192346366,0.3367835807653634,2030,target,ordinary_baseline,pairwise_unseen,G1_Packet_Byte_Magnitude+G2_Temporal_Activity,0.8,0.99999313308112,0.0985214080136569
0.8154308242163534,0.8793973542086058,0.5013781274028509,814732,184411,0.1040440292022407,0.8959559707977592,0.0,0.0,0.0,0.4986218725971491,0.5013781274028509,2030,target,ordinary_baseline,pairwise_unseen,G1_Packet_Byte_Magnitude+G2_Temporal_Activity,0.9,0.999956403000435,0.0985214080136569
0.8950530604728252,0.9469347876632536,0.6403324066954516,894286,104857,0.121058587521218,0.878941412478782,0.0,0.0,0.0,0.3596675933045484,0.6403324066954516,2030,target,ordinary_baseline,pairwise_unseen,G1_Packet_Byte_Magnitude+G2_Temporal_Activity,0.95,0.9996618815646892,0.0985214080136569
0.4937241215721873,0.5880181622580183,0.0307742355237475,493301,505842,0.0105473128982102,0.9894526871017898,0.0,0.0,0.0,0.9692257644762524,0.0307742355237475,2030,target,group_aware,pairwise_unseen,G1_Packet_Byte_Magnitude+G2_Temporal_Activity,0.8,0.9997990723404052,0.0411368700301272
0.7155932634267568,0.803223330960048,0.2853610930383864,714980,284163,0.0674788105961005,0.9325211894038994,0.0,0.0,0.0,0.7146389069616136,0.2853610930383864,2030,target,group_aware,pairwise_unseen,G1_Packet_Byte_Magnitude+G2_Temporal_Activity,0.9,0.9984764472253698,0.0411368700301272
0.7565743842473,0.8520118110093932,0.2880108830661856,755926,243217,0.0644163582149575,0.9355836417850424,0.0,0.0,0.0,0.7119891169338144,0.2880108830661856,2030,target,group_aware,pairwise_unseen,G1_Packet_Byte_Magnitude+G2_Temporal_Activity,0.95,0.994177206936823,0.0411368700301272
0.4258389439749865,0.4566995914817131,0.2743242443958124,425474,573669,0.109007835966475,0.890992164033525,0.0,0.0,0.0,0.7256757556041876,0.2743242443958124,2030,target,ordinary_baseline,pairwise_unseen,G1_Packet_Byte_Magnitude+G3_TCP_Control_Flags,0.8,0.99999313308112,0.1069002303498113
0.7016723331895435,0.7615968716004496,0.407464363872952,701071,298072,0.0982639418832044,0.9017360581167956,0.0,0.0,0.0,0.592535636127048,0.407464363872952,2030,target,ordinary_baseline,pairwise_unseen,G1_Packet_Byte_Magnitude+G3_TCP_Control_Flags,0.9,0.999956403000435,0.1069002303498113
0.8927300696697069,0.964311572596627,0.5412905896965754,891965,107178,0.1026004383580073,0.8973995616419926,0.0,0.0,0.0,0.4587094103034246,0.5412905896965754,2030,target,ordinary_baseline,pairwise_unseen,G1_Packet_Byte_Magnitude+G3_TCP_Control_Flags,0.95,0.9996618815646892,0.1069002303498113
0.5407604316899582,0.6081212134354448,0.2100431773821494,540297,458846,0.0657268132156943,0.9342731867843056,0.0,0.0,0.0,0.7899568226178506,0.2100431773821494,2030,target,group_aware,pairwise_unseen,G1_Packet_Byte_Magnitude+G3_TCP_Control_Flags,0.8,0.9997990723404052,0.054641970127963
0.7315939760374641,0.8222915333952556,0.2863015319098598,730967,268176,0.0662013469828323,0.9337986530171676,1.0,0.000289226319595,0.0005782853838369,0.7136984680901401,0.2862187259714911,2030,target,group_aware,pairwise_unseen,G1_Packet_Byte_Magnitude+G3_TCP_Control_Flags,0.9,0.9984764472253698,0.054641970127963
0.7786102690005334,0.8768457713960097,0.2963092210327083,777943,221200,0.0639057103155372,0.9360942896844628,1.0,0.0076252070982294,0.015135006636423,0.7036907789672917,0.2940498018572189,2030,target,group_aware,pairwise_unseen,G1_Packet_Byte_Magnitude+G3_TCP_Control_Flags,0.95,0.994177206936823,0.054641970127963
0.0,0.0,0.0,0,999143,,,,,,1.0,0.0,2030,target,ordinary_baseline,pairwise_unseen,G1_Packet_Byte_Magnitude+G4_Rate_Header_Flow_Context,0.8,0.99999313308112,0.166775172276093
0.0045609086987548,0.0036165493878249,0.0091973738688117,4557,994586,0.3412332675005486,0.6587667324994514,0.0,0.0,0.0,0.9908026261311884,0.0091973738688117,2030,target,ordinary_baseline,pairwise_unseen,G1_Packet_Byte_Magnitude+G4_Rate_Header_Flow_Context,0.9,0.999956403000435,0.166775172276093
0.2075528728119998,0.1972453025215854,0.2581593422842609,207375,791768,0.2104737793851717,0.7895262206148282,0.0,0.0,0.0,0.741840657715739,0.2581593422842609,2030,target,ordinary_baseline,pairwise_unseen,G1_Packet_Byte_Magnitude+G4_Rate_Header_Flow_Context,0.95,0.9996618815646892,0.166775172276093
0.0,0.0,0.0,0,999143,,,,,,1.0,0.0,2030,target,group_aware,pairwise_unseen,G1_Packet_Byte_Magnitude+G4_Rate_Header_Flow_Context,0.8,0.9997990723404052,0.2185997221426117
0.0031006572632746,0.003717745306738,7.097651860176259e-05,3098,996045,0.0038734667527437,0.9961265332472564,0.0,0.0,0.0,0.9999290234813982,7.097651860176259e-05,2030,target,group_aware,pairwise_unseen,G1_Packet_Byte_Magnitude+G4_Rate_Header_Flow_Context,0.9,0.9984764472253698,0.2185997221426117
0.0652559243271483,0.038170136843386,0.1982374164547229,65200,933943,0.5140490797546012,0.4859509202453987,0.0,0.0,0.0,0.8017625835452771,0.1982374164547229,2030,target,group_aware,pairwise_unseen,G1_Packet_Byte_Magnitude+G4_Rate_Header_Flow_Context,0.95,0.994177206936823,0.2185997221426117
0.726559661630017,0.8040762679908875,0.3459809546341752,725937,273206,0.0805786177037401,0.91942138229626,0.0,0.0,0.0,0.6540190453658248,0.3459809546341752,2030,target,ordinary_baseline,pairwise_unseen,G2_Temporal_Activity+G3_TCP_Control_Flags,0.8,0.99999313308112,0.0497017836445959
0.8500705104274363,0.9395378478760302,0.4108180043768853,849342,149801,0.0817774229933289,0.9182225770066712,0.0,0.0,0.0,0.5891819956231147,0.4108180043768853,2030,target,ordinary_baseline,pairwise_unseen,G2_Temporal_Activity+G3_TCP_Control_Flags,0.9,0.999956403000435,0.0497017836445959
0.9076418490646484,0.9626346116546376,0.6376471284083516,906864,92279,0.1188789057675682,0.8811210942324318,0.0,0.0,0.0,0.3623528715916484,0.6376471284083516,2030,target,ordinary_baseline,pairwise_unseen,G2_Temporal_Activity+G3_TCP_Control_Flags,0.95,0.9996618815646892,0.0497017836445959
0.7915223346407871,0.882191084398601,0.3463713254864849,790844,208299,0.0740487378041687,0.9259512621958312,0.0,0.0,0.0,0.6536286745135151,0.3463713254864849,2030,target,group_aware,pairwise_unseen,G2_Temporal_Activity+G3_TCP_Control_Flags,0.8,0.9997990723404052,0.0469095119037141
0.8518550397690821,0.95324146189552,0.3540841071745431,851125,148018,0.0703363195770304,0.9296636804229697,0.0,0.0,0.0,0.6459158928254569,0.3540841071745431,2030,target,group_aware,pairwise_unseen,G2_Temporal_Activity+G3_TCP_Control_Flags,0.9,0.9984764472253698,0.0469095119037141
0.9085886604820332,0.9803523304576828,0.5562548057017803,907810,91333,0.103428030094403,0.896571969905597,1.0,0.0016268634498011,0.0032484421278357,0.4437451942982197,0.5553498550896079,2030,target,group_aware,pairwise_unseen,G2_Temporal_Activity+G3_TCP_Control_Flags,0.95,0.994177206936823,0.0469095119037141
0.0,0.0,0.0,0,999143,,,,,,1.0,0.0,2030,target,ordinary_baseline,pairwise_unseen,G2_Temporal_Activity+G4_Rate_Header_Flow_Context,0.8,0.99999313308112,0.0519487775646634
0.0,0.0,0.0,0,999143,,,,,,1.0,0.0,2030,target,ordinary_baseline,pairwise_unseen,G2_Temporal_Activity+G4_Rate_Header_Flow_Context,0.9,0.999956403000435,0.0519487775646634
0.0684987033888042,0.0814193450455562,0.005062991660259,68440,930703,0.0125073056691992,0.9874926943308008,0.0,0.0,0.0,0.994937008339741,0.005062991660259,2030,target,ordinary_baseline,pairwise_unseen,G2_Temporal_Activity+G4_Rate_Header_Flow_Context,0.95,0.9996618815646892,0.0519487775646634
0.4826996736202926,0.5628348350084872,0.0892648015614834,482286,516857,0.0312926354901448,0.9687073645098552,0.0,0.0,0.0,0.9107351984385166,0.0892648015614834,2030,target,group_aware,pairwise_unseen,G2_Temporal_Activity+G4_Rate_Header_Flow_Context,0.8,0.9997990723404052,0.0448053762124824
0.6718197495253432,0.768028836018037,0.1994676761104867,671244,327899,0.050241044985132,0.949758955014868,0.0,0.0,0.0,0.8005323238895132,0.1994676761104867,2030,target,group_aware,pairwise_unseen,G2_Temporal_Activity+G4_Rate_Header_Flow_Context,0.9,0.9984764472253698,0.0448053762124824
0.9049355297489948,0.9757792386934644,0.5571183533447684,904160,94983,0.1041762519907981,0.895823748009202,0.0,0.0,0.0,0.4428816466552315,0.5571183533447684,2030,target,group_aware,pairwise_unseen,G2_Temporal_Activity+G4_Rate_Header_Flow_Context,0.95,0.994177206936823,0.0448053762124824
0.0019586785875495,0.0023359391282453,0.0001064647779026,1957,997186,0.0091977516607051,0.9908022483392948,0.0,0.0,0.0,0.9998935352220972,0.0001064647779026,2030,target,ordinary_baseline,pairwise_unseen,G3_TCP_Control_Flags+G4_Rate_Header_Flow_Context,0.8,0.99999313308112,0.0821631520316381
0.1105857720066096,0.131714921458715,0.00684923404507,110491,888652,0.0104804916237521,0.9895195083762478,0.0,0.0,0.0,0.99315076595493,0.00684923404507,2030,target,ordinary_baseline,pairwise_unseen,G3_TCP_Control_Flags+G4_Rate_Header_Flow_Context,0.9,0.999956403000435,0.0821631520316381
0.3052716177764344,0.3565288836042131,0.0536168450937481,305010,694133,0.0291105209665256,0.9708894790334744,1.0,0.0205184776613348,0.0402118689871365,0.9463831549062518,0.0525167090554208,2030,target,ordinary_baseline,pairwise_unseen,G3_TCP_Control_Flags+G4_Rate_Header_Flow_Context,0.95,0.9996618815646892,0.0821631520316381
0.4383626768140296,0.5121477267662001,0.0761045720707399,437987,561156,0.0293775842661996,0.9706224157338004,0.0,0.0,0.0,0.92389542792926,0.0761045720707399,2030,target,group_aware,pairwise_unseen,G3_TCP_Control_Flags+G4_Rate_Header_Flow_Context,0.8,0.9997990723404052,0.0511711205838146
0.7546117022288101,0.840468247973371,0.3330868870881883,753965,245178,0.0746917960382776,0.9253082039617224,0.0,0.0,0.0,0.6669131129118117,0.3330868870881883,2030,target,group_aware,pairwise_unseen,G3_TCP_Control_Flags+G4_Rate_Header_Flow_Context,0.9,0.9984764472253698,0.0511711205838146
0.8722815452843087,0.938242781056606,0.5484355592358194,871534,127609,0.1063882763036209,0.893611723696379,1.0,3.2354083085285365e-05,6.47060726649196e-05,0.4515644407641805,0.548417815106169,2030,target,group_aware,pairwise_unseen,G3_TCP_Control_Flags+G4_Rate_Header_Flow_Context,0.95,0.994177206936823,0.0511711205838146
0.7808733636085179,0.866721826630562,0.4443752866408962,117270,32908,0.0,1.0,1.0,1.0,1.0,0.5556247133591037,0.0,2031,source,ordinary_baseline,complete,,0.8,0.999992119126319,5.0736639109340655e-06
0.879443060901064,0.9442299334737404,0.6254995741335255,132073,18105,0.0,1.0,1.0,1.0,1.0,0.3745004258664745,0.0,2031,source,ordinary_baseline,complete,,0.9,0.9999520255472624,5.0736639109340655e-06
0.9503655661947822,0.9858004880821049,0.8114721876433204,142724,7454,0.0,1.0,1.0,1.0,1.0,0.1885278123566795,0.0,2031,source,ordinary_baseline,complete,,0.95,0.9996069097575088,5.0736639109340655e-06
0.9022493307941244,0.9641209507571958,0.6597326868898644,135498,14680,0.0,1.0,1.0,1.0,1.0,0.3402673131101356,0.0,2031,source,group_aware,complete,,0.8,0.999873190853904,1.2233658692877492e-05
0.9358028472878852,0.9917677932671414,0.7164384459149578,140537,9641,1.4231127745718209e-05,0.9999857688722544,0.9999542752629172,0.9999542752629172,0.9999542752629172,0.2835615540850422,3.2758959575443885e-05,2031,source,group_aware,complete,,0.9,0.9987869076714836,1.2233658692877492e-05
0.9634300629919162,0.9961889479490522,0.8350258795780646,144686,5492,0.0002073455621138,0.9997926544378862,0.9990982513918294,0.9997253825029424,0.999411718566162,0.1649741204219354,0.0002293127170281,2031,source,group_aware,complete,,0.95,0.994674236133652,1.2233658692877492e-05
0.5420367830174859,0.6803229365158961,0.0,81402,68776,0.0,1.0,0.0,0.0,0.0,1.0,0.0,2031,source,ordinary_baseline,single,G1_Packet_Byte_Magnitude,0.8,0.999992119126319,0.0142779565506192
0.7403547789955919,0.9286681375990372,0.0022276092511301,111185,38993,0.0006115932904618,0.999388406709538,0.0,0.0,0.0,0.9977723907488698,0.0022276092511301,2031,source,ordinary_baseline,single,G1_Packet_Byte_Magnitude,0.9,0.9999520255472624,0.0142779565506192
0.7900824355098617,0.9798916858890784,0.0460918561226495,118653,31525,0.0118581072539253,0.9881418927460748,0.0,0.0,0.0,0.9539081438773503,0.0460918561226495,2031,source,ordinary_baseline,single,G1_Packet_Byte_Magnitude,0.95,0.9996069097575088,0.0142779565506192
0.7244270132775773,0.8397352321733026,0.2724562667889668,108793,41385,0.0,1.0,1.0,1.0,1.0,0.7275437332110333,0.0,2031,source,group_aware,single,G1_Packet_Byte_Magnitude,0.8,0.999873190853904,1.847824451297446e-05
0.8587942308460627,0.948634373015077,0.5066500687938151,128972,21206,7.753620940979438e-06,0.999992246379059,1.0,0.9999353420406052,0.999967669975106,0.4933499312061848,3.2758959575443885e-05,2031,source,group_aware,single,G1_Packet_Byte_Magnitude,0.9,0.9987869076714836,1.847824451297446e-05
0.929124106060808,0.9822234479991976,0.7209919412959445,139534,10644,5.733369644674416e-05,0.9999426663035532,0.9999091115655532,0.999727384251897,0.99981823965102,0.2790080587040555,0.0001965537574526,2031,source,group_aware,single,G1_Packet_Byte_Magnitude,0.95,0.994674236133652,1.847824451297446e-05
0.7046305051339078,0.8532159930465015,0.1222236781759811,105820,44358,0.0,1.0,1.0,1.0,1.0,0.8777763218240189,0.0,2031,source,ordinary_baseline,single,G2_Temporal_Activity,0.8,0.999992119126319,0.0003783919054281
0.8124492269173914,0.9199846220706716,0.3909454235733473,122012,28166,0.0,1.0,1.0,1.0,1.0,0.6090545764266527,0.0,2031,source,ordinary_baseline,single,G2_Temporal_Activity,0.9,0.9999520255472624,0.0003783919054281
0.8493787372318182,0.9612960920001338,0.41069907619734,127558,22620,3.919785509336929e-05,0.9999608021449068,0.9999202170097335,0.9996809444045625,0.9998005663914484,0.5893009238026601,0.0001310358383017,2031,source,ordinary_baseline,single,G2_Temporal_Activity,0.95,0.9996069097575088,0.0003783919054281
0.8159850310964323,0.8882007822685789,0.5329227543733212,122543,27635,8.160400838889206e-06,0.9999918395991612,0.9999385334070932,1.0,0.999969265758982,0.4670772456266789,0.0,2031,source,group_aware,single,G2_Temporal_Activity,0.8,0.999873190853904,1.7204335732578206e-05
0.905046012065682,0.9708571524086518,0.6470877284937431,135918,14260,1.471475448432143e-05,0.9999852852455156,0.9999493747785146,0.9999493747785146,0.9999493747785146,0.352912271506257,3.2758959575443885e-05,2031,source,group_aware,single,G2_Temporal_Activity,0.9,0.9987869076714836,1.7204335732578206e-05
0.9555727203718254,0.9852488884431518,0.8392517853632968,143506,6672,6.271514779869831e-05,0.9999372848522012,0.999843859786088,0.9998048323509896,0.9998243456876866,0.1607482146367031,0.0001637947978772,2031,source,group_aware,single,G2_Temporal_Activity,0.95,0.994674236133652,1.7204335732578206e-05
0.7493907230086964,0.8693628188413065,0.2791390945423573,112542,37636,0.0,1.0,1.0,1.0,1.0,0.7208609054576427,0.0,2031,source,ordinary_baseline,single,G3_TCP_Control_Flags,0.8,0.999992119126319,1.0308880915231398e-05
0.8532275033626763,0.946962858957644,0.4858153705038328,128136,22042,0.0,1.0,1.0,1.0,1.0,0.5141846294961672,0.0,2031,source,ordinary_baseline,single,G3_TCP_Control_Flags,0.9,0.9999520255472624,1.0308880915231398e-05
0.9349771604362824,0.9852154581620032,0.7380593592347507,140413,9765,0.0,1.0,1.0,1.0,1.0,0.2619406407652493,0.0,2031,source,ordinary_baseline,single,G3_TCP_Control_Flags,0.95,0.9996069097575088,1.0308880915231398e-05
0.8930535764226452,0.9548022598870056,0.6510188036427963,134117,16061,0.0,1.0,1.0,1.0,1.0,0.3489811963572037,0.0,2031,source,group_aware,single,G3_TCP_Control_Flags,0.8,0.999873190853904,1.039403227620077e-05
0.929077494706282,0.9889262193695048,0.6944899429994104,139527,10651,1.4334143212424836e-05,0.9999856658567876,0.9999528301886792,0.9999528301886792,0.9999528301886792,0.3055100570005896,3.2758959575443885e-05,2031,source,group_aware,single,G3_TCP_Control_Flags,0.9,0.9987869076714836,1.039403227620077e-05
0.9577301602098842,0.9960552268244576,0.8075083535346917,143830,6348,0.0001112424389904,0.9998887575610096,0.999432325034466,0.9999188640973632,0.999675535366645,0.1924916464653082,6.551791915088777e-05,2031,source,group_aware,single,G3_TCP_Control_Flags,0.95,0.994674236133652,1.039403227620077e-05
0.0078440250902262,0.0098452177982816,0.0,1178,149000,0.0,1.0,0.0,0.0,0.0,1.0,0.0,2031,source,ordinary_baseline,single,G4_Rate_Header_Flow_Context,0.8,0.999992119126319,0.0201447541748292
0.120703431927446,0.151489319025173,3.2758959575443885e-05,18127,132051,0.0001103326529486,0.9998896673470512,0.3333333333333333,1.0,0.5,0.9999672410404246,0.0,2031,source,ordinary_baseline,single,G4_Rate_Header_Flow_Context,0.9,0.9999520255472624,0.0201447541748292
0.3183821864720532,0.3732407314545515,0.1033545174605254,47814,102364,4.182875308487054e-05,0.9999581712469152,0.9993664871713652,1.0,0.9996831432192648,0.8966454825394745,0.0,2031,source,ordinary_baseline,single,G4_Rate_Header_Flow_Context,0.95,0.9996069097575088,0.0201447541748292
0.5837273102584932,0.641376658977702,0.3577605975234226,87663,62515,0.0,1.0,1.0,1.0,1.0,0.6422394024765773,0.0,2031,source,group_aware,single,G4_Rate_Header_Flow_Context,0.8,0.999873190853904,0.0013872176475032
0.7746607359267003,0.8372948216494501,0.529155474022145,116337,33841,1.7191435226969924e-05,0.9999828085647732,1.0,0.99987618399059,0.9999380881624568,0.4708445259778549,6.551791915088777e-05,2031,source,group_aware,single,G4_Rate_Header_Flow_Context,0.9,0.9987869076714836,0.0013872176475032
0.8648270718747086,0.9185136897001304,0.654392976479067,129878,20300,0.0004003757372303,0.9995996242627696,0.9998996386993176,0.9974969963956748,0.9986968724939856,0.345607023520933,0.0016379479787721,2031,source,group_aware,single,G4_Rate_Header_Flow_Context,0.95,0.994674236133652,0.0013872176475032
0.4979024890463316,0.621903520208605,0.0118587433663106,74774,75404,0.0048412549816781,0.995158745018322,0.0,0.0,0.0,0.9881412566336892,0.0118587433663106,2031,source,ordinary_baseline,pairwise_unseen,G1_Packet_Byte_Magnitude+G2_Temporal_Activity,0.8,0.999992119126319,0.0283791735638832
0.7465207953228835,0.8993581386019457,0.1474480770490729,112111,38067,0.0401477107509521,0.959852289249048,0.0,0.0,0.0,0.8525519229509271,0.1474480770490729,2031,source,ordinary_baseline,pairwise_unseen,G1_Packet_Byte_Magnitude+G2_Temporal_Activity,0.9,0.9999520255472624,0.0283791735638832
0.8264326332751801,0.9671631063417244,0.2748149118783987,124112,26066,0.0675921748098491,0.9324078251901508,0.0,0.0,0.0,0.7251850881216012,0.2748149118783987,2031,source,ordinary_baseline,pairwise_unseen,G1_Packet_Byte_Magnitude+G2_Temporal_Activity,0.95,0.9996069097575088,0.0283791735638832
0.5885282797746674,0.7386754922608899,0.0,88384,61794,0.0,1.0,0.0,0.0,0.0,1.0,0.0,2031,source,group_aware,pairwise_unseen,G1_Packet_Byte_Magnitude+G2_Temporal_Activity,0.8,0.999873190853904,8.130302105409177e-05
0.736818974816551,0.8694463945441782,0.2169625892681648,110654,39524,0.0,1.0,1.0,1.0,1.0,0.7830374107318352,0.0,2031,source,group_aware,pairwise_unseen,G1_Packet_Byte_Magnitude+G2_Temporal_Activity,0.9,0.9987869076714836,8.130302105409177e-05
0.8030670271278083,0.905317086216695,0.4022800235864509,120603,29575,4.145833851562565e-05,0.9999585416614843,1.0,0.9995928338762216,0.9997963754836082,0.5977199764135491,0.0001637947978772,2031,source,group_aware,pairwise_unseen,G1_Packet_Byte_Magnitude+G2_Temporal_Activity,0.95,0.994674236133652,8.130302105409177e-05
0.5614004714405572,0.7041670845451811,0.0018017427766494,84310,65868,0.0006523544063574,0.9993476455936424,0.0,0.0,0.0,0.9981982572233504,0.0018017427766494,2031,source,ordinary_baseline,pairwise_unseen,G1_Packet_Byte_Magnitude+G3_TCP_Control_Flags,0.8,0.999992119126319,0.0171211965425972
0.7522872857542383,0.9367916959181628,0.0290899561029941,112977,37201,0.0078600069040601,0.99213999309594,0.0,0.0,0.0,0.970910043897006,0.0290899561029941,2031,source,ordinary_baseline,pairwise_unseen,G1_Packet_Byte_Magnitude+G3_TCP_Control_Flags,0.9,0.9999520255472624,0.0171211965425972
0.8197938446376966,0.9844298465550096,0.1744742186988141,123115,27063,0.0432603663241684,0.9567396336758316,0.0,0.0,0.0,0.8255257813011859,0.1744742186988141,2031,source,ordinary_baseline,pairwise_unseen,G1_Packet_Byte_Magnitude+G3_TCP_Control_Flags,0.95,0.9996069097575088,0.0171211965425972
0.6985776878104649,0.8127987831377662,0.2508681124287493,104911,45267,0.0,1.0,1.0,1.0,1.0,0.7491318875712507,0.0,2031,source,group_aware,pairwise_unseen,G1_Packet_Byte_Magnitude+G3_TCP_Control_Flags,0.8,0.999873190853904,1.5569119857814574e-05
0.8179959781059809,0.9328218500317588,0.3679158749918103,122845,27333,0.0,1.0,1.0,1.0,1.0,0.6320841250081898,0.0,2031,source,group_aware,pairwise_unseen,G1_Packet_Byte_Magnitude+G3_TCP_Control_Flags,0.9,0.9987869076714836,1.5569119857814574e-05
0.893313268255004,0.9719519941162704,0.5850750180174278,134156,16022,2.2362026297742924e-05,0.9999776379737022,1.0,0.9998320268757,0.9999160063835149,0.4149249819825722,9.827687872633164e-05,2031,source,group_aware,pairwise_unseen,G1_Packet_Byte_Magnitude+G3_TCP_Control_Flags,0.95,0.994674236133652,1.5569119857814574e-05
0.0,0.0,0.0,0,150178,,,,,,1.0,0.0,2031,source,ordinary_baseline,pairwise_unseen,G1_Packet_Byte_Magnitude+G4_Rate_Header_Flow_Context,0.8,0.999992119126319,0.0560004761517834
0.0011319900384876,0.0014207869488182,0.0,170,150008,0.0,1.0,0.0,0.0,0.0,1.0,0.0,2031,source,ordinary_baseline,pairwise_unseen,G1_Packet_Byte_Magnitude+G4_Rate_Header_Flow_Context,0.9,0.9999520255472624,0.0560004761517834
0.1437560761230007,0.1795623976197639,0.0034069317958461,21589,128589,0.0048172680531752,0.9951827319468248,0.0,0.0,0.0,0.9965930682041538,0.0034069317958461,2031,source,ordinary_baseline,pairwise_unseen,G1_Packet_Byte_Magnitude+G4_Rate_Header_Flow_Context,0.95,0.9996069097575088,0.0560004761517834
0.0,0.0,0.0,0,150178,,,,,,1.0,0.0,2031,source,group_aware,pairwise_unseen,G1_Packet_Byte_Magnitude+G4_Rate_Header_Flow_Context,0.8,0.999873190853904,0.0249487400134894
0.0071648310671336,0.0089927456289907,0.0,1076,149102,0.0,1.0,0.0,0.0,0.0,1.0,0.0,2031,source,group_aware,pairwise_unseen,G1_Packet_Byte_Magnitude+G4_Rate_Header_Flow_Context,0.9,0.9987869076714836,0.0249487400134894
0.1403534472426054,0.1761608665128873,0.0,21078,129100,0.0,1.0,0.0,0.0,0.0,1.0,0.0,2031,source,group_aware,pairwise_unseen,G1_Packet_Byte_Magnitude+G4_Rate_Header_Flow_Context,0.95,0.994674236133652,0.0249487400134894
0.7234148810078707,0.8811553505164978,0.1051235012775994,108641,41537,0.0,1.0,1.0,1.0,1.0,0.8948764987224006,0.0,2031,source,ordinary_baseline,pairwise_unseen,G2_Temporal_Activity+G3_TCP_Control_Flags,0.8,0.999992119126319,0.0017879344763961
0.7936914861031575,0.9355046300939392,0.2378300465177226,119195,30983,2.5168840974873107e-05,0.9999748311590252,1.0,0.999586776859504,0.9997933457325894,0.7621699534822775,9.827687872633164e-05,2031,source,ordinary_baseline,pairwise_unseen,G2_Temporal_Activity+G3_TCP_Control_Flags,0.9,0.9999520255472624,0.0017879344763961
0.8507970541623939,0.9645722595527028,0.4048352224333355,127771,22407,0.000320886586158,0.999679113413842,0.9999188245799172,0.9967632302961644,0.998338533857438,0.5951647775666645,0.0013103583830177,2031,source,ordinary_baseline,pairwise_unseen,G2_Temporal_Activity+G3_TCP_Control_Flags,0.95,0.9996069097575088,0.0017879344763961
0.7967744942668034,0.8823003376458396,0.4615409814584288,119658,30520,1.6714302428588143e-05,0.9999832856975714,0.9999290226417772,0.9999290226417772,0.9999290226417772,0.5384590185415711,3.2758959575443885e-05,2031,source,group_aware,pairwise_unseen,G2_Temporal_Activity+G3_TCP_Control_Flags,0.8,0.999873190853904,1.80130174794554e-05
0.8984338584879277,0.9662688463209976,0.632542750442246,134925,15253,1.4823049842505096e-05,0.9999851769501577,0.999948210678958,0.999948210678958,0.999948210678958,0.367457249557754,3.2758959575443885e-05,2031,source,group_aware,pairwise_unseen,G2_Temporal_Activity+G3_TCP_Control_Flags,0.9,0.9987869076714836,1.80130174794554e-05
0.9434071568405492,0.9841373315949588,0.7837581078424949,141679,8499,2.8232836200142576e-05,0.9999717671638,0.9998746186316714,0.9999582027168236,0.9999164089275264,0.216241892157505,3.2758959575443885e-05,2031,source,group_aware,pairwise_unseen,G2_Temporal_Activity+G3_TCP_Control_Flags,0.95,0.994674236133652,1.80130174794554e-05
0.0,0.0,0.0,0,150178,,,,,,1.0,0.0,2031,source,ordinary_baseline,pairwise_unseen,G2_Temporal_Activity+G4_Rate_Header_Flow_Context,0.8,0.999992119126319,0.006206985456705
0.0019976294796841,0.0025072710861498,0.0,300,149878,0.0,1.0,0.0,0.0,0.0,1.0,0.0,2031,source,ordinary_baseline,pairwise_unseen,G2_Temporal_Activity+G4_Rate_Header_Flow_Context,0.9,0.9999520255472624,0.006206985456705
0.3070156747326505,0.385342493230368,0.0,46107,104071,0.0,1.0,0.0,0.0,0.0,1.0,0.0,2031,source,ordinary_baseline,pairwise_unseen,G2_Temporal_Activity+G4_Rate_Header_Flow_Context,0.95,0.9996069097575088,0.006206985456705
0.4175644901383691,0.524053087286464,0.0001637947978772,62709,87469,0.0,1.0,1.0,1.0,1.0,0.9998362052021228,0.0,2031,source,group_aware,pairwise_unseen,G2_Temporal_Activity+G4_Rate_Header_Flow_Context,0.8,0.999873190853904,0.0024280183093488
0.6149103064363621,0.7190268445157624,0.2068073117997772,92346,57832,3.248651809499058e-05,0.999967513481905,1.0,0.9995247901156344,0.9997623385882912,0.7931926882002227,9.827687872633164e-05,2031,source,group_aware,pairwise_unseen,G2_Temporal_Activity+G4_Rate_Header_Flow_Context,0.9,0.9987869076714836,0.0024280183093488
0.7632010014782458,0.8575870023066894,0.3932385507436284,114616,35562,0.0006194597612898,0.99938054023871,0.9999162128194388,0.994168610463179,0.997034128409708,0.6067614492563717,0.002293127170281,2031,source,group_aware,pairwise_unseen,G2_Temporal_Activity+G4_Rate_Header_Flow_Context,0.95,0.994674236133652,0.0024280183093488
0.0074178641345603,0.009310333299903,0.0,1114,149064,0.0,1.0,0.0,0.0,0.0,1.0,0.0,2031,source,ordinary_baseline,pairwise_unseen,G3_TCP_Control_Flags+G4_Rate_Header_Flow_Context,0.8,0.999992119126319,0.0222207214343243
0.1182530064323669,0.1484053755892087,6.551791915088777e-05,17759,132419,0.0001126189537699,0.99988738104623,0.5,1.0,0.6666666666666666,0.9999344820808492,0.0,2031,source,ordinary_baseline,pairwise_unseen,G3_TCP_Control_Flags+G4_Rate_Header_Flow_Context,0.9,0.9999520255472624,0.0222207214343243
0.3070756036170411,0.3626934777521479,0.0890716110856319,46116,104062,4.336889582791222e-05,0.999956631104172,0.9992649761117236,1.0,0.9996323529411764,0.910928388914368,0.0,2031,source,ordinary_baseline,pairwise_unseen,G3_TCP_Control_Flags+G4_Rate_Header_Flow_Context,0.95,0.9996069097575088,0.0222207214343243
0.5669605401590113,0.6236335372580484,0.3448208084911223,85145,65033,1.1744670855599272e-05,0.9999882553291444,1.0,0.9999049971499144,0.9999524963184648,0.6551791915088777,3.2758959575443885e-05,2031,source,group_aware,pairwise_unseen,G3_TCP_Control_Flags+G4_Rate_Header_Flow_Context,0.8,0.999873190853904,0.0022784444087911
0.7486382825713487,0.8283522214421823,0.4361855467470353,112429,37749,2.6683506924370046e-05,0.9999733164930756,1.0,0.9997746901990237,0.9998873324069554,0.5638144532529646,9.827687872633164e-05,2031,source,group_aware,pairwise_unseen,G3_TCP_Control_Flags+G4_Rate_Header_Flow_Context,0.9,0.9987869076714836,0.0022784444087911
0.8302947169359027,0.8894794905225153,0.5983096376859071,124692,25486,0.0001283161710454,0.9998716838289544,0.999945205479452,0.9991787122207622,0.9995618119077614,0.4016903623140929,0.0004913843936316,2031,source,group_aware,pairwise_unseen,G3_TCP_Control_Flags+G4_Rate_Header_Flow_Context,0.95,0.994674236133652,0.0022784444087911
0.594447441457329,0.6565880350282445,0.2893594369196191,593938,405205,0.0823688667840751,0.9176311332159248,0.0,0.0,0.0,0.7106405630803809,0.2893594369196191,2031,target,ordinary_baseline,complete,,0.8,0.999992119126319,0.0702923479396075
0.6855525185083616,0.754401118937732,0.347530608623647,684965,314178,0.0857810253078624,0.9142189746921376,0.0,0.0,0.0,0.652469391376353,0.347530608623647,2031,target,ordinary_baseline,complete,,0.9,0.9999520255472624,0.0702923479396075
0.7840309144937211,0.8607628485687403,0.407304666706098,783359,215784,0.0877630818054046,0.9122369181945952,1.0,0.0016409392562043,0.0032765019717003,0.5926953332939019,0.4066363044892648,2031,target,ordinary_baseline,complete,,0.95,0.9996069097575088,0.0702923479396075
0.7133833695477024,0.7879981640168997,0.3470515171230851,712772,286371,0.0822310640709792,0.9177689359290208,1.0,0.0010907355647965,0.0021790943139257,0.6529484828769149,0.3466729756905424,2031,target,group_aware,complete,,0.8,0.999873190853904,0.0633183983953916
0.8536395691107279,0.9508717907943036,0.3762642692375939,852908,146235,0.0739118404329658,0.9260881595670342,1.0,0.0090387487227855,0.0179155631718336,0.6237357307624061,0.3728633110545927,2031,target,group_aware,complete,,0.9,0.9987869076714836,0.0633183983953916
0.8931384196256191,0.9853482765973596,0.4404211273437038,892373,106770,0.0824106063271748,0.9175893936728252,0.9637462235649548,0.012852193064919,0.0253661122523358,0.5595788726562962,0.4347607499852132,2031,target,group_aware,complete,,0.95,0.994674236133652,0.0633183983953916
0.3166073324839387,0.3336995661827333,0.2326906015259951,316336,682807,0.1243645996661777,0.8756354003338223,0.0,0.0,0.0,0.7673093984740048,0.2326906015259951,2031,target,ordinary_baseline,single,G1_Packet_Byte_Magnitude,0.8,0.999992119126319,0.1086807513417523
0.625908403501801,0.6824965996966532,0.3480806766428106,625372,373771,0.0941039893055653,0.9058960106944348,0.0,0.0,0.0,0.6519193233571894,0.3480806766428106,2031,target,ordinary_baseline,single,G1_Packet_Byte_Magnitude,0.9,0.9999520255472624,0.1086807513417523
0.7661385807637145,0.8249033518738713,0.4776246525107943,765482,233661,0.1054917032666999,0.8945082967333,0.0,0.0,0.0,0.5223753474892057,0.4776246525107943,2031,target,ordinary_baseline,single,G1_Packet_Byte_Magnitude,0.95,0.9996069097575088,0.1086807513417523
0.5362946044760359,0.6007953517341246,0.2196190926835038,535835,463308,0.0692955853947577,0.9307044146052424,0.0,0.0,0.0,0.7803809073164961,0.2196190926835038,2031,target,group_aware,single,G1_Packet_Byte_Magnitude,0.8,0.999873190853904,0.0803534071456152
0.6384481500646053,0.7107712213263171,0.2833678358076536,637901,361242,0.0750320190750602,0.9249679809249398,1.0,0.0009601536245799,0.0019184652278177,0.7166321641923463,0.2830957591530135,2031,target,group_aware,single,G1_Packet_Byte_Magnitude,0.9,0.9987869076714836,0.0803534071456152
0.7550710959292113,0.8477001420357004,0.300295735494174,754424,244719,0.0658714462954519,0.934128553704548,0.9899817850637522,0.0214098599594256,0.0419132815361776,0.699704264505826,0.293866445850831,2031,target,group_aware,single,G1_Packet_Byte_Magnitude,0.95,0.994674236133652,0.0803534071456152
0.65137222599768,0.7144588488000453,0.3416395575797007,650814,348329,0.0887519321956811,0.9112480678043188,0.0,0.0,0.0,0.6583604424202992,0.3416395575797007,2031,target,ordinary_baseline,single,G2_Temporal_Activity,0.8,0.999992119126319,0.0570581042597874
0.8113072903478281,0.8953080030310587,0.3988939492517892,810612,188531,0.0831976333930413,0.9168023666069588,0.0,0.0,0.0,0.6011060507482108,0.3988939492517892,2031,target,ordinary_baseline,single,G2_Temporal_Activity,0.9,0.9999520255472624,0.0570581042597874
0.8935257515690948,0.9672956474912447,0.5313420476725617,892760,106383,0.1006250280030467,0.8993749719969533,0.0,0.0,0.0,0.4686579523274383,0.5313420476725617,2031,target,ordinary_baseline,single,G2_Temporal_Activity,0.95,0.9996069097575088,0.0570581042597874
0.7205224877720207,0.7973371016765995,0.3433903117052108,719905,279238,0.080645362929831,0.919354637070169,0.0,0.0,0.0,0.6566096882947892,0.3433903117052108,2031,target,group_aware,single,G2_Temporal_Activity,0.8,0.999873190853904,0.0575353905608946
0.8517589574265145,0.9521198737942326,0.359022889927249,851029,148114,0.0713254189927722,0.9286745810072278,0.0,0.0,0.0,0.6409771100727509,0.359022889927249,2031,target,group_aware,single,G2_Temporal_Activity,0.9,0.9987869076714836,0.0575353905608946
0.9016567198088762,0.9795246924065716,0.5193529307387472,900884,98259,0.0971212719950626,0.9028787280049374,1.0,0.0035532474631863,0.0070813331971538,0.4806470692612527,0.5175075412551015,2031,target,group_aware,single,G2_Temporal_Activity,0.95,0.994674236133652,0.0575353905608946
0.6239877575081845,0.6914006358476905,0.2930147276276099,623453,375690,0.0794606810778037,0.9205393189221962,0.0,0.0,0.0,0.7069852723723902,0.2930147276276099,2031,target,ordinary_baseline,single,G3_TCP_Control_Flags,0.8,0.999992119126319,0.0776929361075508
0.7165690997184587,0.7837491401358676,0.3867392204412374,715955,283188,0.091326968873742,0.908673031126258,0.0,0.0,0.0,0.6132607795587627,0.3867392204412374,2031,target,ordinary_baseline,single,G3_TCP_Control_Flags,0.9,0.9999520255472624,0.0776929361075508
0.8173034290386861,0.8918444522349239,0.4513337670787248,816603,182540,0.0934076901505382,0.9065923098494616,1.0,0.0003931487281638,0.0007859884459698,0.5486662329212753,0.4511563257822203,2031,target,ordinary_baseline,single,G3_TCP_Control_Flags,0.95,0.9996069097575088,0.0776929361075508
0.7087754205353989,0.7824444356098801,0.347087005382386,708168,290975,0.0828080342517594,0.9171919657482406,1.0,0.0006816400259023,0.0013623514185484,0.652912994617614,0.3468504169870468,2031,target,group_aware,single,G3_TCP_Control_Flags,0.8,0.999873190853904,0.0607504363359476
0.854744516050255,0.9519367573695324,0.3775655054119595,854012,145131,0.0740949775881369,0.925905022411863,1.0,0.0087256207409728,0.0173002857497825,0.6224344945880405,0.3742710120068611,2031,target,group_aware,single,G3_TCP_Control_Flags,0.9,0.9987869076714836,0.0607504363359476
0.897839448407285,0.9903695217167646,0.4435500088720648,897070,102073,0.0825844137023866,0.9174155862976132,0.9632277834525026,0.012574842314411,0.0248255890483085,0.5564499911279351,0.437972437451943,2031,target,group_aware,single,G3_TCP_Control_Flags,0.95,0.994674236133652,0.0607504363359476
0.0019947094660123,0.0023768993811387,0.0001182941976696,1993,997150,0.0100351229302558,0.989964877069744,0.0,0.0,0.0,0.9998817058023304,0.0001182941976696,2031,target,ordinary_baseline,single,G4_Rate_Header_Flow_Context,0.8,0.999992119126319,0.0748247594784804
0.1337155942642845,0.1592667150961421,0.0082687644171053,133601,865542,0.0104639935329825,0.9895360064670174,0.0,0.0,0.0,0.9917312355828948,0.0082687644171053,2031,target,ordinary_baseline,single,G4_Rate_Header_Flow_Context,0.9,0.9999520255472624,0.0748247594784804
0.3635245405312353,0.4251481496205755,0.0609747441887975,363213,635930,0.0273090445551233,0.9726909554448768,0.9974489795918368,0.0379280240566495,0.0730772824969629,0.9390252558112024,0.0586620926243567,2031,target,ordinary_baseline,single,G4_Rate_Header_Flow_Context,0.95,0.9996069097575088,0.0748247594784804
0.4746908100241907,0.5444147683396521,0.1323712071922872,474284,524859,0.0471869175430754,0.9528130824569244,0.0,0.0,0.0,0.8676287928077128,0.1323712071922872,2031,target,group_aware,single,G4_Rate_Header_Flow_Context,0.8,0.999873190853904,0.0495282859685241
0.7898959408212839,0.876544593065911,0.3644821671497013,789219,209924,0.0780809889270278,0.921919011072972,0.0,0.0,0.0,0.6355178328502987,0.3644821671497013,2031,target,group_aware,single,G4_Rate_Header_Flow_Context,0.9,0.9987869076714836,0.0495282859685241
0.8739790000030025,0.9435194253999348,0.5325604779085585,873230,125913,0.1028457565589821,0.8971542434410178,1.0,0.0025766326077298,0.0051400212690535,0.4674395220914414,0.5311882652155911,2031,target,group_aware,single,G4_Rate_Header_Flow_Context,0.95,0.994674236133652,0.0495282859685241
0.3933761233377004,0.4073292348986173,0.3248713550600343,393039,606104,0.1397469462317988,0.8602530537682012,0.0,0.0,0.0,0.6751286449399657,0.3248713550600343,2031,target,ordinary_baseline,pairwise_unseen,G1_Packet_Byte_Magnitude+G2_Temporal_Activity,0.8,0.999992119126319,0.0961395300201027
0.7780958281247029,0.8531827923568168,0.4094457916839179,777429,221714,0.089043501078555,0.9109564989214448,0.0,0.0,0.0,0.5905542083160821,0.4094457916839179,2031,target,ordinary_baseline,pairwise_unseen,G1_Packet_Byte_Magnitude+G2_Temporal_Activity,0.9,0.9999520255472624,0.0961395300201027
0.929321428464194,0.9779465179568544,0.6905896965753829,928525,70618,0.1257456718989795,0.8742543281010204,0.0,0.0,0.0,0.309410303424617,0.6905896965753829,2031,target,ordinary_baseline,pairwise_unseen,G1_Packet_Byte_Magnitude+G2_Temporal_Activity,0.95,0.9996069097575088,0.0961395300201027
0.5078802533771443,0.5668007512592266,0.2186017625835452,507445,491698,0.0728335090502419,0.927166490949758,0.0,0.0,0.0,0.7813982374164548,0.2186017625835452,2031,target,group_aware,pairwise_unseen,G1_Packet_Byte_Magnitude+G2_Temporal_Activity,0.8,0.999873190853904,0.0445856767289828
0.653692214227593,0.7293744044198522,0.2821198320222393,653132,346011,0.0730296479119075,0.9269703520880924,0.0,0.0,0.0,0.7178801679777607,0.2821198320222393,2031,target,group_aware,pairwise_unseen,G1_Packet_Byte_Magnitude+G2_Temporal_Activity,0.9,0.9987869076714836,0.0445856767289828
0.7345625200797083,0.8231854306789885,0.2994558466907198,733933,265210,0.0689831360628286,0.9310168639371714,0.0,0.0,0.0,0.7005441533092802,0.2994558466907198,2031,target,group_aware,pairwise_unseen,G1_Packet_Byte_Magnitude+G2_Temporal_Activity,0.95,0.994674236133652,0.0445856767289828
0.3521497923720628,0.3697060379026904,0.2659549299106878,351848,647295,0.1277966621950387,0.8722033378049613,0.0,0.0,0.0,0.7340450700893121,0.2659549299106878,2031,target,ordinary_baseline,pairwise_unseen,G1_Packet_Byte_Magnitude+G3_TCP_Control_Flags,0.8,0.999992119126319,0.1108641360351975
0.66683547800465,0.7211076616153037,0.4003785414325427,666264,332879,0.1015993660170743,0.8984006339829257,0.0,0.0,0.0,0.5996214585674573,0.4003785414325427,2031,target,ordinary_baseline,pairwise_unseen,G1_Packet_Byte_Magnitude+G3_TCP_Control_Flags,0.9,0.9999520255472624,0.1108641360351975
0.7970500719116282,0.8508926323347464,0.5327024309457621,796367,202776,0.1130935862485512,0.8869064137514487,0.0,0.0,0.0,0.4672975690542379,0.5327024309457621,2031,target,ordinary_baseline,pairwise_unseen,G1_Packet_Byte_Magnitude+G3_TCP_Control_Flags,0.95,0.9996069097575088,0.1108641360351975
0.5041940943388484,0.5643865057651556,0.208670964689182,503762,495381,0.0700330711724981,0.929966928827502,0.0,0.0,0.0,0.791329035310818,0.208670964689182,2031,target,group_aware,pairwise_unseen,G1_Packet_Byte_Magnitude+G3_TCP_Control_Flags,0.8,0.999873190853904,0.0660820291570742
0.6294524407417157,0.7002203420663002,0.2820074525344532,628913,370230,0.075738615674982,0.924261384325018,1.0,0.0009647853352629,0.0019277108433734,0.7179925474655469,0.2817353758798131,2031,target,group_aware,pairwise_unseen,G1_Packet_Byte_Magnitude+G3_TCP_Control_Flags,0.9,0.9987869076714836,0.0660820291570742
0.7648674914401642,0.8600990515292029,0.2973147217128999,764212,234931,0.0653588271317383,0.9346411728682616,1.0,0.0063461117631845,0.0126121851895781,0.7026852782871,0.2954279292600698,2031,target,group_aware,pairwise_unseen,G1_Packet_Byte_Magnitude+G3_TCP_Control_Flags,0.95,0.994674236133652,0.0660820291570742
0.0,0.0,0.0,0,999143,,,,,,1.0,0.0,2031,target,ordinary_baseline,pairwise_unseen,G1_Packet_Byte_Magnitude+G4_Rate_Header_Flow_Context,0.8,0.999992119126319,0.1831952889187187
0.0005895052059615,0.0007047572924309,2.365883953392086e-05,589,998554,0.0067911714770797,0.9932088285229204,0.0,0.0,0.0,0.999976341160466,2.365883953392086e-05,2031,target,ordinary_baseline,pairwise_unseen,G1_Packet_Byte_Magnitude+G4_Rate_Header_Flow_Context,0.9,0.9999520255472624,0.1831952889187187
0.157247761331461,0.1383528918540899,0.2500147867747087,157113,842030,0.2690420270760535,0.7309579729239465,0.0,0.0,0.0,0.7499852132252913,0.2500147867747087,2031,target,ordinary_baseline,pairwise_unseen,G1_Packet_Byte_Magnitude+G4_Rate_Header_Flow_Context,0.95,0.9996069097575088,0.1831952889187187
0.0,0.0,0.0,0,999143,,,,,,1.0,0.0,2031,target,group_aware,pairwise_unseen,G1_Packet_Byte_Magnitude+G4_Rate_Header_Flow_Context,0.8,0.999873190853904,0.2094261542788177
0.0051394044696304,0.0042935982738867,0.0092920092269474,5135,994008,0.3059396299902629,0.6940603700097371,0.0,0.0,0.0,0.9907079907730526,0.0092920092269474,2031,target,group_aware,pairwise_unseen,G1_Packet_Byte_Magnitude+G4_Rate_Header_Flow_Context,0.9,0.9987869076714836,0.2094261542788177
0.1133121084769647,0.0918786660932231,0.2185426154847104,113215,885928,0.3263613478779313,0.6736386521220686,0.0,0.0,0.0,0.7814573845152896,0.2185426154847104,2031,target,group_aware,pairwise_unseen,G1_Packet_Byte_Magnitude+G4_Rate_Header_Flow_Context,0.95,0.994674236133652,0.2094261542788177
0.7152689855205911,0.7806735070288998,0.3941562666351215,714656,284487,0.0932476604128419,0.906752339587158,0.0,0.0,0.0,0.6058437333648784,0.3941562666351215,2031,target,ordinary_baseline,pairwise_unseen,G2_Temporal_Activity+G3_TCP_Control_Flags,0.8,0.999992119126319,0.0583264795659409
0.8558904981569205,0.9447843743863492,0.4194534808067664,855157,143986,0.0829286318184848,0.9170713681815152,0.0,0.0,0.0,0.5805465191932335,0.4194534808067664,2031,target,ordinary_baseline,pairwise_unseen,G2_Temporal_Activity+G3_TCP_Control_Flags,0.9,0.9999520255472624,0.0583264795659409
0.9137931207044436,0.9698978282632972,0.6383391494647187,913010,86133,0.1182068104401923,0.8817931895598077,0.0,0.0,0.0,0.3616608505352812,0.6383391494647187,2031,target,ordinary_baseline,pairwise_unseen,G2_Temporal_Activity+G3_TCP_Control_Flags,0.95,0.9996069097575088,0.0583264795659409
0.7786362913016455,0.8666623296987133,0.3464600461347371,777969,221174,0.0752934885580273,0.9247065114419726,0.0,0.0,0.0,0.6535399538652629,0.3464600461347371,2031,target,group_aware,pairwise_unseen,G2_Temporal_Activity+G3_TCP_Control_Flags,0.8,0.999873190853904,0.0544716749250589
0.8581774580815759,0.959546931414466,0.3604897379783521,857442,141701,0.0710811926637603,0.9289188073362395,0.0,0.0,0.0,0.6395102620216478,0.3604897379783521,2031,target,group_aware,pairwise_unseen,G2_Temporal_Activity+G3_TCP_Control_Flags,0.9,0.9987869076714836,0.0544716749250589
0.903188032143547,0.9798993582492144,0.5265629620867096,902414,96729,0.0986531680581196,0.9013468319418804,0.0,0.0,0.0,0.4734370379132903,0.5265629620867096,2031,target,group_aware,pairwise_unseen,G2_Temporal_Activity+G3_TCP_Control_Flags,0.95,0.994674236133652,0.0544716749250589
0.0,0.0,0.0,0,999143,,,,,,1.0,0.0,2031,target,ordinary_baseline,pairwise_unseen,G2_Temporal_Activity+G4_Rate_Header_Flow_Context,0.8,0.999992119126319,0.0551791216330298
0.0001721475304335,0.0002035965511467,1.7744129650440647e-05,172,998971,0.0174418604651162,0.9825581395348836,0.0,0.0,0.0,0.9999822558703496,1.7744129650440647e-05,2031,target,ordinary_baseline,pairwise_unseen,G2_Temporal_Activity+G4_Rate_Header_Flow_Context,0.9,0.9999520255472624,0.0551791216330298
0.2451951322283196,0.2915261669756756,0.0177263855207902,244985,754158,0.0122334020450231,0.9877665979549768,0.0,0.0,0.0,0.9822736144792098,0.0177263855207902,2031,target,ordinary_baseline,pairwise_unseen,G2_Temporal_Activity+G4_Rate_Header_Flow_Context,0.95,0.9996069097575088,0.0551791216330298
0.3979120105930783,0.4692743891199931,0.0475483527532974,397571,601572,0.0202202876970402,0.9797797123029596,0.0,0.0,0.0,0.9524516472467024,0.0475483527532974,2031,target,group_aware,pairwise_unseen,G2_Temporal_Activity+G4_Rate_Header_Flow_Context,0.8,0.999873190853904,0.0437682291638526
0.692730670184348,0.8004922458627133,0.1636600224758975,692137,307006,0.0399776344856581,0.9600223655143418,0.0,0.0,0.0,0.8363399775241025,0.1636600224758975,2031,target,group_aware,pairwise_unseen,G2_Temporal_Activity+G4_Rate_Header_Flow_Context,0.9,0.9987869076714836,0.0437682291638526
0.9065929501582856,0.9777718345253972,0.5571301827645354,905816,93327,0.1039880063942346,0.8960119936057654,0.0,0.0,0.0,0.4428698172354646,0.5571301827645354,2031,target,group_aware,pairwise_unseen,G2_Temporal_Activity+G4_Rate_Header_Flow_Context,0.95,0.994674236133652,0.0437682291638526
0.0017304830239515,0.0020636739178361,9.463535813568344e-05,1729,997414,0.009253903990746,0.990746096009254,0.0,0.0,0.0,0.9999053646418644,9.463535813568344e-05,2031,target,ordinary_baseline,pairwise_unseen,G3_TCP_Control_Flags+G4_Rate_Header_Flow_Context,0.8,0.999992119126319,0.0765805968450745
0.1284680971592655,0.152991363410206,0.008067664281067,128358,870785,0.0106265289269075,0.9893734710730924,0.0,0.0,0.0,0.991932335718933,0.008067664281067,2031,target,ordinary_baseline,pairwise_unseen,G3_TCP_Control_Flags+G4_Rate_Header_Flow_Context,0.9,0.9999520255472624,0.0765805968450745
0.35293746740957,0.4125914226821014,0.0600579641568581,352635,646508,0.0276291349412281,0.9723708650587718,0.9975786924939468,0.0405751428008666,0.0779786126620611,0.9399420358431418,0.0576211036848642,2031,target,ordinary_baseline,pairwise_unseen,G3_TCP_Control_Flags+G4_Rate_Header_Flow_Context,0.95,0.9996069097575088,0.0765805968450745
0.4371996801258678,0.5087034513831916,0.0861418347430058,436825,562318,0.0333405826131746,0.9666594173868254,0.0,0.0,0.0,0.913858165256994,0.0861418347430058,2031,target,group_aware,pairwise_unseen,G3_TCP_Control_Flags+G4_Rate_Header_Flow_Context,0.8,0.999873190853904,0.0506609326694065
0.79212785357051,0.8773433179973328,0.3737505175371148,791449,207694,0.0798408994136072,0.9201591005863928,0.0,0.0,0.0,0.6262494824628851,0.3737505175371148,2031,target,group_aware,pairwise_unseen,G3_TCP_Control_Flags+G4_Rate_Header_Flow_Context,0.9,0.9987869076714836,0.0506609326694065
0.8778733374501948,0.947280540386207,0.5371088898089549,877121,122022,0.1033038771161561,0.8966961228838438,1.0,0.0021914127454327,0.0043732419127988,0.4628911101910451,0.5359318625421423,2031,target,group_aware,pairwise_unseen,G3_TCP_Control_Flags+G4_Rate_Header_Flow_Context,0.95,0.994674236133652,0.0506609326694065
