actual_coverage,benign_coverage,attack_coverage,accepted_rows,abstained_rows,selective_risk,accepted_accuracy,accepted_precision,accepted_recall,accepted_f1,attack_abstention_rate,accepted_false_negative_rate,seed,dataset,model,condition_type,missing_groups,desired_policy_coverage,confidence_cutoff,aurc
0.7819387659976827,0.8181058402701167,0.6401755880233244,117430,32748,0.0,1.0,1.0,1.0,1.0,0.3598244119766756,0.0,2027,source,ordinary_random_forest,complete,,0.8,0.9999126649926116,4.5953263553329136e-05
0.8790701700648563,0.9122956574064788,0.7488370569350717,132017,18161,0.000106046948499,0.999893953051501,0.99938792462729,1.0,0.9996938686259076,0.2511629430649282,0.0,2027,source,ordinary_random_forest,complete,,0.9,0.9993970800012172,4.5953263553329136e-05
0.9276924716003676,0.9612208738675492,0.7962720304003145,139319,10859,0.0001866220687774,0.9998133779312226,0.9990135229561428,0.9999177191755462,0.999465416563862,0.2037279695996855,6.551791915088777e-05,2027,source,ordinary_random_forest,complete,,0.95,0.9971503853542002,4.5953263553329136e-05
0.8651866451810518,0.9152375221475612,0.669003472449715,129932,20246,0.0,1.0,1.0,1.0,1.0,0.330996527550285,0.0,2027,source,group_aware_random_forest,complete,,0.8,0.9996991705628446,3.809635756186608e-05
0.9267802208046452,0.9636278541102532,0.7823494725807508,139182,10996,0.0001508815795145,0.9998491184204854,0.9992049876563872,0.9999162549200236,0.9995604947573304,0.2176505274192491,6.551791915088777e-05,2027,source,group_aware_random_forest,complete,,0.9,0.9983293982691632,3.809635756186608e-05
0.9558523884989812,0.9869538327817337,0.833944833912075,143548,6630,0.0002856187477359,0.999714381252264,0.9985093362623568,0.999882154220843,0.9991952737050775,0.166055166087925,9.827687872633164e-05,2027,source,group_aware_random_forest,complete,,0.95,0.9940098590285424,3.809635756186608e-05
0.0,0.0,0.0,0,150178,,,,,,1.0,0.0,2027,source,ordinary_random_forest,single,G1_Packet_Byte_Magnitude,0.8,0.9999126649926116,0.0742543277174898
0.0,0.0,0.0,0,150178,,,,,,1.0,0.0,2027,source,ordinary_random_forest,single,G1_Packet_Byte_Magnitude,0.9,0.9993970800012172,0.0742543277174898
0.0083167974004181,0.0104386052886704,0.0,1249,148929,0.0,1.0,0.0,0.0,0.0,1.0,0.0,2027,source,ordinary_random_forest,single,G1_Packet_Byte_Magnitude,0.95,0.9971503853542002,0.0742543277174898
0.5774148011026915,0.6632400628489286,0.2410076655965406,86715,63463,0.0,1.0,1.0,1.0,1.0,0.7589923344034594,0.0,2027,source,group_aware_random_forest,single,G1_Packet_Byte_Magnitude,0.8,0.9996991705628446,0.0001025378041874
0.8035065056133388,0.8590328619663692,0.5858612330472385,120669,29509,0.0001243069885388,0.9998756930114612,0.9991619643555506,1.0,0.9995808065282396,0.4141387669527616,0.0,2027,source,group_aware_random_forest,single,G1_Packet_Byte_Magnitude,0.9,0.9983293982691632,0.0001025378041874
0.898347294543808,0.9436616186942132,0.7207298696193409,134912,15266,0.0002890773244781,0.999710922675522,0.9984566500226963,0.9997727376028362,0.9991142604074402,0.2792701303806591,0.0001637947978772,2027,source,group_aware_random_forest,single,G1_Packet_Byte_Magnitude,0.95,0.9940098590285424,0.0001025378041874
0.3322057824714672,0.4169591816267174,0.0,49890,100288,0.0,1.0,0.0,0.0,0.0,1.0,0.0,2027,source,ordinary_random_forest,single,G2_Temporal_Activity,0.8,0.9999126649926116,0.0060283032711283
0.395830281399406,0.4968157657205897,0.0,59445,90733,0.0,1.0,0.0,0.0,0.0,1.0,0.0,2027,source,ordinary_random_forest,single,G2_Temporal_Activity,0.9,0.9993970800012172,0.0060283032711283
0.5157879316544367,0.6473773944438873,0.0,77460,72718,0.0,1.0,0.0,0.0,0.0,1.0,0.0,2027,source,ordinary_random_forest,single,G2_Temporal_Activity,0.95,0.9971503853542002,0.0060283032711283
0.8348493121495825,0.8827349313007722,0.647153246412894,125376,24802,1.5952016334864728e-05,0.9999840479836652,0.9998987700561828,1.0,0.9999493824660862,0.3528467535871061,0.0,2027,source,group_aware_random_forest,single,G2_Temporal_Activity,0.8,0.9996991705628446,4.6731636824629234e-05
0.9035810837805804,0.9416558018252934,0.7543405621437463,135698,14480,0.0001694940234933,0.9998305059765068,0.9990887789638117,0.9999131454379642,0.9995007922210404,0.2456594378562537,6.551791915088777e-05,2027,source,group_aware_random_forest,single,G2_Temporal_Activity,0.9,0.9983293982691632,4.6731636824629234e-05
0.9369281785614404,0.9737990171497344,0.7924064731704121,140706,9472,0.0002700666638238,0.999729933336176,0.9985138091896132,0.9999173177890776,0.999215070643642,0.2075935268295879,6.551791915088777e-05,2027,source,group_aware_random_forest,single,G2_Temporal_Activity,0.95,0.9940098590285424,4.6731636824629234e-05
0.5605481495292253,0.6371811586935446,0.2601716569481753,84182,65996,0.0,1.0,1.0,1.0,1.0,0.7398283430518247,0.0,2027,source,ordinary_random_forest,single,G3_TCP_Control_Flags,0.8,0.9999126649926116,0.0001236440772461
0.6599768274980357,0.7572878012904088,0.2785494332699993,99114,51064,0.0,1.0,1.0,1.0,1.0,0.7214505667300006,0.0,2027,source,ordinary_random_forest,single,G3_TCP_Control_Flags,0.9,0.9993970800012172,0.0001236440772461
0.7837832438839244,0.9050830742486544,0.3083273275240778,117707,32471,8.495671455393477e-06,0.9999915043285446,1.0,0.9998937526561836,0.9999468735058172,0.6916726724759221,3.2758959575443885e-05,2027,source,ordinary_random_forest,single,G3_TCP_Control_Flags,0.95,0.9971503853542002,0.0001236440772461
0.8633488260597424,0.9089108414401764,0.6847605320055035,129656,20522,1.5425433454680076e-05,0.9999845745665452,0.999904329107869,1.0,0.9999521622655952,0.3152394679944965,0.0,2027,source,group_aware_random_forest,single,G3_TCP_Control_Flags,0.8,0.9996991705628446,4.7720183984676185e-05
0.9219459574638096,0.9587721057734097,0.7775994234423115,138456,11722,0.0002094528225573,0.9997905471774426,0.9988637320090902,0.999915743354257,0.9993894608307544,0.2224005765576885,6.551791915088777e-05,2027,source,group_aware_random_forest,single,G3_TCP_Control_Flags,0.9,0.9983293982691632,4.7720183984676185e-05
0.9534419155934956,0.9851318824591316,0.8292275437332111,143186,6992,0.00027237299736,0.99972762700264,0.9985796575396512,0.9998814838225418,0.99923014666693,0.1707724562667889,9.827687872633164e-05,2027,source,group_aware_random_forest,single,G3_TCP_Control_Flags,0.95,0.9940098590285424,4.7720183984676185e-05
0.0,0.0,0.0,0,150178,,,,,,1.0,0.0,2027,source,ordinary_random_forest,single,G4_Rate_Header_Flow_Context,0.8,0.9999126649926116,0.0080427852250951
7.324641425508397e-05,9.193327315882728e-05,0.0,11,150167,0.0,1.0,0.0,0.0,0.0,1.0,0.0,2027,source,ordinary_random_forest,single,G4_Rate_Header_Flow_Context,0.9,0.9993970800012172,0.0080427852250951
0.0326479244629706,0.0409771671179754,0.0,4903,145275,0.0,1.0,0.0,0.0,0.0,1.0,0.0,2027,source,ordinary_random_forest,single,G4_Rate_Header_Flow_Context,0.95,0.9971503853542002,0.0080427852250951
0.7719040072447363,0.8070738474910574,0.6340496625827163,115923,34255,8.626415810494897e-06,0.9999913735841895,1.0,0.9999483337638853,0.9999741662145756,0.3659503374172836,3.2758959575443885e-05,2027,source,group_aware_random_forest,single,G4_Rate_Header_Flow_Context,0.8,0.9996991705628446,0.0015701272963872
0.8441649242898427,0.8721208170360712,0.7345869095197537,126775,23403,0.0002287517254979,0.999771248274502,0.9988417160422328,0.9998662147698892,0.9993537028370216,0.2654130904802463,9.827687872633164e-05,2027,source,group_aware_random_forest,single,G4_Rate_Header_Flow_Context,0.9,0.9983293982691632,0.0015701272963872
0.8978811809985484,0.9263029452077692,0.7864771014872568,134842,15336,0.0010160039156939,0.998983996084306,0.998246712586099,0.9960429856714428,0.9971436315493192,0.2135228985127432,0.0031121011596671,2027,source,group_aware_random_forest,single,G4_Rate_Header_Flow_Context,0.95,0.9940098590285424,0.0015701272963872
0.0,0.0,0.0,0,150178,,,,,,1.0,0.0,2027,source,ordinary_random_forest,pairwise_unseen,G1_Packet_Byte_Magnitude+G2_Temporal_Activity,0.8,0.9999126649926116,0.0779739143505749
0.0,0.0,0.0,0,150178,,,,,,1.0,0.0,2027,source,ordinary_random_forest,pairwise_unseen,G1_Packet_Byte_Magnitude+G2_Temporal_Activity,0.9,0.9993970800012172,0.0779739143505749
0.0,0.0,0.0,0,150178,,,,,,1.0,0.0,2027,source,ordinary_random_forest,pairwise_unseen,G1_Packet_Byte_Magnitude+G2_Temporal_Activity,0.95,0.9971503853542002,0.0779739143505749
0.2132735820160076,0.2676846187276435,0.0,32029,118149,0.0,1.0,0.0,0.0,0.0,1.0,0.0,2027,source,group_aware_random_forest,pairwise_unseen,G1_Packet_Byte_Magnitude+G2_Temporal_Activity,0.8,0.9996991705628446,0.0256614010760186
0.3772523272383438,0.4734981446193962,0.0,56655,93523,0.0,1.0,0.0,0.0,0.0,1.0,0.0,2027,source,group_aware_random_forest,pairwise_unseen,G1_Packet_Byte_Magnitude+G2_Temporal_Activity,0.9,0.9983293982691632,0.0256614010760186
0.5109603270785334,0.641276368134256,0.0001637947978772,76735,73443,6.515931452401121e-05,0.999934840685476,0.0,0.0,0.0,0.9998362052021228,0.0001637947978772,2027,source,group_aware_random_forest,pairwise_unseen,G1_Packet_Byte_Magnitude+G2_Temporal_Activity,0.95,0.9940098590285424,0.0256614010760186
0.0,0.0,0.0,0,150178,,,,,,1.0,0.0,2027,source,ordinary_random_forest,pairwise_unseen,G1_Packet_Byte_Magnitude+G3_TCP_Control_Flags,0.8,0.9999126649926116,0.1053136807048766
0.0,0.0,0.0,0,150178,,,,,,1.0,0.0,2027,source,ordinary_random_forest,pairwise_unseen,G1_Packet_Byte_Magnitude+G3_TCP_Control_Flags,0.9,0.9993970800012172,0.1053136807048766
0.0007590992022799,0.0009527630127369,0.0,114,150064,0.0,1.0,0.0,0.0,0.0,1.0,0.0,2027,source,ordinary_random_forest,pairwise_unseen,G1_Packet_Byte_Magnitude+G3_TCP_Control_Flags,0.95,0.9971503853542002,0.1053136807048766
0.4171649642424323,0.52359342092067,0.0,62649,87529,0.0,1.0,0.0,0.0,0.0,1.0,0.0,2027,source,group_aware_random_forest,pairwise_unseen,G1_Packet_Byte_Magnitude+G3_TCP_Control_Flags,0.8,0.9996991705628446,0.0040968305609671
0.581629799304825,0.6936783338347875,0.14243595623403,87348,62830,0.0,1.0,1.0,1.0,1.0,0.85756404376597,0.0,2027,source,group_aware_random_forest,pairwise_unseen,G1_Packet_Byte_Magnitude+G3_TCP_Control_Flags,0.9,0.9983293982691632,0.0040968305609671
0.7011546298392574,0.8356483803028784,0.1739828343051824,105298,44880,0.0,1.0,1.0,1.0,1.0,0.8260171656948175,0.0,2027,source,group_aware_random_forest,pairwise_unseen,G1_Packet_Byte_Magnitude+G3_TCP_Control_Flags,0.95,0.9940098590285424,0.0040968305609671
0.0,0.0,0.0,0,150178,,,,,,1.0,0.0,2027,source,ordinary_random_forest,pairwise_unseen,G1_Packet_Byte_Magnitude+G4_Rate_Header_Flow_Context,0.8,0.9999126649926116,0.0791197846044628
0.0,0.0,0.0,0,150178,,,,,,1.0,0.0,2027,source,ordinary_random_forest,pairwise_unseen,G1_Packet_Byte_Magnitude+G4_Rate_Header_Flow_Context,0.9,0.9993970800012172,0.0791197846044628
0.0,0.0,0.0,0,150178,,,,,,1.0,0.0,2027,source,ordinary_random_forest,pairwise_unseen,G1_Packet_Byte_Magnitude+G4_Rate_Header_Flow_Context,0.95,0.9971503853542002,0.0791197846044628
0.0,0.0,0.0,0,150178,,,,,,1.0,0.0,2027,source,group_aware_random_forest,pairwise_unseen,G1_Packet_Byte_Magnitude+G4_Rate_Header_Flow_Context,0.8,0.9996991705628446,0.0276831214976576
0.0,0.0,0.0,0,150178,,,,,,1.0,0.0,2027,source,group_aware_random_forest,pairwise_unseen,G1_Packet_Byte_Magnitude+G4_Rate_Header_Flow_Context,0.9,0.9983293982691632,0.0276831214976576
0.0,0.0,0.0,0,150178,,,,,,1.0,0.0,2027,source,group_aware_random_forest,pairwise_unseen,G1_Packet_Byte_Magnitude+G4_Rate_Header_Flow_Context,0.95,0.9940098590285424,0.0276831214976576
0.3249144348706202,0.4078076421622706,0.0,48795,101383,0.0,1.0,0.0,0.0,0.0,1.0,0.0,2027,source,ordinary_random_forest,pairwise_unseen,G2_Temporal_Activity+G3_TCP_Control_Flags,0.8,0.9999126649926116,0.0068141218315818
0.3439318675172129,0.431676862902417,0.0,51651,98527,0.0,1.0,0.0,0.0,0.0,1.0,0.0,2027,source,ordinary_random_forest,pairwise_unseen,G2_Temporal_Activity+G3_TCP_Control_Flags,0.9,0.9993970800012172,0.0068141218315818
0.4562785494546471,0.5726857887874837,0.0,68523,81655,0.0,1.0,0.0,0.0,0.0,1.0,0.0,2027,source,ordinary_random_forest,pairwise_unseen,G2_Temporal_Activity+G3_TCP_Control_Flags,0.95,0.9971503853542002,0.0068141218315818
0.7010947009548669,0.787132684785879,0.3638537640044552,105289,44889,0.0,1.0,1.0,1.0,1.0,0.6361462359955448,0.0,2027,source,group_aware_random_forest,pairwise_unseen,G2_Temporal_Activity+G3_TCP_Control_Flags,0.8,0.9996991705628446,6.832567746901632e-05
0.7998774787252461,0.9093036472436732,0.3709624582323265,120124,30054,8.324731111185109e-06,0.9999916752688888,1.0,0.999911691981632,0.9999558440411532,0.6290375417676735,3.2758959575443885e-05,2027,source,group_aware_random_forest,pairwise_unseen,G2_Temporal_Activity+G3_TCP_Control_Flags,0.9,0.9983293982691632,6.832567746901632e-05
0.856690061127462,0.9701885467856785,0.411812880822905,128656,21522,2.3317995274219624e-05,0.9999766820047258,1.0,0.9997613555007556,0.9998806635108796,0.588187119177095,9.827687872633164e-05,2027,source,group_aware_random_forest,pairwise_unseen,G2_Temporal_Activity+G3_TCP_Control_Flags,0.95,0.9940098590285424,6.832567746901632e-05
0.0,0.0,0.0,0,150178,,,,,,1.0,0.0,2027,source,ordinary_random_forest,pairwise_unseen,G2_Temporal_Activity+G4_Rate_Header_Flow_Context,0.8,0.9999126649926116,0.0244641363009512
0.0,0.0,0.0,0,150178,,,,,,1.0,0.0,2027,source,ordinary_random_forest,pairwise_unseen,G2_Temporal_Activity+G4_Rate_Header_Flow_Context,0.9,0.9993970800012172,0.0244641363009512
4.661135452596253e-05,5.8502992010162807e-05,0.0,7,150171,0.0,1.0,0.0,0.0,0.0,1.0,0.0,2027,source,ordinary_random_forest,pairwise_unseen,G2_Temporal_Activity+G4_Rate_Header_Flow_Context,0.95,0.9971503853542002,0.0244641363009512
0.4217595120457058,0.4613713101327182,0.266494136146236,63339,86839,0.0,1.0,1.0,1.0,1.0,0.733505863853764,0.0,2027,source,group_aware_random_forest,pairwise_unseen,G2_Temporal_Activity+G4_Rate_Header_Flow_Context,0.8,0.9996991705628446,0.0038785197653191
0.6530783470281932,0.7363855180022064,0.3265413090480246,98078,52100,0.0004486225249291,0.9995513774750708,1.0,0.995585874799358,0.9977880554996984,0.6734586909519754,0.0014413942213195,2027,source,group_aware_random_forest,pairwise_unseen,G2_Temporal_Activity+G4_Rate_Header_Flow_Context,0.9,0.9983293982691632,0.0038785197653191
0.7521341341607959,0.8435462842242504,0.3938282120159864,112954,37224,0.0004338049117339,0.999566195088266,1.0,0.9959241390783564,0.9979579078974786,0.6061717879840136,0.0016051890191967,2027,source,group_aware_random_forest,pairwise_unseen,G2_Temporal_Activity+G4_Rate_Header_Flow_Context,0.95,0.9940098590285424,0.0038785197653191
0.0,0.0,0.0,0,150178,,,,,,1.0,0.0,2027,source,ordinary_random_forest,pairwise_unseen,G3_TCP_Control_Flags+G4_Rate_Header_Flow_Context,0.8,0.9999126649926116,0.0133460370741216
0.0,0.0,0.0,0,150178,,,,,,1.0,0.0,2027,source,ordinary_random_forest,pairwise_unseen,G3_TCP_Control_Flags+G4_Rate_Header_Flow_Context,0.9,0.9993970800012172,0.0133460370741216
0.0087962284755423,0.0110403503493464,0.0,1321,148857,0.0,1.0,0.0,0.0,0.0,1.0,0.0,2027,source,ordinary_random_forest,pairwise_unseen,G3_TCP_Control_Flags+G4_Rate_Header_Flow_Context,0.95,0.9971503853542002,0.0133460370741216
0.5935423297686745,0.6681877444589309,0.3009565616196029,89137,61041,0.0,1.0,1.0,1.0,1.0,0.6990434383803971,0.0,2027,source,group_aware_random_forest,pairwise_unseen,G3_TCP_Control_Flags+G4_Rate_Header_Flow_Context,0.8,0.9996991705628446,0.0033262414192209
0.7193197405745182,0.8240230000334303,0.3089169887964358,108026,42152,4.628515357413956e-05,0.9999537148464258,1.0,0.9994697773064688,0.99973481835057,0.6910830112035642,0.0001637947978772,2027,source,group_aware_random_forest,pairwise_unseen,G3_TCP_Control_Flags+G4_Rate_Header_Flow_Context,0.9,0.9983293982691632,0.0033262414192209
0.8138475675531702,0.9158977702002474,0.4138439363165825,122222,27956,0.0009654563008296,0.9990345436991704,1.0,0.990659384152616,0.9953077779545092,0.5861560636834174,0.0038655572299023,2027,source,group_aware_random_forest,pairwise_unseen,G3_TCP_Control_Flags+G4_Rate_Header_Flow_Context,0.95,0.9940098590285424,0.0033262414192209
0.3818962851163447,0.4536384149345901,0.0296681847755367,381569,617574,0.0131457220057184,0.9868542779942816,0.0,0.0,0.0,0.9703318152244632,0.0296681847755367,2027,target,ordinary_random_forest,complete,,0.8,0.9999126649926116,0.0462979498647041
0.5502065269936336,0.6269026941003984,0.1736558821789791,549735,449408,0.0534075509108934,0.9465924490891066,0.0,0.0,0.0,0.8263441178210209,0.1736558821789791,2027,target,ordinary_random_forest,complete,,0.9,0.9993970800012172,0.0462979498647041
0.6668284720005044,0.7504797770798471,0.2561305967942272,666257,332886,0.0649959400051331,0.9350040599948668,0.0,0.0,0.0,0.7438694032057728,0.2561305967942272,2027,target,ordinary_random_forest,complete,,0.95,0.9971503853542002,0.0462979498647041
0.4840718495750858,0.5430486234343245,0.1945170639380138,483657,515486,0.0679965347343261,0.9320034652656738,0.0,0.0,0.0,0.8054829360619862,0.1945170639380138,2027,target,group_aware_random_forest,complete,,0.8,0.9996991705628446,0.0526250685677567
0.650206226736313,0.7275697438659009,0.2703791329035311,649649,349494,0.0703656897801736,0.9296343102198265,0.0,0.0,0.0,0.7296208670964689,0.2703791329035311,2027,target,group_aware_random_forest,complete,,0.9,0.9983293982691632,0.0526250685677567
0.7631520212822389,0.850137277082859,0.3360856449991128,762498,236645,0.0745208512022326,0.9254791487977674,0.0,0.0,0.0,0.6639143550008872,0.3360856449991128,2027,target,group_aware_random_forest,complete,,0.95,0.9940098590285424,0.0526250685677567
0.0,0.0,0.0,0,999143,,,,,,1.0,0.0,2027,target,ordinary_random_forest,single,G1_Packet_Byte_Magnitude,0.8,0.9999126649926116,0.0805950798542848
0.0,0.0,0.0,0,999143,,,,,,1.0,0.0,2027,target,ordinary_random_forest,single,G1_Packet_Byte_Magnitude,0.9,0.9993970800012172,0.0805950798542848
0.001787531914851,0.0021251142971762,0.0001301236174365,1786,997357,0.0123180291153415,0.9876819708846584,0.0,0.0,0.0,0.9998698763825634,0.0001301236174365,2027,target,ordinary_random_forest,single,G1_Packet_Byte_Magnitude,0.95,0.9971503853542002,0.0805950798542848
0.068332561004781,0.0811964730812832,0.0051753711480451,68274,930869,0.0128160060930954,0.9871839939069044,0.0,0.0,0.0,0.9948246288519548,0.0051753711480451,2027,target,group_aware_random_forest,single,G1_Packet_Byte_Magnitude,0.8,0.9996991705628446,0.0672425251114309
0.2406202115212737,0.2730795966137918,0.0812562843792512,240414,758729,0.0571430948280882,0.9428569051719118,0.0,0.0,0.0,0.9187437156207487,0.0812562843792512,2027,target,group_aware_random_forest,single,G1_Packet_Byte_Magnitude,0.9,0.9983293982691632,0.0672425251114309
0.6405659650320324,0.7282684775917299,0.2099781155734311,640017,359126,0.0554688391089611,0.9445311608910388,0.0,0.0,0.0,0.7900218844265688,0.2099781155734311,2027,target,group_aware_random_forest,single,G1_Packet_Byte_Magnitude,0.95,0.9940098590285424,0.0672425251114309
0.2324922458546974,0.2764250855045279,0.0167977760690838,232293,766850,0.0122259387928176,0.9877740612071824,0.0,0.0,0.0,0.9832022239309162,0.0167977760690838,2027,target,ordinary_random_forest,single,G2_Temporal_Activity,0.8,0.9999126649926116,0.0368043869777247
0.3051895474421579,0.3627921881569452,0.0223812621990891,304928,694215,0.0124094868296778,0.9875905131703222,0.0,0.0,0.0,0.9776187378009108,0.0223812621990891,2027,target,ordinary_random_forest,single,G2_Temporal_Activity,0.9,0.9993970800012172,0.0368043869777247
0.4018413780609983,0.4778688139476889,0.0285739634470929,401497,597646,0.0120324684866885,0.9879675315133114,0.0,0.0,0.0,0.971426036552907,0.0285739634470929,2027,target,ordinary_random_forest,single,G2_Temporal_Activity,0.95,0.9971503853542002,0.0368043869777247
0.5657688639163764,0.6688062375236877,0.0598923522801206,565284,433859,0.0179131197769616,0.9820868802230384,0.0,0.0,0.0,0.9401076477198792,0.0598923522801206,2027,target,group_aware_random_forest,single,G2_Temporal_Activity,0.8,0.9996991705628446,0.0365770302648947
0.6576045671140167,0.7629557882258549,0.1403678949547524,657041,342102,0.0361195115677712,0.9638804884322288,0.0,0.0,0.0,0.8596321050452476,0.1403678949547524,2027,target,group_aware_random_forest,single,G2_Temporal_Activity,0.9,0.9983293982691632,0.0365770302648947
0.7952044902481427,0.8816296879912972,0.3708877979535104,794523,204620,0.0789228253933492,0.9210771746066508,0.0,0.0,0.0,0.6291122020464897,0.3708877979535104,2027,target,group_aware_random_forest,single,G2_Temporal_Activity,0.95,0.9940098590285424,0.0365770302648947
0.3131803955990284,0.3722479830087233,0.0231797480333589,312912,686231,0.0125242879787288,0.9874757120212712,0.0,0.0,0.0,0.976820251966641,0.0231797480333589,2027,target,ordinary_random_forest,single,G3_TCP_Control_Flags,0.8,0.9999126649926116,0.0372854203766815
0.4862567220107632,0.5781226470442961,0.0352280120660081,485840,513303,0.0122591799769471,0.9877408200230527,0.0,0.0,0.0,0.964771987933992,0.0352280120660081,2027,target,ordinary_random_forest,single,G3_TCP_Control_Flags,0.9,0.9993970800012172,0.0372854203766815
0.644363219278922,0.7543179937186247,0.1045247530608623,643811,355332,0.0274490494881261,0.9725509505118738,0.0,0.0,0.0,0.8954752469391376,0.1045247530608623,2027,target,ordinary_random_forest,single,G3_TCP_Control_Flags,0.95,0.9971503853542002,0.0372854203766815
0.476354235579892,0.5396802449905008,0.1654462648607085,475946,523197,0.0587713732230126,0.9412286267769872,0.0,0.0,0.0,0.8345537351392914,0.1654462648607085,2027,target,group_aware_random_forest,single,G3_TCP_Control_Flags,0.8,0.9996991705628446,0.0523369013154269
0.6635856929388486,0.7429418858341374,0.273975276512687,663017,336126,0.0698639703054371,0.9301360296945628,0.0,0.0,0.0,0.726024723487313,0.273975276512687,2027,target,group_aware_random_forest,single,G3_TCP_Control_Flags,0.9,0.9983293982691632,0.0523369013154269
0.7606408692249258,0.8481266105511202,0.3311172886969894,759989,239154,0.0736615924704173,0.9263384075295826,0.0,0.0,0.0,0.6688827113030106,0.3311172886969894,2027,target,group_aware_random_forest,single,G3_TCP_Control_Flags,0.95,0.9940098590285424,0.0523369013154269
0.0,0.0,0.0,0,999143,,,,,,1.0,0.0,2027,target,ordinary_random_forest,single,G4_Rate_Header_Flow_Context,0.8,0.9999126649926116,0.070711283144551
0.0,0.0,0.0,0,999143,,,,,,1.0,0.0,2027,target,ordinary_random_forest,single,G4_Rate_Header_Flow_Context,0.9,0.9993970800012172,0.070711283144551
0.026769941840157,0.0313743490030394,0.00416395575797,26747,972396,0.0263207088645455,0.9736792911354544,0.0,0.0,0.0,0.99583604424203,0.00416395575797,2027,target,ordinary_random_forest,single,G4_Rate_Header_Flow_Context,0.95,0.9971503853542002,0.070711283144551
0.4454497504361238,0.5284282225780143,0.0380552433903117,445068,554075,0.0144562179262494,0.9855437820737504,0.0,0.0,0.0,0.9619447566096884,0.0380552433903117,2027,target,group_aware_random_forest,single,G4_Rate_Header_Flow_Context,0.8,0.9996991705628446,0.0528135900522611
0.5763489310338961,0.6726396353091837,0.1035961436091559,575855,423288,0.0304156428267532,0.9695843571732468,0.0,0.0,0.0,0.8964038563908441,0.1035961436091559,2027,target,group_aware_random_forest,single,G4_Rate_Header_Flow_Context,0.9,0.9983293982691632,0.0528135900522611
0.6886421663365504,0.7749643706035493,0.2648311350328266,688052,311091,0.0650750233993942,0.9349249766006058,0.0,0.0,0.0,0.7351688649671734,0.2648311350328266,2027,target,group_aware_random_forest,single,G4_Rate_Header_Flow_Context,0.95,0.9940098590285424,0.0528135900522611
0.0,0.0,0.0,0,999143,,,,,,1.0,0.0,2027,target,ordinary_random_forest,pairwise_unseen,G1_Packet_Byte_Magnitude+G2_Temporal_Activity,0.8,0.9999126649926116,0.0523109460943815
0.0,0.0,0.0,0,999143,,,,,,1.0,0.0,2027,target,ordinary_random_forest,pairwise_unseen,G1_Packet_Byte_Magnitude+G2_Temporal_Activity,0.9,0.9993970800012172,0.0523109460943815
1.0008577350789629e-06,1.2047133203947122e-06,0.0,1,999142,0.0,1.0,0.0,0.0,0.0,1.0,0.0,2027,target,ordinary_random_forest,pairwise_unseen,G1_Packet_Byte_Magnitude+G2_Temporal_Activity,0.95,0.9971503853542002,0.0523109460943815
6.005146410473776e-06,7.2282799223682735e-06,0.0,6,999137,0.0,1.0,0.0,0.0,0.0,1.0,0.0,2027,target,group_aware_random_forest,pairwise_unseen,G1_Packet_Byte_Magnitude+G2_Temporal_Activity,0.8,0.9996991705628446,0.0415384429315193
0.043957671724668,0.0522375742856351,0.0033063228248654,43920,955223,0.0127276867030965,0.9872723132969036,0.0,0.0,0.0,0.9966936771751346,0.0033063228248654,2027,target,group_aware_random_forest,pairwise_unseen,G1_Packet_Byte_Magnitude+G2_Temporal_Activity,0.9,0.9983293982691632,0.0415384429315193
0.3530695806306004,0.4104578753916824,0.0713136570651209,352767,646376,0.0341783670241264,0.9658216329758736,0.0,0.0,0.0,0.9286863429348792,0.0713136570651209,2027,target,group_aware_random_forest,pairwise_unseen,G1_Packet_Byte_Magnitude+G2_Temporal_Activity,0.95,0.9940098590285424,0.0415384429315193
0.0,0.0,0.0,0,999143,,,,,,1.0,0.0,2027,target,ordinary_random_forest,pairwise_unseen,G1_Packet_Byte_Magnitude+G3_TCP_Control_Flags,0.8,0.9999126649926116,0.0713198219296213
0.0,0.0,0.0,0,999143,,,,,,1.0,0.0,2027,target,ordinary_random_forest,pairwise_unseen,G1_Packet_Byte_Magnitude+G3_TCP_Control_Flags,0.9,0.9993970800012172,0.0713198219296213
0.0001181012127393,0.0001421561718065,0.0,118,999025,0.0,1.0,0.0,0.0,0.0,1.0,0.0,2027,target,ordinary_random_forest,pairwise_unseen,G1_Packet_Byte_Magnitude+G3_TCP_Control_Flags,0.95,0.9971503853542002,0.0713198219296213
0.0335307358406154,0.0398531213519774,0.0024900928609451,33502,965641,0.012566413945436,0.987433586054564,0.0,0.0,0.0,0.9975099071390549,0.0024900928609451,2027,target,group_aware_random_forest,pairwise_unseen,G1_Packet_Byte_Magnitude+G3_TCP_Control_Flags,0.8,0.9996991705628446,0.038044082691918
0.1685814743234952,0.2002787706623393,0.0129591293547051,168437,830706,0.0130078308210191,0.9869921691789808,0.0,0.0,0.0,0.9870408706452948,0.0129591293547051,2027,target,group_aware_random_forest,pairwise_unseen,G1_Packet_Byte_Magnitude+G3_TCP_Control_Flags,0.9,0.9983293982691632,0.038044082691918
0.5534853369337522,0.6501813695903854,0.0787425326787721,553011,446132,0.0240736621875514,0.9759263378124484,0.0,0.0,0.0,0.921257467321228,0.0787425326787721,2027,target,group_aware_random_forest,pairwise_unseen,G1_Packet_Byte_Magnitude+G3_TCP_Control_Flags,0.95,0.9940098590285424,0.038044082691918
0.0,0.0,0.0,0,999143,,,,,,1.0,0.0,2027,target,ordinary_random_forest,pairwise_unseen,G1_Packet_Byte_Magnitude+G4_Rate_Header_Flow_Context,0.8,0.9999126649926116,0.1887925568049775
0.0,0.0,0.0,0,999143,,,,,,1.0,0.0,2027,target,ordinary_random_forest,pairwise_unseen,G1_Packet_Byte_Magnitude+G4_Rate_Header_Flow_Context,0.9,0.9993970800012172,0.1887925568049775
0.0,0.0,0.0,0,999143,,,,,,1.0,0.0,2027,target,ordinary_random_forest,pairwise_unseen,G1_Packet_Byte_Magnitude+G4_Rate_Header_Flow_Context,0.95,0.9971503853542002,0.1887925568049775
0.0,0.0,0.0,0,999143,,,,,,1.0,0.0,2027,target,group_aware_random_forest,pairwise_unseen,G1_Packet_Byte_Magnitude+G4_Rate_Header_Flow_Context,0.8,0.9996991705628446,0.1457401086570633
0.0,0.0,0.0,0,999143,,,,,,1.0,0.0,2027,target,group_aware_random_forest,pairwise_unseen,G1_Packet_Byte_Magnitude+G4_Rate_Header_Flow_Context,0.9,0.9983293982691632,0.1457401086570633
0.0,0.0,0.0,0,999143,,,,,,1.0,0.0,2027,target,group_aware_random_forest,pairwise_unseen,G1_Packet_Byte_Magnitude+G4_Rate_Header_Flow_Context,0.95,0.9940098590285424,0.1457401086570633
0.2321629636598565,0.276028734822118,0.0167977760690838,231964,767179,0.01224327912952,0.98775672087048,0.0,0.0,0.0,0.9832022239309162,0.0167977760690838,2027,target,ordinary_random_forest,pairwise_unseen,G2_Temporal_Activity+G3_TCP_Control_Flags,0.8,0.9999126649926116,0.0357894654996326
0.2462950748791714,0.2928079819485756,0.017933400366712,246084,753059,0.0123209960826384,0.9876790039173616,0.0,0.0,0.0,0.982066599633288,0.017933400366712,2027,target,ordinary_random_forest,pairwise_unseen,G2_Temporal_Activity+G3_TCP_Control_Flags,0.9,0.9993970800012172,0.0357894654996326
0.4143340843102538,0.4928506288001176,0.028846040101733,413979,585164,0.0117807908130605,0.9882192091869394,0.0,0.0,0.0,0.971153959898267,0.028846040101733,2027,target,ordinary_random_forest,pairwise_unseen,G2_Temporal_Activity+G3_TCP_Control_Flags,0.95,0.9971503853542002,0.0357894654996326
0.5187855992585646,0.6165409548316835,0.0388418998048145,518341,480802,0.0126692659851333,0.9873307340148668,0.0,0.0,0.0,0.9611581001951854,0.0388418998048145,2027,target,group_aware_random_forest,pairwise_unseen,G2_Temporal_Activity+G3_TCP_Control_Flags,0.8,0.9996991705628446,0.0356757913863216
0.656872940109674,0.7640713527605404,0.1305672206778257,656310,342833,0.0336350200362633,0.9663649799637366,0.0,0.0,0.0,0.8694327793221742,0.1305672206778257,2027,target,group_aware_random_forest,pairwise_unseen,G2_Temporal_Activity+G3_TCP_Control_Flags,0.9,0.9983293982691632,0.0356757913863216
0.801165598918273,0.8881857378808852,0.3739279588336192,800479,198664,0.0789777120948831,0.9210222879051168,0.0,0.0,0.0,0.6260720411663808,0.3739279588336192,2027,target,group_aware_random_forest,pairwise_unseen,G2_Temporal_Activity+G3_TCP_Control_Flags,0.95,0.9940098590285424,0.0356757913863216
0.0,0.0,0.0,0,999143,,,,,,1.0,0.0,2027,target,ordinary_random_forest,pairwise_unseen,G2_Temporal_Activity+G4_Rate_Header_Flow_Context,0.8,0.9999126649926116,0.0476787179862581
0.0,0.0,0.0,0,999143,,,,,,1.0,0.0,2027,target,ordinary_random_forest,pairwise_unseen,G2_Temporal_Activity+G4_Rate_Header_Flow_Context,0.9,0.9993970800012172,0.0476787179862581
0.0,0.0,0.0,0,999143,,,,,,1.0,0.0,2027,target,ordinary_random_forest,pairwise_unseen,G2_Temporal_Activity+G4_Rate_Header_Flow_Context,0.95,0.9971503853542002,0.0476787179862581
0.2587217245179118,0.307700648015295,0.0182527947004199,258500,740643,0.0119381044487427,0.9880618955512572,0.0,0.0,0.0,0.98174720529958,0.0182527947004199,2027,target,group_aware_random_forest,pairwise_unseen,G2_Temporal_Activity+G4_Rate_Header_Flow_Context,0.8,0.9996991705628446,0.0478271147398468
0.5655937138127375,0.6592432231863945,0.1058082451055775,565109,434034,0.031655839846826,0.968344160153174,0.0,0.0,0.0,0.8941917548944224,0.1058082451055775,2027,target,group_aware_random_forest,pairwise_unseen,G2_Temporal_Activity+G4_Rate_Header_Flow_Context,0.9,0.9983293982691632,0.0478271147398468
0.6582731400810494,0.7588428969500273,0.1645117406991187,657709,341434,0.0422892190923341,0.9577107809076658,0.0,0.0,0.0,0.8354882593008813,0.1645117406991187,2027,target,group_aware_random_forest,pairwise_unseen,G2_Temporal_Activity+G4_Rate_Header_Flow_Context,0.95,0.9940098590285424,0.0478271147398468
0.0,0.0,0.0,0,999143,,,,,,1.0,0.0,2027,target,ordinary_random_forest,pairwise_unseen,G3_TCP_Control_Flags+G4_Rate_Header_Flow_Context,0.8,0.9999126649926116,0.0651440812964871
0.0,0.0,0.0,0,999143,,,,,,1.0,0.0,2027,target,ordinary_random_forest,pairwise_unseen,G3_TCP_Control_Flags+G4_Rate_Header_Flow_Context,0.9,0.9993970800012172,0.0651440812964871
0.0087454948891199,0.0104147466548122,0.0005500680191636,8738,990405,0.0106431677729457,0.9893568322270544,0.0,0.0,0.0,0.9994499319808364,0.0005500680191636,2027,target,ordinary_random_forest,pairwise_unseen,G3_TCP_Control_Flags+G4_Rate_Header_Flow_Context,0.95,0.9971503853542002,0.0651440812964871
0.4116137529863092,0.4894714079364104,0.0293606198615957,411261,587882,0.0120701938671549,0.9879298061328452,0.0,0.0,0.0,0.9706393801384042,0.0293606198615957,2027,target,group_aware_random_forest,pairwise_unseen,G3_TCP_Control_Flags+G4_Rate_Header_Flow_Context,0.8,0.9996991705628446,0.0507393837105145
0.5701956576786306,0.6682472505430246,0.0887975394806884,569707,429436,0.026352142417067,0.9736478575829328,0.0,0.0,0.0,0.9112024605193116,0.0887975394806884,2027,target,group_aware_random_forest,pairwise_unseen,G3_TCP_Control_Flags+G4_Rate_Header_Flow_Context,0.9,0.9983293982691632,0.0507393837105145
0.6986147128088772,0.7782074588620519,0.3078429053054947,698016,301127,0.0745641933709256,0.9254358066290744,0.0,0.0,0.0,0.6921570946945053,0.3078429053054947,2027,target,group_aware_random_forest,pairwise_unseen,G3_TCP_Control_Flags+G4_Rate_Header_Flow_Context,0.95,0.9940098590285424,0.0507393837105145
0.7814992875121523,0.8170444288436466,0.6421738845574264,117364,32814,0.0,1.0,1.0,1.0,1.0,0.3578261154425735,0.0,2028,source,ordinary_random_forest,complete,,0.8,0.9999158525125672,5.337187477014265e-05
0.878610715284529,0.9108497977467992,0.7522439887309179,131948,18230,0.0001061024039773,0.9998938975960228,0.9993906950428688,1.0,0.9996952546800174,0.2477560112690821,0.0,2028,source,ordinary_random_forest,complete,,0.9,0.9993427033324774,5.337187477014265e-05
0.9279921160223202,0.9614632434058772,0.7967961737535216,139364,10814,0.000200912717775,0.999799087282225,0.9989321066250462,0.9999177733009909,0.9994246969385658,0.2032038262464784,6.551791915088777e-05,2028,source,ordinary_random_forest,complete,,0.95,0.9970788234490552,5.337187477014265e-05
0.8661921186858261,0.9165580182529336,0.6687741597326868,130083,20095,0.0,1.0,1.0,1.0,1.0,0.3312258402673131,0.0,2028,source,group_aware_random_forest,complete,,0.8,0.99971463561617,4.175831273491893e-05
0.9286380162207514,0.9650987864807944,0.7857236454170216,139461,10717,0.0001577501953951,0.9998422498046048,0.9991251822536972,0.9999583072753804,0.9995415711606584,0.2142763545829784,3.2758959575443885e-05,2028,source,group_aware_random_forest,complete,,0.9,0.998261066540506,4.175831273491893e-05
0.957557032321645,0.9882325410356702,0.8373190067483457,143804,6374,0.0002920641984923,0.9997079358015076,0.99843737792015,0.999921752738654,0.9991790140349506,0.1626809932516543,6.551791915088777e-05,2028,source,group_aware_random_forest,complete,,0.95,0.9933726288156666,4.175831273491893e-05
0.0,0.0,0.0,0,150178,,,,,,1.0,0.0,2028,source,ordinary_random_forest,single,G1_Packet_Byte_Magnitude,0.8,0.9999158525125672,0.0684014815882875
0.0,0.0,0.0,0,150178,,,,,,1.0,0.0,2028,source,ordinary_random_forest,single,G1_Packet_Byte_Magnitude,0.9,0.9993427033324774,0.0684014815882875
0.0457257387899692,0.0573914351619697,0.0,6867,143311,0.0,1.0,0.0,0.0,0.0,1.0,0.0,2028,source,ordinary_random_forest,single,G1_Packet_Byte_Magnitude,0.95,0.9970788234490552,0.0684014815882875
0.5986695787665304,0.6631146992946211,0.3460656489549892,89907,60271,3.3367813407187425e-05,0.9999666321865928,0.9997160972839974,1.0,0.99985802848895,0.6539343510450109,0.0,2028,source,group_aware_random_forest,single,G1_Packet_Byte_Magnitude,0.8,0.99971463561617,0.0001453690549896
0.7985390669738577,0.8580466686724836,0.5652886064338597,119923,30255,0.000233483151689,0.999766516848311,0.9983800046285582,1.0,0.999189345686161,0.4347113935661403,0.0,2028,source,group_aware_random_forest,single,G1_Packet_Byte_Magnitude,0.9,0.998261066540506,0.0001453690549896
0.8951044760217874,0.9417644502390266,0.7122125401297255,134425,15753,0.0002826855123674,0.9997173144876323,0.9983925044780232,0.9998620118669794,0.9991267178379372,0.2877874598702745,9.827687872633164e-05,2028,source,group_aware_random_forest,single,G1_Packet_Byte_Magnitude,0.95,0.9933726288156666,0.0001453690549896
0.333151327091851,0.4181459566074951,0.0,50032,100146,0.0,1.0,0.0,0.0,0.0,1.0,0.0,2028,source,ordinary_random_forest,single,G2_Temporal_Activity,0.8,0.9999158525125672,0.0035038807129289
0.3844970634846649,0.4825911810918329,0.0,57743,92435,0.0,1.0,0.0,0.0,0.0,1.0,0.0,2028,source,ordinary_random_forest,single,G2_Temporal_Activity,0.9,0.9993427033324774,0.0035038807129289
0.5155482161168746,0.6470765219135493,0.0,77424,72754,0.0,1.0,0.0,0.0,0.0,1.0,0.0,2028,source,ordinary_random_forest,single,G2_Temporal_Activity,0.95,0.9970788234490552,0.0035038807129289
0.8260264486143111,0.872505265269281,0.6438445914957741,124051,26127,2.418360190566783e-05,0.9999758163980944,0.9998473826117924,1.0,0.9999236854824348,0.3561554085042259,0.0,2028,source,group_aware_random_forest,single,G2_Temporal_Activity,0.8,0.99971463561617,4.361898905705006e-05
0.9010707294011108,0.938220840437268,0.7554543667693114,135321,14857,0.0001404068843712,0.9998595931156288,0.9992200363983014,0.9999566367460214,0.9995882008712804,0.2445456332306886,3.2758959575443885e-05,2028,source,group_aware_random_forest,single,G2_Temporal_Activity,0.9,0.998261066540506,4.361898905705006e-05
0.9378337705922304,0.9745094106241432,0.7940771801087597,140842,9336,0.000248505417418,0.999751494582582,0.9986814454654084,0.9998762376237624,0.9992784844049558,0.2059228198912402,9.827687872633164e-05,2028,source,group_aware_random_forest,single,G2_Temporal_Activity,0.95,0.9933726288156666,4.361898905705006e-05
0.5524044800170465,0.6293584729047571,0.2507698355500229,82959,67219,0.0,1.0,1.0,1.0,1.0,0.749230164449977,0.0,2028,source,ordinary_random_forest,single,G3_TCP_Control_Flags,0.8,0.9999158525125672,0.0001287840206935
0.6688795962124945,0.7746297596362786,0.2543733211033218,100451,49727,0.0,1.0,1.0,1.0,1.0,0.7456266788966782,0.0,2028,source,ordinary_random_forest,single,G3_TCP_Control_Flags,0.9,0.9993427033324774,0.0001287840206935
0.7956092104036543,0.9139253836124762,0.3318482604992465,119483,30695,8.36939146154683e-06,0.9999916306085384,1.0,0.9999012833168806,0.9999506392220742,0.6681517395007535,3.2758959575443885e-05,2028,source,ordinary_random_forest,single,G3_TCP_Control_Flags,0.95,0.9970788234490552,0.0001287840206935
0.8564570043548323,0.9064955036271856,0.6603223481622224,128621,21557,7.774780168090747e-06,0.999992225219832,0.9999503919039588,1.0,0.9999751953367232,0.3396776518377776,0.0,2028,source,group_aware_random_forest,single,G3_TCP_Control_Flags,0.8,0.99971463561617,4.690689421253444e-05
0.9224986349531888,0.9602263230033764,0.774618358120946,138539,11639,0.0001732364171821,0.999826763582818,0.9990282237620416,0.9999577095491838,0.999492750560088,0.2253816418790539,3.2758959575443885e-05,2028,source,group_aware_random_forest,single,G3_TCP_Control_Flags,0.9,0.998261066540506,4.690689421253444e-05
0.9549601139980556,0.9869371176411592,0.8296206512481163,143414,6764,0.0002510215181223,0.9997489784818776,0.998659147375478,0.9999210266535044,0.9992896886468569,0.1703793487518836,6.551791915088777e-05,2028,source,group_aware_random_forest,single,G3_TCP_Control_Flags,0.95,0.9933726288156666,4.690689421253444e-05
0.0,0.0,0.0,0,150178,,,,,,1.0,0.0,2028,source,ordinary_random_forest,single,G4_Rate_Header_Flow_Context,0.8,0.9999158525125672,0.0115821597759142
0.0002130804778329,0.0002674422491893,0.0,32,150146,0.0,1.0,0.0,0.0,0.0,1.0,0.0,2028,source,ordinary_random_forest,single,G4_Rate_Header_Flow_Context,0.9,0.9993427033324774,0.0115821597759142
0.0294850111201374,0.0370073212315715,0.0,4428,145750,0.0,1.0,0.0,0.0,0.0,1.0,0.0,2028,source,ordinary_random_forest,single,G4_Rate_Header_Flow_Context,0.95,0.9970788234490552,0.0115821597759142
0.7683948381254245,0.803680673954468,0.6300858284740877,115396,34782,8.665811639918195e-06,0.99999133418836,1.0,0.9999480087345326,0.9999740036914758,0.3699141715259123,3.2758959575443885e-05,2028,source,group_aware_random_forest,single,G4_Rate_Header_Flow_Context,0.8,0.99971463561617,0.001455291349621
0.8489259412164232,0.8750543242068666,0.7465111708052152,127490,22688,0.000274531335791,0.999725468664209,0.9988598991449243,0.9996050552922592,0.9992323382975457,0.2534888291947847,0.0002948306361789,2028,source,group_aware_random_forest,single,G4_Rate_Header_Flow_Context,0.9,0.998261066540506,0.001455291349621
0.8961432433512232,0.9233527228963996,0.7894909257681976,134581,15597,0.0010254047748196,0.9989745952251804,0.9983777038269552,0.9958921161825726,0.9971333610303282,0.2105090742318024,0.0032431369979689,2028,source,group_aware_random_forest,single,G4_Rate_Header_Flow_Context,0.95,0.9933726288156666,0.001455291349621
0.0,0.0,0.0,0,150178,,,,,,1.0,0.0,2028,source,ordinary_random_forest,pairwise_unseen,G1_Packet_Byte_Magnitude+G2_Temporal_Activity,0.8,0.9999158525125672,0.1131583557769023
0.0,0.0,0.0,0,150178,,,,,,1.0,0.0,2028,source,ordinary_random_forest,pairwise_unseen,G1_Packet_Byte_Magnitude+G2_Temporal_Activity,0.9,0.9993427033324774,0.1131583557769023
0.0519516840016513,0.06520576338047,0.0,7802,142376,0.0,1.0,0.0,0.0,0.0,1.0,0.0,2028,source,ordinary_random_forest,pairwise_unseen,G1_Packet_Byte_Magnitude+G2_Temporal_Activity,0.95,0.9970788234490552,0.1131583557769023
0.2453089001052084,0.3078928893791997,0.0,36840,113338,0.0,1.0,0.0,0.0,0.0,1.0,0.0,2028,source,group_aware_random_forest,pairwise_unseen,G1_Packet_Byte_Magnitude+G2_Temporal_Activity,0.8,0.99971463561617,0.0259678857363779
0.4182836367510554,0.5249974927289138,0.0,62817,87361,0.0,1.0,0.0,0.0,0.0,1.0,0.0,2028,source,group_aware_random_forest,pairwise_unseen,G1_Packet_Byte_Magnitude+G2_Temporal_Activity,0.9,0.998261066540506,0.0259678857363779
0.5302041577328237,0.6654130311235917,0.0002293127170281,79625,70553,8.791208791208791e-05,0.999912087912088,0.0,0.0,0.0,0.999770687282972,0.0002293127170281,2028,source,group_aware_random_forest,pairwise_unseen,G1_Packet_Byte_Magnitude+G2_Temporal_Activity,0.95,0.9933726288156666,0.0259678857363779
0.0,0.0,0.0,0,150178,,,,,,1.0,0.0,2028,source,ordinary_random_forest,pairwise_unseen,G1_Packet_Byte_Magnitude+G3_TCP_Control_Flags,0.8,0.9999158525125672,0.0936602577006001
0.0,0.0,0.0,0,150178,,,,,,1.0,0.0,2028,source,ordinary_random_forest,pairwise_unseen,G1_Packet_Byte_Magnitude+G3_TCP_Control_Flags,0.9,0.9993427033324774,0.0936602577006001
0.0261556286539972,0.0328285360879885,0.0,3928,146250,0.0,1.0,0.0,0.0,0.0,1.0,0.0,2028,source,ordinary_random_forest,pairwise_unseen,G1_Packet_Byte_Magnitude+G3_TCP_Control_Flags,0.95,0.9970788234490552,0.0936602577006001
0.4018964162527134,0.504429512252198,0.0,60356,89822,0.0,1.0,0.0,0.0,0.0,1.0,0.0,2028,source,group_aware_random_forest,pairwise_unseen,G1_Packet_Byte_Magnitude+G3_TCP_Control_Flags,0.8,0.99971463561617,0.0046430462269554
0.5572720371825434,0.6781416106709457,0.0835025879578064,83690,66488,0.0,1.0,1.0,1.0,1.0,0.9164974120421936,0.0,2028,source,group_aware_random_forest,pairwise_unseen,G1_Packet_Byte_Magnitude+G3_TCP_Control_Flags,0.9,0.998261066540506,0.0046430462269554
0.6901809852308594,0.8280179186306957,0.1499049990172312,103650,46528,0.0,1.0,1.0,1.0,1.0,0.8500950009827688,0.0,2028,source,group_aware_random_forest,pairwise_unseen,G1_Packet_Byte_Magnitude+G3_TCP_Control_Flags,0.95,0.9933726288156666,0.0046430462269554
0.0,0.0,0.0,0,150178,,,,,,1.0,0.0,2028,source,ordinary_random_forest,pairwise_unseen,G1_Packet_Byte_Magnitude+G4_Rate_Header_Flow_Context,0.8,0.9999158525125672,0.0711319312204822
0.0,0.0,0.0,0,150178,,,,,,1.0,0.0,2028,source,ordinary_random_forest,pairwise_unseen,G1_Packet_Byte_Magnitude+G4_Rate_Header_Flow_Context,0.9,0.9993427033324774,0.0711319312204822
0.0,0.0,0.0,0,150178,,,,,,1.0,0.0,2028,source,ordinary_random_forest,pairwise_unseen,G1_Packet_Byte_Magnitude+G4_Rate_Header_Flow_Context,0.95,0.9970788234490552,0.0711319312204822
0.0,0.0,0.0,0,150178,,,,,,1.0,0.0,2028,source,group_aware_random_forest,pairwise_unseen,G1_Packet_Byte_Magnitude+G4_Rate_Header_Flow_Context,0.8,0.99971463561617,0.0286024343028847
0.0,0.0,0.0,0,150178,,,,,,1.0,0.0,2028,source,group_aware_random_forest,pairwise_unseen,G1_Packet_Byte_Magnitude+G4_Rate_Header_Flow_Context,0.9,0.998261066540506,0.0286024343028847
0.0001864454181038,0.0002340119680406,0.0,28,150150,0.0,1.0,0.0,0.0,0.0,1.0,0.0,2028,source,group_aware_random_forest,pairwise_unseen,G1_Packet_Byte_Magnitude+G4_Rate_Header_Flow_Context,0.95,0.9933726288156666,0.0286024343028847
0.3285501205236453,0.4123708755390632,0.0,49341,100837,0.0,1.0,0.0,0.0,0.0,1.0,0.0,2028,source,ordinary_random_forest,pairwise_unseen,G2_Temporal_Activity+G3_TCP_Control_Flags,0.8,0.9999158525125672,0.0061775198427228
0.3460560135306103,0.434342927824023,0.0,51970,98208,0.0,1.0,0.0,0.0,0.0,1.0,0.0,2028,source,ordinary_random_forest,pairwise_unseen,G2_Temporal_Activity+G3_TCP_Control_Flags,0.9,0.9993427033324774,0.0061775198427228
0.4414694562452556,0.5540985524688262,0.0,66299,83879,0.0,1.0,0.0,0.0,0.0,1.0,0.0,2028,source,ordinary_random_forest,pairwise_unseen,G2_Temporal_Activity+G3_TCP_Control_Flags,0.95,0.9970788234490552,0.0061775198427228
0.7015608145001265,0.7784993146792365,0.3999868964161698,105359,44819,0.0,1.0,1.0,1.0,1.0,0.6000131035838302,0.0,2028,source,group_aware_random_forest,pairwise_unseen,G2_Temporal_Activity+G3_TCP_Control_Flags,0.8,0.99971463561617,5.262447060446201e-05
0.8068958169638696,0.9086183264801256,0.4081766363100308,121178,29000,8.252323028932645e-06,0.9999917476769712,1.0,0.99991974317817,0.9999598699787312,0.5918233636899692,3.2758959575443885e-05,2028,source,group_aware_random_forest,pairwise_unseen,G2_Temporal_Activity+G3_TCP_Control_Flags,0.9,0.998261066540506,5.262447060446201e-05
0.8524217928058704,0.9644051081469596,0.4134835877612527,128015,22163,3.1246338319728154e-05,0.9999687536616804,1.0,0.9996830930122008,0.9998415213946116,0.5865164122387473,0.0001310358383017,2028,source,group_aware_random_forest,pairwise_unseen,G2_Temporal_Activity+G3_TCP_Control_Flags,0.95,0.9933726288156666,5.262447060446201e-05
0.0,0.0,0.0,0,150178,,,,,,1.0,0.0,2028,source,ordinary_random_forest,pairwise_unseen,G2_Temporal_Activity+G4_Rate_Header_Flow_Context,0.8,0.9999158525125672,0.0219864475900856
0.0,0.0,0.0,0,150178,,,,,,1.0,0.0,2028,source,ordinary_random_forest,pairwise_unseen,G2_Temporal_Activity+G4_Rate_Header_Flow_Context,0.9,0.9993427033324774,0.0219864475900856
5.327011945824288e-05,6.686056229732892e-05,0.0,8,150170,0.0,1.0,0.0,0.0,0.0,1.0,0.0,2028,source,ordinary_random_forest,pairwise_unseen,G2_Temporal_Activity+G4_Rate_Header_Flow_Context,0.95,0.9970788234490552,0.0219864475900856
0.4590419369015435,0.5416207000300872,0.1353600209657341,68938,81240,0.0,1.0,1.0,1.0,1.0,0.8646399790342659,0.0,2028,source,group_aware_random_forest,pairwise_unseen,G2_Temporal_Activity+G4_Rate_Header_Flow_Context,0.8,0.99971463561617,0.0038383245492861
0.6620676796867717,0.7610487079196336,0.274094214767739,99428,50750,0.0004425312789153,0.9995574687210846,1.0,0.9947412453687104,0.997363690832834,0.725905785232261,0.0014413942213195,2028,source,group_aware_random_forest,pairwise_unseen,G2_Temporal_Activity+G4_Rate_Header_Flow_Context,0.9,0.998261066540506,0.0038383245492861
0.8002037582069278,0.904255674790225,0.3923540588350914,120173,30005,0.0019305501235718,0.998069449876428,1.0,0.980629539951574,0.9902200488997556,0.6076459411649086,0.0076000786215029,2028,source,group_aware_random_forest,pairwise_unseen,G2_Temporal_Activity+G4_Rate_Header_Flow_Context,0.95,0.9933726288156666,0.0038383245492861
0.0,0.0,0.0,0,150178,,,,,,1.0,0.0,2028,source,ordinary_random_forest,pairwise_unseen,G3_TCP_Control_Flags+G4_Rate_Header_Flow_Context,0.8,0.9999158525125672,0.00468379384544
0.0,0.0,0.0,0,150178,,,,,,1.0,0.0,2028,source,ordinary_random_forest,pairwise_unseen,G3_TCP_Control_Flags+G4_Rate_Header_Flow_Context,0.9,0.9993427033324774,0.00468379384544
0.0213280240780939,0.026769297629793,0.0,3203,146975,0.0,1.0,0.0,0.0,0.0,1.0,0.0,2028,source,ordinary_random_forest,pairwise_unseen,G3_TCP_Control_Flags+G4_Rate_Header_Flow_Context,0.95,0.9970788234490552,0.00468379384544
0.5086563944119644,0.5556781332531007,0.3243464587564699,76389,73789,0.0,1.0,1.0,1.0,1.0,0.67565354124353,0.0,2028,source,group_aware_random_forest,pairwise_unseen,G3_TCP_Control_Flags+G4_Rate_Header_Flow_Context,0.8,0.99971463561617,0.0033485018485113
0.7353607052963816,0.8197522816166884,0.4045731507567319,110435,39743,6.338570199664962e-05,0.9999366142980034,1.0,0.9994331983805668,0.9997165188514964,0.595426849243268,0.0002293127170281,2028,source,group_aware_random_forest,pairwise_unseen,G3_TCP_Control_Flags+G4_Rate_Header_Flow_Context,0.9,0.998261066540506,0.0033485018485113
0.7989852042243205,0.8977200548256611,0.4119766756207823,119990,30188,0.0003250270855904,0.9996749729144097,1.0,0.996898854961832,0.9984470194719868,0.5880233243792177,0.0012775994234423,2028,source,group_aware_random_forest,pairwise_unseen,G3_TCP_Control_Flags+G4_Rate_Header_Flow_Context,0.95,0.9933726288156666,0.0033485018485113
0.3824857903223062,0.4543901560465164,0.0294611699296149,382158,616985,0.0130338760407998,0.9869661239592,0.0,0.0,0.0,0.970538830070385,0.0294611699296149,2028,target,ordinary_random_forest,complete,,0.8,0.9999158525125672,0.0424156100630078
0.5264751892371763,0.6160096762573894,0.0868930028982078,526024,473119,0.02792838349581,0.97207161650419,0.0,0.0,0.0,0.913106997101792,0.0868930028982078,2028,target,ordinary_random_forest,complete,,0.9,0.9993427033324774,0.0424156100630078
0.6763476299188405,0.7631280622306713,0.2502868634293488,675768,323375,0.0626191237229345,0.9373808762770656,0.0,0.0,0.0,0.7497131365706512,0.2502868634293488,2028,target,ordinary_random_forest,complete,,0.95,0.9970788234490552,0.0424156100630078
0.5208243464649205,0.6082802355937369,0.0914473295084876,520378,478765,0.029711094627367,0.970288905372633,0.0,0.0,0.0,0.9085526704915124,0.0914473295084876,2028,target,group_aware_random_forest,complete,,0.8,0.99971463561617,0.0475713278456072
0.6656504624463165,0.7467572129198276,0.2674454368013249,665080,334063,0.0679873097973176,0.9320126902026824,0.0,0.0,0.0,0.7325545631986751,0.2674454368013249,2028,target,group_aware_random_forest,complete,,0.9,0.998261066540506,0.0475713278456072
0.7646583121735328,0.8542971521781819,0.3245637901460933,764003,235140,0.0718243252971519,0.928175674702848,0.0,0.0,0.0,0.6754362098539066,0.3245637901460933,2028,target,group_aware_random_forest,complete,,0.95,0.9933726288156666,0.0475713278456072
0.0,0.0,0.0,0,999143,,,,,,1.0,0.0,2028,target,ordinary_random_forest,single,G1_Packet_Byte_Magnitude,0.8,0.9999158525125672,0.0508172559416835
0.0,0.0,0.0,0,999143,,,,,,1.0,0.0,2028,target,ordinary_random_forest,single,G1_Packet_Byte_Magnitude,0.9,0.9993427033324774,0.0508172559416835
0.0357686537362519,0.0424938529502826,0.0027503400958183,35738,963405,0.0130113604566567,0.9869886395433431,0.0,0.0,0.0,0.9972496599041816,0.0027503400958183,2028,target,ordinary_random_forest,single,G1_Packet_Byte_Magnitude,0.95,0.9970788234490552,0.0508172559416835
0.0629369369549704,0.074819925476434,0.0045957295794641,62883,936260,0.0123562807117981,0.987643719288202,0.0,0.0,0.0,0.995404270420536,0.0045957295794641,2028,target,group_aware_random_forest,single,G1_Packet_Byte_Magnitude,0.8,0.99971463561617,0.0490780861330054
0.336345247877431,0.3997720682397813,0.024942331578636,336057,663086,0.0125484664803887,0.9874515335196112,0.0,0.0,0.0,0.975057668421364,0.024942331578636,2028,target,group_aware_random_forest,single,G1_Packet_Byte_Magnitude,0.9,0.998261066540506,0.0490780861330054
0.6716586114299955,0.7639689521283067,0.2184479801265748,671083,328060,0.0550349211647441,0.9449650788352558,0.0,0.0,0.0,0.7815520198734253,0.2184479801265748,2028,target,group_aware_random_forest,single,G1_Packet_Byte_Magnitude,0.95,0.9933726288156666,0.0490780861330054
0.2394241865278543,0.2846593010494258,0.0173360146684805,239219,759924,0.0122523712581358,0.9877476287418642,0.0,0.0,0.0,0.9826639853315194,0.0173360146684805,2028,target,ordinary_random_forest,single,G2_Temporal_Activity,0.8,0.9999158525125672,0.0369098140482689
0.2759915247366993,0.328107286949461,0.0201218430235996,275755,723388,0.0123370383129952,0.9876629616870048,0.0,0.0,0.0,0.9798781569764003,0.0201218430235996,2028,target,ordinary_random_forest,single,G2_Temporal_Activity,0.9,0.9993427033324774,0.0369098140482689
0.3956300549570982,0.470436937474174,0.0283551191814041,395291,603852,0.0121277742220288,0.9878722257779712,0.0,0.0,0.0,0.971644880818596,0.0283551191814041,2028,target,ordinary_random_forest,single,G2_Temporal_Activity,0.95,0.9970788234490552,0.0369098140482689
0.5666726384511527,0.6703627271336376,0.0575915301354468,566187,432956,0.0171974983530176,0.9828025016469824,0.0,0.0,0.0,0.9424084698645532,0.0575915301354468,2028,target,group_aware_random_forest,single,G2_Temporal_Activity,0.8,0.99971463561617,0.0372870154147675
0.6701843479862242,0.7783038359276835,0.1393564795646773,669610,329533,0.0351861531339137,0.9648138468660862,0.0,0.0,0.0,0.8606435204353227,0.1393564795646773,2028,target,group_aware_random_forest,single,G2_Temporal_Activity,0.9,0.998261066540506,0.0372870154147675
0.7993100086774365,0.8878267333114076,0.364724670254924,798625,200518,0.0772127093441853,0.9227872906558148,0.0,0.0,0.0,0.6352753297450761,0.364724670254924,2028,target,group_aware_random_forest,single,G2_Temporal_Activity,0.95,0.9933726288156666,0.0372870154147675
0.3315941762090111,0.3940400422613432,0.0250073933873543,331310,667833,0.012761462074794,0.987238537925206,0.0,0.0,0.0,0.9749926066126456,0.0250073933873543,2028,target,ordinary_random_forest,single,G3_TCP_Control_Flags,0.8,0.9999158525125672,0.0362549695559505
0.4758948418794907,0.56311794263878,0.0476607322410835,475487,523656,0.016946835560173,0.9830531644398268,0.0,0.0,0.0,0.9523392677589164,0.0476607322410835,2028,target,ordinary_random_forest,single,G3_TCP_Control_Flags,0.9,0.9993427033324774,0.0362549695559505
0.6592289592180499,0.7724441103372836,0.1033832140533506,658664,340479,0.0265370507572905,0.9734629492427096,0.0,0.0,0.0,0.8966167859466493,0.1033832140533506,2028,target,ordinary_random_forest,single,G3_TCP_Control_Flags,0.95,0.9970788234490552,0.0362549695559505
0.5048936938956686,0.5934032308001826,0.0703436446442302,504461,494682,0.0235756579795068,0.9764243420204932,0.0,0.0,0.0,0.9296563553557698,0.0703436446442302,2028,target,group_aware_random_forest,single,G3_TCP_Control_Flags,0.8,0.99971463561617,0.0456168588848918
0.6794663026213464,0.7626871371554068,0.2708818832436269,678884,320259,0.0674607149380453,0.9325392850619546,0.0,0.0,0.0,0.7291181167563731,0.2708818832436269,2028,target,group_aware_random_forest,single,G3_TCP_Control_Flags,0.9,0.998261066540506,0.0456168588848918
0.7650886809996167,0.8544983393026878,0.3261193588454486,764433,234710,0.0721279693576807,0.9278720306423192,0.0,0.0,0.0,0.6738806411545514,0.3261193588454486,2028,target,group_aware_random_forest,single,G3_TCP_Control_Flags,0.95,0.9933726288156666,0.0456168588848918
0.0,0.0,0.0,0,999143,,,,,,1.0,0.0,2028,target,ordinary_random_forest,single,G4_Rate_Header_Flow_Context,0.8,0.9999158525125672,0.0748814186045896
0.0,0.0,0.0,0,999143,,,,,,1.0,0.0,2028,target,ordinary_random_forest,single,G4_Rate_Header_Flow_Context,0.9,0.9993427033324774,0.0748814186045896
0.0588424279607623,0.0696011073724841,0.0060211746613828,58792,940351,0.0173152809906109,0.982684719009389,0.0,0.0,0.0,0.9939788253386171,0.0060211746613828,2028,target,ordinary_random_forest,single,G4_Rate_Header_Flow_Context,0.95,0.9970788234490552,0.0748814186045896
0.4434069997988276,0.5262778093011097,0.0365410776601407,443027,556116,0.0139449740083561,0.986055025991644,0.0,0.0,0.0,0.9634589223398592,0.0365410776601407,2028,target,group_aware_random_forest,single,G4_Rate_Header_Flow_Context,0.8,0.99971463561617,0.0527383261191145
0.5821458990354734,0.6882105549752853,0.0614065180102915,581647,417496,0.0178493141028837,0.9821506858971164,0.0,0.0,0.0,0.9385934819897084,0.0614065180102915,2028,target,group_aware_random_forest,single,G4_Rate_Header_Flow_Context,0.9,0.998261066540506,0.0527383261191145
0.7055666706367357,0.7805048471640446,0.3376471284083516,704962,294181,0.0809759958692808,0.919024004130719,1.0,1.751742984269348e-05,3.5034245975440995e-05,0.6623528715916485,0.3376412136984681,2028,target,group_aware_random_forest,single,G4_Rate_Header_Flow_Context,0.95,0.9933726288156666,0.0527383261191145
0.0,0.0,0.0,0,999143,,,,,,1.0,0.0,2028,target,ordinary_random_forest,pairwise_unseen,G1_Packet_Byte_Magnitude+G2_Temporal_Activity,0.8,0.9999158525125672,0.0600274182252152
0.0,0.0,0.0,0,999143,,,,,,1.0,0.0,2028,target,ordinary_random_forest,pairwise_unseen,G1_Packet_Byte_Magnitude+G2_Temporal_Activity,0.9,0.9993427033324774,0.0600274182252152
0.0394167801806147,0.0468356397569852,0.0029928432010409,39383,959760,0.0128481832262651,0.9871518167737348,0.0,0.0,0.0,0.997007156798959,0.0029928432010409,2028,target,ordinary_random_forest,pairwise_unseen,G1_Packet_Byte_Magnitude+G2_Temporal_Activity,0.95,0.9970788234490552,0.0600274182252152
0.0003843293702703,0.0004577910617499,2.365883953392086e-05,384,998759,0.0104166666666666,0.9895833333333334,0.0,0.0,0.0,0.999976341160466,2.365883953392086e-05,2028,target,group_aware_random_forest,pairwise_unseen,G1_Packet_Byte_Magnitude+G2_Temporal_Activity,0.8,0.99971463561617,0.0401137971761436
0.1420617469171079,0.1692068047027189,0.0087892588868516,141940,857203,0.0104692123432436,0.9895307876567564,0.0,0.0,0.0,0.9912107411131484,0.0087892588868516,2028,target,group_aware_random_forest,pairwise_unseen,G1_Packet_Byte_Magnitude+G2_Temporal_Activity,0.9,0.998261066540506,0.0401137971761436
0.440129190716444,0.5144005406753382,0.0754835275329745,439752,559391,0.0290209026906074,0.9709790973093926,0.0,0.0,0.0,0.9245164724670256,0.0754835275329745,2028,target,group_aware_random_forest,pairwise_unseen,G1_Packet_Byte_Magnitude+G2_Temporal_Activity,0.95,0.9933726288156666,0.0401137971761436
0.0,0.0,0.0,0,999143,,,,,,1.0,0.0,2028,target,ordinary_random_forest,pairwise_unseen,G1_Packet_Byte_Magnitude+G3_TCP_Control_Flags,0.8,0.9999158525125672,0.0482384392806565
0.0,0.0,0.0,0,999143,,,,,,1.0,0.0,2028,target,ordinary_random_forest,pairwise_unseen,G1_Packet_Byte_Magnitude+G3_TCP_Control_Flags,0.9,0.9993427033324774,0.0482384392806565
0.0132243332535983,0.0157383748176365,0.0008812917726385,13213,985930,0.0112767728751986,0.9887232271248012,0.0,0.0,0.0,0.9991187082273616,0.0008812917726385,2028,target,ordinary_random_forest,pairwise_unseen,G1_Packet_Byte_Magnitude+G3_TCP_Control_Flags,0.95,0.9970788234490552,0.0482384392806565
0.033386612326764,0.0396663907873163,0.0025551546696634,33358,965785,0.0129504166916481,0.9870495833083518,0.0,0.0,0.0,0.9974448453303364,0.0025551546696634,2028,target,group_aware_random_forest,pairwise_unseen,G1_Packet_Byte_Magnitude+G3_TCP_Control_Flags,0.8,0.99971463561617,0.0359769044462143
0.2400607320473645,0.2853218933756428,0.0178446797184598,239855,759288,0.0125784328031519,0.987421567196848,0.0,0.0,0.0,0.9821553202815402,0.0178446797184598,2028,target,group_aware_random_forest,pairwise_unseen,G1_Packet_Byte_Magnitude+G3_TCP_Control_Flags,0.9,0.998261066540506,0.0359769044462143
0.6089418631767425,0.7222003365969017,0.0528834210681966,608420,390723,0.0146954406495512,0.9853045593504488,0.0,0.0,0.0,0.9471165789318032,0.0528834210681966,2028,target,group_aware_random_forest,pairwise_unseen,G1_Packet_Byte_Magnitude+G3_TCP_Control_Flags,0.95,0.9933726288156666,0.0359769044462143
0.0,0.0,0.0,0,999143,,,,,,1.0,0.0,2028,target,ordinary_random_forest,pairwise_unseen,G1_Packet_Byte_Magnitude+G4_Rate_Header_Flow_Context,0.8,0.9999158525125672,0.2029358863083024
0.0,0.0,0.0,0,999143,,,,,,1.0,0.0,2028,target,ordinary_random_forest,pairwise_unseen,G1_Packet_Byte_Magnitude+G4_Rate_Header_Flow_Context,0.9,0.9993427033324774,0.2029358863083024
0.0,0.0,0.0,0,999143,,,,,,1.0,0.0,2028,target,ordinary_random_forest,pairwise_unseen,G1_Packet_Byte_Magnitude+G4_Rate_Header_Flow_Context,0.95,0.9970788234490552,0.2029358863083024
0.0,0.0,0.0,0,999143,,,,,,1.0,0.0,2028,target,group_aware_random_forest,pairwise_unseen,G1_Packet_Byte_Magnitude+G4_Rate_Header_Flow_Context,0.8,0.99971463561617,0.1331868578535283
0.0,0.0,0.0,0,999143,,,,,,1.0,0.0,2028,target,group_aware_random_forest,pairwise_unseen,G1_Packet_Byte_Magnitude+G4_Rate_Header_Flow_Context,0.9,0.998261066540506,0.1331868578535283
0.0001821561077843,0.0002156436843506,1.7744129650440647e-05,182,998961,0.0164835164835164,0.9835164835164836,0.0,0.0,0.0,0.9999822558703496,1.7744129650440647e-05,2028,target,group_aware_random_forest,pairwise_unseen,G1_Packet_Byte_Magnitude+G4_Rate_Header_Flow_Context,0.95,0.9933726288156666,0.1331868578535283
0.2380530114307961,0.2830341427802133,0.0172118057609274,237849,761294,0.0122346530782134,0.9877653469217864,0.0,0.0,0.0,0.9827881942390726,0.0172118057609274,2028,target,ordinary_random_forest,pairwise_unseen,G2_Temporal_Activity+G3_TCP_Control_Flags,0.8,0.9999158525125672,0.0365287281608344
0.2628462592441722,0.3124929976038252,0.0190985982137576,262621,736522,0.0122952848401308,0.9877047151598692,0.0,0.0,0.0,0.9809014017862424,0.0190985982137576,2028,target,ordinary_random_forest,pairwise_unseen,G2_Temporal_Activity+G3_TCP_Control_Flags,0.9,0.9993427033324774,0.0365287281608344
0.388465915289403,0.4620039442314109,0.0274205950198142,388133,611010,0.0119443592789069,0.988055640721093,0.0,0.0,0.0,0.9725794049801856,0.0274205950198142,2028,target,ordinary_random_forest,pairwise_unseen,G2_Temporal_Activity+G3_TCP_Control_Flags,0.95,0.9970788234490552,0.0365287281608344
0.5286860839739657,0.6288290306997095,0.0370201691607026,528233,470910,0.0118489378740063,0.9881510621259936,0.0,0.0,0.0,0.9629798308392972,0.0370201691607026,2028,target,group_aware_random_forest,pairwise_unseen,G2_Temporal_Activity+G3_TCP_Control_Flags,0.8,0.99971463561617,0.0363698907175406
0.6611215811950842,0.7705153643113316,0.1240373809664635,660555,338588,0.0317475456245127,0.9682524543754872,0.0,0.0,0.0,0.8759626190335364,0.1240373809664635,2028,target,group_aware_random_forest,pairwise_unseen,G2_Temporal_Activity+G3_TCP_Control_Flags,0.9,0.998261066540506,0.0363698907175406
0.8145550736981593,0.9037325632805788,0.3767256166085053,813857,185286,0.0782606772442824,0.9217393227557176,0.0,0.0,0.0,0.6232743833914947,0.3767256166085053,2028,target,group_aware_random_forest,pairwise_unseen,G2_Temporal_Activity+G3_TCP_Control_Flags,0.95,0.9933726288156666,0.0363698907175406
0.0,0.0,0.0,0,999143,,,,,,1.0,0.0,2028,target,ordinary_random_forest,pairwise_unseen,G2_Temporal_Activity+G4_Rate_Header_Flow_Context,0.8,0.9999158525125672,0.0488377305562852
0.0,0.0,0.0,0,999143,,,,,,1.0,0.0,2028,target,ordinary_random_forest,pairwise_unseen,G2_Temporal_Activity+G4_Rate_Header_Flow_Context,0.9,0.9993427033324774,0.0488377305562852
1.7014581496342367e-05,2.0480126446710108e-05,0.0,17,999126,0.0,1.0,0.0,0.0,0.0,1.0,0.0,2028,target,ordinary_random_forest,pairwise_unseen,G2_Temporal_Activity+G4_Rate_Header_Flow_Context,0.95,0.9970788234490552,0.0488377305562852
0.3445452753009329,0.4096049383608429,0.0251256875850239,344250,654893,0.0123398692810457,0.9876601307189542,0.0,0.0,0.0,0.974874312414976,0.0251256875850239,2028,target,group_aware_random_forest,pairwise_unseen,G2_Temporal_Activity+G4_Rate_Header_Flow_Context,0.8,0.99971463561617,0.0428999536811497
0.5943583651189069,0.6934522626323227,0.1078429053054947,593849,405294,0.0307030911898479,0.969296908810152,0.0,0.0,0.0,0.8921570946945052,0.1078429053054947,2028,target,group_aware_random_forest,pairwise_unseen,G2_Temporal_Activity+G4_Rate_Header_Flow_Context,0.9,0.998261066540506,0.0428999536811497
0.6737003612095566,0.7706912524561093,0.1975099071390548,673123,326020,0.0496090610482779,0.950390938951722,0.0,0.0,0.0,0.8024900928609452,0.1975099071390548,2028,target,group_aware_random_forest,pairwise_unseen,G2_Temporal_Activity+G4_Rate_Header_Flow_Context,0.95,0.9933726288156666,0.0428999536811497
0.0,0.0,0.0,0,999143,,,,,,1.0,0.0,2028,target,ordinary_random_forest,pairwise_unseen,G3_TCP_Control_Flags+G4_Rate_Header_Flow_Context,0.8,0.9999158525125672,0.0702719676672129
0.0,0.0,0.0,0,999143,,,,,,1.0,0.0,2028,target,ordinary_random_forest,pairwise_unseen,G3_TCP_Control_Flags+G4_Rate_Header_Flow_Context,0.9,0.9993427033324774,0.0702719676672129
0.025959247074743,0.0306141748978704,0.0031052226888271,25937,973206,0.0202413540501985,0.9797586459498014,0.0,0.0,0.0,0.9968947773111728,0.0031052226888271,2028,target,ordinary_random_forest,pairwise_unseen,G3_TCP_Control_Flags+G4_Rate_Header_Flow_Context,0.95,0.9970788234490552,0.0702719676672129
0.2827463135907472,0.3362764479750576,0.0199325723073283,282504,716639,0.0119290346331379,0.988070965366862,0.0,0.0,0.0,0.9800674276926716,0.0199325723073283,2028,target,group_aware_random_forest,pairwise_unseen,G3_TCP_Control_Flags+G4_Rate_Header_Flow_Context,0.8,0.99971463561617,0.0502023659805717
0.5315635499623177,0.6286423001350484,0.0549417401076477,531108,468035,0.0174898514049873,0.9825101485950128,0.0,0.0,0.0,0.9450582598923524,0.0549417401076477,2028,target,group_aware_random_forest,pairwise_unseen,G3_TCP_Control_Flags+G4_Rate_Header_Flow_Context,0.9,0.998261066540506,0.0502023659805717
0.6976518876677312,0.7784508109527716,0.3009581830011238,697054,302089,0.07299721398916,0.92700278601084,0.0,0.0,0.0,0.6990418169988762,0.3009581830011238,2028,target,group_aware_random_forest,pairwise_unseen,G3_TCP_Control_Flags+G4_Rate_Header_Flow_Context,0.95,0.9933726288156666,0.0502023659805717
0.7816724154003916,0.8184401430816033,0.6375548712572888,117390,32788,0.0,1.0,1.0,1.0,1.0,0.3624451287427111,0.0,2029,source,ordinary_random_forest,complete,,0.8,0.999930426714768,4.996946201778318e-05
0.8799424682709851,0.9112760338314444,0.757125073707659,132148,18030,0.0001286436419771,0.9998713563580228,0.9992649920013836,1.0,0.9996323608918491,0.2428749262923409,0.0,2029,source,ordinary_random_forest,complete,,0.9,0.999259931360228,4.996946201778318e-05
0.9290109070569592,0.9621318490288504,0.799187577802529,139517,10661,0.0002221951446777,0.9997778048553224,0.9988125946853376,0.999918019347434,0.9993650013314488,0.200812422197471,6.551791915088777e-05,2029,source,ordinary_random_forest,complete,,0.95,0.9966119932572904,4.996946201778318e-05
0.8653264792446297,0.915972988332832,0.6668086221581603,129953,20225,7.695089763222088e-06,0.9999923049102368,0.999950874435056,1.0,0.9999754366141828,0.3331913778418397,0.0,2029,source,group_aware_random_forest,complete,,0.8,0.99970830256785,3.747939051115952e-05
0.928891049288178,0.9672550396148832,0.7785166743104239,139499,10679,0.0001577072237076,0.9998422927762924,0.9991590631964008,0.99991584262571,0.9995373096660216,0.2214833256895761,6.551791915088777e-05,2029,source,group_aware_random_forest,complete,,0.9,0.998373827887058,3.747939051115952e-05
0.9564383598130218,0.987472002139538,0.8347965668610365,143636,6542,0.0002854437606171,0.9997145562393828,0.9984717868338558,0.9999215163049876,0.999196125718095,0.1652034331389635,6.551791915088777e-05,2029,source,group_aware_random_forest,complete,,0.95,0.9938183217834692,3.747939051115952e-05
0.0,0.0,0.0,0,150178,,,,,,1.0,0.0,2029,source,ordinary_random_forest,single,G1_Packet_Byte_Magnitude,0.8,0.999930426714768,0.0773905254052221
9.988147398420542e-05,0.0001253635543074,0.0,15,150163,0.0,1.0,0.0,0.0,0.0,1.0,0.0,2029,source,ordinary_random_forest,single,G1_Packet_Byte_Magnitude,0.9,0.999259931360228,0.0773905254052221
0.0806775959195088,0.1012603215993046,0.0,12116,138062,0.0,1.0,0.0,0.0,0.0,1.0,0.0,2029,source,ordinary_random_forest,single,G1_Packet_Byte_Magnitude,0.95,0.9966119932572904,0.0773905254052221
0.5883351755916313,0.6679119446394545,0.2764201008975955,88355,61823,0.0,1.0,1.0,1.0,1.0,0.7235798991024045,0.0,2029,source,group_aware_random_forest,single,G1_Packet_Byte_Magnitude,0.8,0.99970830256785,0.0001047873028016
0.8051911731412058,0.8584311169056932,0.5965078949092577,120922,29256,0.0001653958750268,0.9998346041249732,0.998902847111745,1.0,0.9994511224545805,0.4034921050907423,0.0,2029,source,group_aware_random_forest,single,G1_Packet_Byte_Magnitude,0.9,0.998373827887058,0.0001047873028016
0.8989066307981196,0.942290977167118,0.728854091594051,134996,15182,0.0002963050757059,0.999703694924294,0.9983842735963376,0.99982021663895,0.9991017291713452,0.271145908405949,0.0001310358383017,2029,source,group_aware_random_forest,single,G1_Packet_Byte_Magnitude,0.95,0.9938183217834692,0.0001047873028016
0.3385715617467272,0.4249490188212483,0.0,50846,99332,0.0,1.0,0.0,0.0,0.0,1.0,0.0,2029,source,ordinary_random_forest,single,G2_Temporal_Activity,0.8,0.999930426714768,0.0007319255540555
0.4243697478991596,0.5326363119713837,0.0,63731,86447,0.0,1.0,0.0,0.0,0.0,1.0,0.0,2029,source,ordinary_random_forest,single,G2_Temporal_Activity,0.9,0.999259931360228,0.0007319255540555
0.5284595613205663,0.6632818507003644,0.0,79363,70815,0.0,1.0,0.0,0.0,0.0,1.0,0.0,2029,source,ordinary_random_forest,single,G2_Temporal_Activity,0.95,0.9966119932572904,0.0007319255540555
0.8236159757088255,0.8718617323571691,0.6345082880167726,123689,26489,0.0,1.0,1.0,1.0,1.0,0.3654917119832274,0.0,2029,source,group_aware_random_forest,single,G2_Temporal_Activity,0.8,0.99970830256785,4.424961410121582e-05
0.8969156600833678,0.9333734496707118,0.7540129725479918,134697,15481,0.0001559054767366,0.9998440945232632,0.9991317937141864,0.9999565538515012,0.9995440036479708,0.2459870274520081,3.2758959575443885e-05,2029,source,group_aware_random_forest,single,G2_Temporal_Activity,0.9,0.998373827887058,4.424961410121582e-05
0.9374741972858874,0.9736903687360012,0.7955185743300793,140788,9390,0.0002699093672756,0.9997300906327244,0.998519615099926,0.9999176412452644,0.9992181391712276,0.2044814256699207,6.551791915088777e-05,2029,source,group_aware_random_forest,single,G2_Temporal_Activity,0.95,0.9938183217834692,4.424961410121582e-05
0.5453861417784229,0.6170310567311871,0.2645613575312848,81905,68273,0.0,1.0,1.0,1.0,1.0,0.7354386424687152,0.0,2029,source,ordinary_random_forest,single,G3_TCP_Control_Flags,0.8,0.999930426714768,0.0001300755744202
0.6817842826512538,0.7872747634807609,0.2682958789228854,102389,47789,0.0,1.0,1.0,1.0,1.0,0.7317041210771146,0.0,2029,source,ordinary_random_forest,single,G3_TCP_Control_Flags,0.9,0.999259931360228,0.0001300755744202
0.7918603257467804,0.915680473372781,0.3065255847474284,118920,31258,8.409014463504877e-06,0.9999915909855364,1.0,0.9998931281393608,0.9999465612141292,0.6934744152525716,3.2758959575443885e-05,2029,source,ordinary_random_forest,single,G3_TCP_Control_Flags,0.95,0.9966119932572904,0.0001300755744202
0.8556912463876201,0.904606692742286,0.6639585926750966,128506,21672,7.781737817689446e-06,0.9999922182621824,0.9999506635749174,1.0,0.999975331178923,0.3360414073249033,0.0,2029,source,group_aware_random_forest,single,G3_TCP_Control_Flags,0.8,0.99970830256785,4.670699189487479e-05
0.9203678301748592,0.9589810450305888,0.7690165760335452,138219,11959,0.0001664025929864,0.9998335974070136,0.9991061547629182,0.9999148029818956,0.9995103153143564,0.2309834239664548,6.551791915088777e-05,2029,source,group_aware_random_forest,single,G3_TCP_Control_Flags,0.9,0.998373827887058,4.670699189487479e-05
0.9542010147957756,0.9868033965165648,0.8264102732097228,143300,6878,0.0002791346824842,0.9997208653175156,0.9985352915561536,0.9998810797954572,0.9992077325305024,0.1735897267902771,9.827687872633164e-05,2029,source,group_aware_random_forest,single,G3_TCP_Control_Flags,0.95,0.9938183217834692,4.670699189487479e-05
0.0,0.0,0.0,0,150178,,,,,,1.0,0.0,2029,source,ordinary_random_forest,single,G4_Rate_Header_Flow_Context,0.8,0.999930426714768,0.0040784470954115
0.0007724167321445,0.0009694781533112,0.0,116,150062,0.0,1.0,0.0,0.0,0.0,1.0,0.0,2029,source,ordinary_random_forest,single,G4_Rate_Header_Flow_Context,0.9,0.999259931360228,0.0040784470954115
0.1642118019949659,0.2060976832815164,3.2758959575443885e-05,24661,125517,4.054985604801103e-05,0.999959450143952,0.0,0.0,0.0,0.9999672410404246,3.2758959575443885e-05,2029,source,ordinary_random_forest,single,G4_Rate_Header_Flow_Context,0.95,0.9966119932572904,0.0040784470954115
0.7697465674066775,0.803279510580684,0.6383083273275241,115599,34579,3.460237545307485e-05,0.999965397624547,0.9998460512136296,0.9999486784706184,0.9998973622087652,0.3616916726724759,3.2758959575443885e-05,2029,source,group_aware_random_forest,single,G4_Rate_Header_Flow_Context,0.8,0.99970830256785,0.0015471007256455
0.848233429663466,0.8746865911142313,0.7445456332306886,127386,22792,0.0002983059362881,0.999701694063712,0.9988567408319408,0.9994720168954594,0.9991642841433912,0.2554543667693114,0.0003931075149053,2029,source,group_aware_random_forest,single,G4_Rate_Header_Flow_Context,0.9,0.998373827887058,0.0015471007256455
0.8970288590872165,0.9274730050479724,0.7776977003210378,134714,15464,0.0010169692830737,0.9989830307169262,0.9986057712619882,0.9956192080876158,0.9971102533274272,0.2223022996789622,0.0034069317958461,2029,source,group_aware_random_forest,single,G4_Rate_Header_Flow_Context,0.95,0.9938183217834692,0.0015471007256455
0.0,0.0,0.0,0,150178,,,,,,1.0,0.0,2029,source,ordinary_random_forest,pairwise_unseen,G1_Packet_Byte_Magnitude+G2_Temporal_Activity,0.8,0.999930426714768,0.0801635209747171
0.0,0.0,0.0,0,150178,,,,,,1.0,0.0,2029,source,ordinary_random_forest,pairwise_unseen,G1_Packet_Byte_Magnitude+G2_Temporal_Activity,0.9,0.999259931360228,0.0801635209747171
0.0608145001265165,0.0763296894326881,0.0,9133,141045,0.0,1.0,0.0,0.0,0.0,1.0,0.0,2029,source,ordinary_random_forest,pairwise_unseen,G1_Packet_Byte_Magnitude+G2_Temporal_Activity,0.95,0.9966119932572904,0.0801635209747171
0.1219219859100534,0.1530271119580115,0.0,18310,131868,0.0,1.0,0.0,0.0,0.0,1.0,0.0,2029,source,group_aware_random_forest,pairwise_unseen,G1_Packet_Byte_Magnitude+G2_Temporal_Activity,0.8,0.99970830256785,0.0222815377128379
0.3271251448281372,0.4105823554976097,0.0,49127,101051,0.0,1.0,0.0,0.0,0.0,1.0,0.0,2029,source,group_aware_random_forest,pairwise_unseen,G1_Packet_Byte_Magnitude+G2_Temporal_Activity,0.9,0.998373827887058,0.0222815377128379
0.5090159677183076,0.6388443151806906,0.0001310358383017,76443,73735,5.232657012414479e-05,0.999947673429876,0.0,0.0,0.0,0.9998689641616982,0.0001310358383017,2029,source,group_aware_random_forest,pairwise_unseen,G1_Packet_Byte_Magnitude+G2_Temporal_Activity,0.95,0.9938183217834692,0.0222815377128379
0.0,0.0,0.0,0,150178,,,,,,1.0,0.0,2029,source,ordinary_random_forest,pairwise_unseen,G1_Packet_Byte_Magnitude+G3_TCP_Control_Flags,0.8,0.999930426714768,0.0880128309531536
0.0,0.0,0.0,0,150178,,,,,,1.0,0.0,2029,source,ordinary_random_forest,pairwise_unseen,G1_Packet_Byte_Magnitude+G3_TCP_Control_Flags,0.9,0.999259931360228,0.0880128309531536
0.066194782191799,0.0830826062247183,0.0,9941,140237,0.0,1.0,0.0,0.0,0.0,1.0,0.0,2029,source,ordinary_random_forest,pairwise_unseen,G1_Packet_Byte_Magnitude+G3_TCP_Control_Flags,0.95,0.9966119932572904,0.0880128309531536
0.3951510873763134,0.4959632935512987,0.0,59343,90835,0.0,1.0,0.0,0.0,0.0,1.0,0.0,2029,source,group_aware_random_forest,pairwise_unseen,G1_Packet_Byte_Magnitude+G3_TCP_Control_Flags,0.8,0.99970830256785,0.0034440092872288
0.5463250276338745,0.67659546016782,0.0357072659372338,82046,68132,0.0,1.0,1.0,1.0,1.0,0.9642927340627662,0.0,2029,source,group_aware_random_forest,pairwise_unseen,G1_Packet_Byte_Magnitude+G3_TCP_Control_Flags,0.9,0.998373827887058,0.0034440092872288
0.6887360332405545,0.819534984789222,0.1760466487584354,103433,46745,0.0,1.0,1.0,1.0,1.0,0.8239533512415645,0.0,2029,source,group_aware_random_forest,pairwise_unseen,G1_Packet_Byte_Magnitude+G3_TCP_Control_Flags,0.95,0.9938183217834692,0.0034440092872288
0.0,0.0,0.0,0,150178,,,,,,1.0,0.0,2029,source,ordinary_random_forest,pairwise_unseen,G1_Packet_Byte_Magnitude+G4_Rate_Header_Flow_Context,0.8,0.999930426714768,0.1053560745935781
0.0,0.0,0.0,0,150178,,,,,,1.0,0.0,2029,source,ordinary_random_forest,pairwise_unseen,G1_Packet_Byte_Magnitude+G4_Rate_Header_Flow_Context,0.9,0.999259931360228,0.1053560745935781
0.0,0.0,0.0,0,150178,,,,,,1.0,0.0,2029,source,ordinary_random_forest,pairwise_unseen,G1_Packet_Byte_Magnitude+G4_Rate_Header_Flow_Context,0.95,0.9966119932572904,0.1053560745935781
0.0,0.0,0.0,0,150178,,,,,,1.0,0.0,2029,source,group_aware_random_forest,pairwise_unseen,G1_Packet_Byte_Magnitude+G4_Rate_Header_Flow_Context,0.8,0.99970830256785,0.026935097930154
0.0,0.0,0.0,0,150178,,,,,,1.0,0.0,2029,source,group_aware_random_forest,pairwise_unseen,G1_Packet_Byte_Magnitude+G4_Rate_Header_Flow_Context,0.9,0.998373827887058,0.026935097930154
0.0035557804738377,0.0044629425333467,0.0,534,149644,0.0,1.0,0.0,0.0,0.0,1.0,0.0,2029,source,group_aware_random_forest,pairwise_unseen,G1_Packet_Byte_Magnitude+G4_Rate_Header_Flow_Context,0.95,0.9938183217834692,0.026935097930154
0.32870993088202,0.4125714572259553,0.0,49365,100813,0.0,1.0,0.0,0.0,0.0,1.0,0.0,2029,source,ordinary_random_forest,pairwise_unseen,G2_Temporal_Activity+G3_TCP_Control_Flags,0.8,0.999930426714768,0.0062055053966008
0.3793897907816058,0.4761809246815766,0.0,56976,93202,0.0,1.0,0.0,0.0,0.0,1.0,0.0,2029,source,ordinary_random_forest,pairwise_unseen,G2_Temporal_Activity+G3_TCP_Control_Flags,0.9,0.999259931360228,0.0062055053966008
0.4869754557924596,0.6112141878113195,0.0,73133,77045,0.0,1.0,0.0,0.0,0.0,1.0,0.0,2029,source,ordinary_random_forest,pairwise_unseen,G2_Temporal_Activity+G3_TCP_Control_Flags,0.95,0.9966119932572904,0.0062055053966008
0.7012678288431062,0.7805469193995922,0.3905195570988665,105315,44863,0.0,1.0,1.0,1.0,1.0,0.6094804429011335,0.0,2029,source,group_aware_random_forest,pairwise_unseen,G2_Temporal_Activity+G3_TCP_Control_Flags,0.8,0.99970830256785,4.73518324525609e-05
0.8039726191585984,0.9056430314578946,0.4054576426652689,120739,29439,8.282327996753328e-06,0.9999917176720032,1.0,0.9999192049769734,0.9999596008564618,0.594542357334731,3.2758959575443885e-05,2029,source,group_aware_random_forest,pairwise_unseen,G2_Temporal_Activity+G3_TCP_Control_Flags,0.9,0.998373827887058,4.73518324525609e-05
0.8569364354299565,0.9704894193160164,0.4118456397824805,128693,21485,7.770430404140085e-06,0.999992229569596,1.0,0.9999204581609928,0.9999602274987074,0.5881543602175195,3.2758959575443885e-05,2029,source,group_aware_random_forest,pairwise_unseen,G2_Temporal_Activity+G3_TCP_Control_Flags,0.95,0.9938183217834692,4.73518324525609e-05
0.0,0.0,0.0,0,150178,,,,,,1.0,0.0,2029,source,ordinary_random_forest,pairwise_unseen,G2_Temporal_Activity+G4_Rate_Header_Flow_Context,0.8,0.999930426714768,0.0194721563377129
0.0,0.0,0.0,0,150178,,,,,,1.0,0.0,2029,source,ordinary_random_forest,pairwise_unseen,G2_Temporal_Activity+G4_Rate_Header_Flow_Context,0.9,0.999259931360228,0.0194721563377129
0.0931561214026022,0.1169224083174539,0.0,13990,136188,0.0,1.0,0.0,0.0,0.0,1.0,0.0,2029,source,ordinary_random_forest,pairwise_unseen,G2_Temporal_Activity+G4_Rate_Header_Flow_Context,0.95,0.9966119932572904,0.0194721563377129
0.4372411405132576,0.5230668939925784,0.1008320775732162,65664,84514,0.0,1.0,1.0,1.0,1.0,0.8991679224267837,0.0,2029,source,group_aware_random_forest,pairwise_unseen,G2_Temporal_Activity+G4_Rate_Header_Flow_Context,0.8,0.99970830256785,0.0036365464791589
0.6647045505999547,0.7412746966201986,0.364574461115115,99824,50354,0.0004307581343163,0.9995692418656836,1.0,0.9961362206846976,0.9980643709205492,0.6354255388848851,0.001408635261744,2029,source,group_aware_random_forest,pairwise_unseen,G2_Temporal_Activity+G4_Rate_Header_Flow_Context,0.9,0.998373827887058,0.0036365464791589
0.7504827604575903,0.8419082004479658,0.3921247461180633,112706,37472,0.0004525047468635,0.9995474952531364,1.0,0.9957393483709274,0.9978651262087151,0.6078752538819368,0.0016707069383476,2029,source,group_aware_random_forest,pairwise_unseen,G2_Temporal_Activity+G4_Rate_Header_Flow_Context,0.95,0.9938183217834692,0.0036365464791589
0.0,0.0,0.0,0,150178,,,,,,1.0,0.0,2029,source,ordinary_random_forest,pairwise_unseen,G3_TCP_Control_Flags+G4_Rate_Header_Flow_Context,0.8,0.999930426714768,0.0042396278255872
1.331752986456072e-05,1.671514057433223e-05,0.0,2,150176,0.0,1.0,0.0,0.0,0.0,1.0,0.0,2029,source,ordinary_random_forest,pairwise_unseen,G3_TCP_Control_Flags+G4_Rate_Header_Flow_Context,0.9,0.999259931360228,0.0042396278255872
0.1298792100041284,0.1630060508808879,3.2758959575443885e-05,19505,130673,5.126890540886952e-05,0.9999487310945911,0.0,0.0,0.0,0.9999672410404246,3.2758959575443885e-05,2029,source,ordinary_random_forest,pairwise_unseen,G3_TCP_Control_Flags+G4_Rate_Header_Flow_Context,0.95,0.9966119932572904,0.0042396278255872
0.5965720678128621,0.6731772139203691,0.2963047893598899,89592,60586,0.0,1.0,1.0,1.0,1.0,0.7036952106401101,0.0,2029,source,group_aware_random_forest,pairwise_unseen,G3_TCP_Control_Flags+G4_Rate_Header_Flow_Context,0.8,0.99970830256785,0.003482532477381
0.7197991716496425,0.8201283722796109,0.3265413090480246,108098,42080,0.0001295121093822,0.9998704878906176,1.0,0.9985955056179776,0.999297259311314,0.6734586909519754,0.0004586254340562,2029,source,group_aware_random_forest,pairwise_unseen,G3_TCP_Control_Flags+G4_Rate_Header_Flow_Context,0.9,0.998373827887058,0.003482532477381
0.8016420514323004,0.9007204225587536,0.4132870340038,120389,29789,0.0006395933183264,0.9993604066816736,1.0,0.9938966391883324,0.9969389783343272,0.5867129659961999,0.0025224398873091,2029,source,group_aware_random_forest,pairwise_unseen,G3_TCP_Control_Flags+G4_Rate_Header_Flow_Context,0.95,0.9938183217834692,0.003482532477381
0.377767746959144,0.4488340182128559,0.0288578695214999,377444,621699,0.0129264208730301,0.9870735791269698,0.0,0.0,0.0,0.9711421304785,0.0288578695214999,2029,target,ordinary_random_forest,complete,,0.8,0.999930426714768,0.0471744782675162
0.4367563001492279,0.5186339032832052,0.0347666646950967,436382,562761,0.0134698498104871,0.9865301501895128,0.0,0.0,0.0,0.9652333353049032,0.0347666646950967,2029,target,ordinary_random_forest,complete,,0.9,0.999259931360228,0.0471744782675162
0.6517445450751294,0.731574210942893,0.2598095463417519,651186,347957,0.0674553814117625,0.9325446185882376,0.0,0.0,0.0,0.7401904536582481,0.2598095463417519,2029,target,ordinary_random_forest,complete,,0.95,0.9966119932572904,0.0471744782675162
0.5466214545865807,0.620494823949219,0.1839297332465842,546153,452990,0.0569382572282858,0.9430617427717142,0.0,0.0,0.0,0.8160702667534158,0.1839297332465842,2029,target,group_aware_random_forest,complete,,0.8,0.99970830256785,0.0505372826270409
0.6739315593463598,0.7581851234770918,0.2602768084225468,673354,325789,0.0653519545439694,0.9346480454560304,0.0,0.0,0.0,0.7397231915774531,0.2602768084225468,2029,target,group_aware_random_forest,complete,,0.9,0.998373827887058,0.0505372826270409
0.7641999193308665,0.8589919199877601,0.298805228603537,763545,235598,0.0661637493533452,0.9338362506466548,0.0,0.0,0.0,0.701194771396463,0.298805228603537,2029,target,group_aware_random_forest,complete,,0.95,0.9938183217834692,0.0505372826270409
0.0,0.0,0.0,0,999143,,,,,,1.0,0.0,2029,target,ordinary_random_forest,single,G1_Packet_Byte_Magnitude,0.8,0.999930426714768,0.0792101093717171
1.0008577350789629e-06,1.2047133203947122e-06,0.0,1,999142,0.0,1.0,0.0,0.0,0.0,1.0,0.0,2029,target,ordinary_random_forest,single,G1_Packet_Byte_Magnitude,0.9,0.999259931360228,0.0792101093717171
0.0796112268213859,0.0945832474975092,0.0061039805997515,79543,919600,0.0129741146298228,0.9870258853701772,0.0,0.0,0.0,0.9938960194002484,0.0061039805997515,2029,target,ordinary_random_forest,single,G1_Packet_Byte_Magnitude,0.95,0.9966119932572904,0.0792101093717171
0.0663488609738545,0.0788412585399115,0.0050156739811912,66292,932851,0.0127918904241839,0.987208109575816,0.0,0.0,0.0,0.9949843260188088,0.0050156739811912,2029,target,group_aware_random_forest,single,G1_Packet_Byte_Magnitude,0.8,0.99970830256785,0.0657563557093923
0.3784293139220311,0.4258757964660939,0.1454841190039628,378105,621038,0.0650533581941524,0.9349466418058476,0.0,0.0,0.0,0.8545158809960371,0.1454841190039628,2029,target,group_aware_random_forest,single,G1_Packet_Byte_Magnitude,0.9,0.998373827887058,0.0657563557093923
0.6622955873183318,0.7466644499941572,0.2480747619329271,661728,337415,0.0633825378403211,0.9366174621596788,0.0,0.0,0.0,0.7519252380670728,0.2480747619329271,2029,target,group_aware_random_forest,single,G1_Packet_Byte_Magnitude,0.95,0.9938183217834692,0.0657563557093923
0.2380089736904527,0.2829811353941159,0.0172118057609274,237805,761338,0.0122369168015811,0.9877630831984188,0.0,0.0,0.0,0.9827881942390726,0.0172118057609274,2029,target,ordinary_random_forest,single,G2_Temporal_Activity,0.8,0.999930426714768,0.0402497477355193
0.3180785933545048,0.378110118025764,0.0233453599100964,317806,681337,0.0124195263777272,0.9875804736222727,0.0,0.0,0.0,0.9766546400899035,0.0233453599100964,2029,target,ordinary_random_forest,single,G2_Temporal_Activity,0.9,0.999259931360228,0.0402497477355193
0.3869666304022547,0.4494219183132086,0.0803335896374282,386635,612508,0.0351287389915553,0.9648712610084448,0.0,0.0,0.0,0.9196664103625716,0.0803335896374282,2029,target,ordinary_random_forest,single,G2_Temporal_Activity,0.95,0.9966119932572904,0.0402497477355193
0.5318167669692927,0.6314890377111411,0.0424617022535044,531361,467782,0.0135105888463775,0.9864894111536224,0.0,0.0,0.0,0.9575382977464956,0.0424617022535044,2029,target,group_aware_random_forest,single,G2_Temporal_Activity,0.8,0.99970830256785,0.0363543708097962
0.6465901277394728,0.7551745448894254,0.1134796238244514,646036,353107,0.0296980354035998,0.9703019645964002,0.0,0.0,0.0,0.8865203761755486,0.1134796238244514,2029,target,group_aware_random_forest,single,G2_Temporal_Activity,0.9,0.998373827887058,0.0363543708097962
0.8024366882418232,0.8904783073295963,0.3701839474773762,801749,197394,0.078063084581334,0.921936915418666,0.0,0.0,0.0,0.6298160525226237,0.3701839474773762,2029,target,group_aware_random_forest,single,G2_Temporal_Activity,0.95,0.9938183217834692,0.0363543708097962
0.3262295787489879,0.3876779512163388,0.0245401313065594,325950,673193,0.0127289461573861,0.987271053842614,0.0,0.0,0.0,0.9754598686934406,0.0245401313065594,2029,target,ordinary_random_forest,single,G3_TCP_Control_Flags,0.8,0.999930426714768,0.0377588171545825
0.4249171540009788,0.5047760859587048,0.0328384692730821,424553,574590,0.013077283637143,0.9869227163628568,0.0,0.0,0.0,0.9671615307269178,0.0328384692730821,2029,target,ordinary_random_forest,single,G3_TCP_Control_Flags,0.9,0.999259931360228,0.0377588171545825
0.6286447485495069,0.7409601324220881,0.0772165375288342,628106,371037,0.0207847083135649,0.9792152916864352,0.0,0.0,0.0,0.9227834624711658,0.0772165375288342,2029,target,ordinary_random_forest,single,G3_TCP_Control_Flags,0.95,0.9966119932572904,0.0377588171545825
0.5482698672762557,0.6227632991315222,0.1825338617140829,547800,451343,0.0563362541073384,0.9436637458926616,0.0,0.0,0.0,0.8174661382859171,0.1825338617140829,2029,target,group_aware_random_forest,single,G3_TCP_Control_Flags,0.8,0.99970830256785,0.0509163145924295
0.6827751382935175,0.76770235870821,0.2658129768734844,682190,316953,0.0658775414473973,0.9341224585526028,0.0,0.0,0.0,0.7341870231265156,0.2658129768734844,2029,target,group_aware_random_forest,single,G3_TCP_Control_Flags,0.9,0.998373827887058,0.0509163145924295
0.7637455299191407,0.8585811127455055,0.2981368663867037,763091,236052,0.0660550314444804,0.9339449685555196,0.0,0.0,0.0,0.7018631336132962,0.2981368663867037,2029,target,group_aware_random_forest,single,G3_TCP_Control_Flags,0.95,0.9938183217834692,0.0509163145924295
0.0,0.0,0.0,0,999143,,,,,,1.0,0.0,2029,target,ordinary_random_forest,single,G4_Rate_Header_Flow_Context,0.8,0.999930426714768,0.0615138862497341
0.0179473809054359,0.0211198292198397,0.0023717986632755,17932,981211,0.0223622574169083,0.9776377425830916,0.0,0.0,0.0,0.9976282013367244,0.0023717986632755,2029,target,ordinary_random_forest,single,G4_Rate_Header_Flow_Context,0.9,0.999259931360228,0.0615138862497341
0.2022743491171934,0.2402800717527253,0.015679895901106,202101,797042,0.0131172037743504,0.9868827962256496,0.0,0.0,0.0,0.984320104098894,0.015679895901106,2029,target,ordinary_random_forest,single,G4_Rate_Header_Flow_Context,0.95,0.9966119932572904,0.0615138862497341
0.45896533329063,0.5454496170818711,0.0343585497131365,458572,540571,0.0126675854609526,0.9873324145390472,0.0,0.0,0.0,0.9656414502868634,0.0343585497131365,2029,target,group_aware_random_forest,single,G4_Rate_Header_Flow_Context,0.8,0.99970830256785,0.0497646354412869
0.5918582224966796,0.7009166663654883,0.0564204175785177,591351,407792,0.0161308596755564,0.9838691403244436,0.0,0.0,0.0,0.9435795824214822,0.0564204175785177,2029,target,group_aware_random_forest,single,G4_Rate_Header_Flow_Context,0.9,0.998373827887058,0.0497646354412869
0.7030044748349336,0.7809385439593867,0.3203761755485893,702402,296741,0.0771111130093593,0.9228888869906406,1.0,5.5385297049809845e-05,0.0001107644593771,0.6796238244514107,0.3203584314189389,2029,target,group_aware_random_forest,single,G4_Rate_Header_Flow_Context,0.95,0.9938183217834692,0.0497646354412869
0.0,0.0,0.0,0,999143,,,,,,1.0,0.0,2029,target,ordinary_random_forest,pairwise_unseen,G1_Packet_Byte_Magnitude+G2_Temporal_Activity,0.8,0.999930426714768,0.05133387737063
0.0,0.0,0.0,0,999143,,,,,,1.0,0.0,2029,target,ordinary_random_forest,pairwise_unseen,G1_Packet_Byte_Magnitude+G2_Temporal_Activity,0.9,0.999259931360228,0.05133387737063
0.0591466887122263,0.0702733374052643,0.0045188383509788,59096,940047,0.0129281169622309,0.987071883037769,0.0,0.0,0.0,0.9954811616490212,0.0045188383509788,2029,target,ordinary_random_forest,pairwise_unseen,G1_Packet_Byte_Magnitude+G2_Temporal_Activity,0.95,0.9966119932572904,0.05133387737063
0.0,0.0,0.0,0,999143,,,,,,1.0,0.0,2029,target,group_aware_random_forest,pairwise_unseen,G1_Packet_Byte_Magnitude+G2_Temporal_Activity,0.8,0.99970830256785,0.0414949533688734
0.0558168350276186,0.0663110352944861,0.0042940793754066,55769,943374,0.0130179849020064,0.9869820150979935,0.0,0.0,0.0,0.9957059206245934,0.0042940793754066,2029,target,group_aware_random_forest,pairwise_unseen,G1_Packet_Byte_Magnitude+G2_Temporal_Activity,0.9,0.998373827887058,0.0414949533688734
0.3816290561010786,0.4443488705210264,0.0736972851481634,381302,617841,0.0326775102150001,0.9673224897849998,0.0,0.0,0.0,0.9263027148518366,0.0736972851481634,2029,target,group_aware_random_forest,pairwise_unseen,G1_Packet_Byte_Magnitude+G2_Temporal_Activity,0.95,0.9938183217834692,0.0414949533688734
0.0,0.0,0.0,0,999143,,,,,,1.0,0.0,2029,target,ordinary_random_forest,pairwise_unseen,G1_Packet_Byte_Magnitude+G3_TCP_Control_Flags,0.8,0.999930426714768,0.0717180002771397
0.0,0.0,0.0,0,999143,,,,,,1.0,0.0,2029,target,ordinary_random_forest,pairwise_unseen,G1_Packet_Byte_Magnitude+G3_TCP_Control_Flags,0.9,0.999259931360228,0.0717180002771397
0.037201882012885,0.0441997270119616,0.0028449754539539,37170,961973,0.012940543449018,0.987059456550982,0.0,0.0,0.0,0.997155024546046,0.0028449754539539,2029,target,ordinary_random_forest,pairwise_unseen,G1_Packet_Byte_Magnitude+G3_TCP_Control_Flags,0.95,0.9966119932572904,0.0717180002771397
0.0249103481683803,0.0295841450089329,0.0019636836813154,24889,974254,0.0133392261641689,0.9866607738358312,0.0,0.0,0.0,0.9980363163186846,0.0019636836813154,2029,target,group_aware_random_forest,pairwise_unseen,G1_Packet_Byte_Magnitude+G3_TCP_Control_Flags,0.8,0.99970830256785,0.0399249336378464
0.2920412793764256,0.3471441668383383,0.021505885136334,291791,707352,0.0124609737791775,0.9875390262208223,0.0,0.0,0.0,0.978494114863666,0.021505885136334,2029,target,group_aware_random_forest,pairwise_unseen,G1_Packet_Byte_Magnitude+G3_TCP_Control_Flags,0.9,0.998373827887058,0.0399249336378464
0.597706234242746,0.7012780803616068,0.0892056544626486,597194,401949,0.0252547748302896,0.9747452251697104,0.0,0.0,0.0,0.9107943455373514,0.0892056544626486,2029,target,group_aware_random_forest,pairwise_unseen,G1_Packet_Byte_Magnitude+G3_TCP_Control_Flags,0.95,0.9938183217834692,0.0399249336378464
0.0,0.0,0.0,0,999143,,,,,,1.0,0.0,2029,target,ordinary_random_forest,pairwise_unseen,G1_Packet_Byte_Magnitude+G4_Rate_Header_Flow_Context,0.8,0.999930426714768,0.1414608709420241
0.0,0.0,0.0,0,999143,,,,,,1.0,0.0,2029,target,ordinary_random_forest,pairwise_unseen,G1_Packet_Byte_Magnitude+G4_Rate_Header_Flow_Context,0.9,0.999259931360228,0.1414608709420241
0.0,0.0,0.0,0,999143,,,,,,1.0,0.0,2029,target,ordinary_random_forest,pairwise_unseen,G1_Packet_Byte_Magnitude+G4_Rate_Header_Flow_Context,0.95,0.9966119932572904,0.1414608709420241
0.0,0.0,0.0,0,999143,,,,,,1.0,0.0,2029,target,group_aware_random_forest,pairwise_unseen,G1_Packet_Byte_Magnitude+G4_Rate_Header_Flow_Context,0.8,0.99970830256785,0.1426148237516986
0.0,0.0,0.0,0,999143,,,,,,1.0,0.0,2029,target,group_aware_random_forest,pairwise_unseen,G1_Packet_Byte_Magnitude+G4_Rate_Header_Flow_Context,0.9,0.998373827887058,0.1426148237516986
0.003588074980258,0.0042875747072847,0.0001537824569704,3585,995558,0.007252440725244,0.992747559274756,0.0,0.0,0.0,0.9998462175430296,0.0001537824569704,2029,target,group_aware_random_forest,pairwise_unseen,G1_Packet_Byte_Magnitude+G4_Rate_Header_Flow_Context,0.95,0.9938183217834692,0.1426148237516986
0.2375345671240253,0.2824173295601712,0.0171763175016265,237331,761812,0.0122360753546734,0.9877639246453266,0.0,0.0,0.0,0.9828236824983736,0.0171763175016265,2029,target,ordinary_random_forest,pairwise_unseen,G2_Temporal_Activity+G3_TCP_Control_Flags,0.8,0.999930426714768,0.0402027615117538
0.2768682761126285,0.3290939471588643,0.020458981486958,276631,722512,0.0125040216027849,0.987495978397215,0.0,0.0,0.0,0.979541018513042,0.020458981486958,2029,target,ordinary_random_forest,pairwise_unseen,G2_Temporal_Activity+G3_TCP_Control_Flags,0.9,0.999259931360228,0.0402027615117538
0.425325503956891,0.4940950976600853,0.0876914887324776,424961,574182,0.0348879073609107,0.9651120926390891,0.0,0.0,0.0,0.9123085112675224,0.0876914887324776,2029,target,ordinary_random_forest,pairwise_unseen,G2_Temporal_Activity+G3_TCP_Control_Flags,0.95,0.9966119932572904,0.0402027615117538
0.5226959504295181,0.622106730371907,0.0346247116578931,522248,476895,0.0112092339271763,0.9887907660728236,0.0,0.0,0.0,0.9653752883421068,0.0346247116578931,2029,target,group_aware_random_forest,pairwise_unseen,G2_Temporal_Activity+G3_TCP_Control_Flags,0.8,0.99970830256785,0.0352007103341506
0.6527263865132419,0.7639099211756074,0.1068551487549535,652167,346976,0.0277014936358325,0.9722985063641676,0.0,0.0,0.0,0.8931448512450464,0.1068551487549535,2029,target,group_aware_random_forest,pairwise_unseen,G2_Temporal_Activity+G3_TCP_Control_Flags,0.9,0.998373827887058,0.0352007103341506
0.7982551046246633,0.8887615908480339,0.3539007511681552,797571,201572,0.0750202803261402,0.9249797196738596,0.0,0.0,0.0,0.6460992488318448,0.3539007511681552,2029,target,group_aware_random_forest,pairwise_unseen,G2_Temporal_Activity+G3_TCP_Control_Flags,0.95,0.9938183217834692,0.0352007103341506
0.0,0.0,0.0,0,999143,,,,,,1.0,0.0,2029,target,ordinary_random_forest,pairwise_unseen,G2_Temporal_Activity+G4_Rate_Header_Flow_Context,0.8,0.999930426714768,0.0491926678173285
0.0,0.0,0.0,0,999143,,,,,,1.0,0.0,2029,target,ordinary_random_forest,pairwise_unseen,G2_Temporal_Activity+G4_Rate_Header_Flow_Context,0.9,0.999259931360228,0.0491926678173285
0.0151720024060619,0.0180237159864252,0.001171112556929,15159,983984,0.0130615475954878,0.9869384524045122,0.0,0.0,0.0,0.998828887443071,0.001171112556929,2029,target,ordinary_random_forest,pairwise_unseen,G2_Temporal_Activity+G4_Rate_Header_Flow_Context,0.95,0.9966119932572904,0.0491926678173285
0.347880133274216,0.4140744247795073,0.0228899272490684,347582,651561,0.011134063328941,0.9888659366710588,0.0,0.0,0.0,0.9771100727509316,0.0228899272490684,2029,target,group_aware_random_forest,pairwise_unseen,G2_Temporal_Activity+G4_Rate_Header_Flow_Context,0.8,0.99970830256785,0.0427460659825923
0.5986370319363695,0.6982494310741344,0.1095759153013544,598124,401019,0.0309735105095264,0.9690264894904737,0.0,0.0,0.0,0.8904240846986455,0.1095759153013544,2029,target,group_aware_random_forest,pairwise_unseen,G2_Temporal_Activity+G4_Rate_Header_Flow_Context,0.9,0.998373827887058,0.0427460659825923
0.6768890939535182,0.7807180814217545,0.1671260424676169,676309,322834,0.0417797190337552,0.9582202809662448,0.0,0.0,0.0,0.832873957532383,0.1671260424676169,2029,target,group_aware_random_forest,pairwise_unseen,G2_Temporal_Activity+G4_Rate_Header_Flow_Context,0.95,0.9938183217834692,0.0427460659825923
0.0,0.0,0.0,0,999143,,,,,,1.0,0.0,2029,target,ordinary_random_forest,pairwise_unseen,G3_TCP_Control_Flags+G4_Rate_Header_Flow_Context,0.8,0.999930426714768,0.0575890726832623
3.4029162992684734e-05,4.0960252893420216e-05,0.0,34,999109,0.0,1.0,0.0,0.0,0.0,1.0,0.0,2029,target,ordinary_random_forest,pairwise_unseen,G3_TCP_Control_Flags+G4_Rate_Header_Flow_Context,0.9,0.999259931360228,0.0575890726832623
0.1605535944304268,0.1907567165779395,0.0122671082983379,160416,838727,0.0129288848992619,0.987071115100738,0.0,0.0,0.0,0.987732891701662,0.0122671082983379,2029,target,ordinary_random_forest,pairwise_unseen,G3_TCP_Control_Flags+G4_Rate_Header_Flow_Context,0.95,0.9966119932572904,0.0575890726832623
0.4241434909717628,0.5038472519886805,0.0328266398533151,423780,575363,0.0130964179527113,0.9869035820472888,0.0,0.0,0.0,0.9671733601466848,0.0328266398533151,2029,target,group_aware_random_forest,pairwise_unseen,G3_TCP_Control_Flags+G4_Rate_Header_Flow_Context,0.8,0.99970830256785,0.049070881900497
0.571050390184388,0.6735805164124119,0.0676642810670136,570561,428582,0.0200504415829332,0.9799495584170668,0.0,0.0,0.0,0.9323357189329864,0.0676642810670136,2029,target,group_aware_random_forest,pairwise_unseen,G3_TCP_Control_Flags+G4_Rate_Header_Flow_Context,0.9,0.998373827887058,0.049070881900497
0.6972855737366923,0.7797952710183321,0.2921925829538061,696688,302455,0.0709083549594653,0.9290916450405348,0.0,0.0,0.0,0.7078074170461939,0.2921925829538061,2029,target,group_aware_random_forest,pairwise_unseen,G3_TCP_Control_Flags+G4_Rate_Header_Flow_Context,0.95,0.9938183217834692,0.049070881900497
0.781612486516001,0.8180139069969579,0.6389307475594576,117381,32797,0.0,1.0,1.0,1.0,1.0,0.3610692524405425,0.0,2030,source,ordinary_random_forest,complete,,0.8,0.9999299073209807,4.304548539708738e-05
0.8776252180745515,0.9096630227660216,0.7520474349734653,131800,18378,0.0001138088012139,0.999886191198786,0.9993470311683788,1.0,0.9996734089573036,0.2479525650265347,0.0,2030,source,ordinary_random_forest,complete,,0.9,0.9993673811367986,4.304548539708738e-05
0.928032068611914,0.9613880252732926,0.7972875581471532,139370,10808,0.0002009040683073,0.9997990959316926,0.9989327641408752,0.9999178239789628,0.9994250513347024,0.2027124418528467,6.551791915088777e-05,2030,source,ordinary_random_forest,complete,,0.95,0.9970471743755388,4.304548539708738e-05
0.8620370493680832,0.9101561194129644,0.6734259319924,129459,20719,0.0,1.0,1.0,1.0,1.0,0.3265740680076001,0.0,2030,source,group_aware_random_forest,complete,,0.8,0.9996786927311252,4.024671467278084e-05
0.9297300536696452,0.9662019857587002,0.7867719321234358,139625,10553,0.0001647269471799,0.99983527305282,0.9991263105341986,0.9999167256526628,0.9995213618296463,0.2132280678765642,6.551791915088777e-05,2030,source,group_aware_random_forest,complete,,0.9,0.998129275310062,4.024671467278084e-05
0.955918976148304,0.9866446026811084,0.8354845050121208,143558,6620,0.0002995305033505,0.9997004694966496,0.9983948635634028,0.9999215809284818,0.9991576390385332,0.1645154949878791,6.551791915088777e-05,2030,source,group_aware_random_forest,complete,,0.95,0.993821443630352,4.024671467278084e-05
0.0,0.0,0.0,0,150178,,,,,,1.0,0.0,2030,source,ordinary_random_forest,single,G1_Packet_Byte_Magnitude,0.8,0.9999299073209807,0.0919010207028864
0.0,0.0,0.0,0,150178,,,,,,1.0,0.0,2030,source,ordinary_random_forest,single,G1_Packet_Byte_Magnitude,0.9,0.9993673811367986,0.0919010207028864
0.012944639028353,0.0162471166382509,0.0,1944,148234,0.0,1.0,0.0,0.0,0.0,1.0,0.0,2030,source,ordinary_random_forest,single,G1_Packet_Byte_Magnitude,0.95,0.9970471743755388,0.0919010207028864
0.6077254990744316,0.6602564102564102,0.4018213981523947,91267,58911,2.191372566206844e-05,0.999978086274338,0.9998369742419302,1.0,0.999918480476074,0.5981786018476053,0.0,2030,source,group_aware_random_forest,single,G1_Packet_Byte_Magnitude,0.8,0.9996786927311252,0.0001216988952563
0.7950698504441396,0.8585815531708622,0.546124615082225,119402,30776,0.000159126312792,0.999840873687208,0.9988615937687236,1.0,0.9994304727076526,0.453875384917775,0.0,2030,source,group_aware_random_forest,single,G1_Packet_Byte_Magnitude,0.9,0.998129275310062,0.0001216988952563
0.8927472732357602,0.93791996790693,0.7156849898447225,134071,16107,0.0003058081165949,0.999694191883405,0.9982634128507448,0.9998626813750172,0.9990624070982644,0.2843150101552775,9.827687872633164e-05,2030,source,group_aware_random_forest,single,G1_Packet_Byte_Magnitude,0.95,0.993821443630352,0.0001216988952563
0.3324255217142324,0.417234981446194,0.0,49923,100255,0.0,1.0,0.0,0.0,0.0,1.0,0.0,2030,source,ordinary_random_forest,single,G2_Temporal_Activity,0.8,0.9999299073209807,0.0052761103237354
0.4114051325760098,0.5163641226222713,0.0,61784,88394,0.0,1.0,0.0,0.0,0.0,1.0,0.0,2030,source,ordinary_random_forest,single,G2_Temporal_Activity,0.9,0.9993673811367986,0.0052761103237354
0.5166602298605655,0.6484722361515061,0.0,77591,72587,0.0,1.0,0.0,0.0,0.0,1.0,0.0,2030,source,ordinary_random_forest,single,G2_Temporal_Activity,0.95,0.9970471743755388,0.0052761103237354
0.8279708079745369,0.8793334001938956,0.6266461377186661,124343,25835,8.042270172024159e-06,0.999991957729828,1.0,0.9999477233519788,0.9999738609927596,0.3733538622813339,3.2758959575443885e-05,2030,source,group_aware_random_forest,single,G2_Temporal_Activity,0.8,0.9996786927311252,4.560847396422949e-05
0.902482387566754,0.9404021662822184,0.7538491777501146,135533,14645,0.0001918351988076,0.9998081648011924,0.9989580619953112,0.9999130888232228,0.9994353472614342,0.2461508222498853,6.551791915088777e-05,2030,source,group_aware_random_forest,single,G2_Temporal_Activity,0.9,0.998129275310062,4.560847396422949e-05
0.9388392440970048,0.9759970581352588,0.7931926882002227,140993,9185,0.0002837020277602,0.9997162979722396,0.9984740380253228,0.9998760996159088,0.9991745769706974,0.2068073117997772,9.827687872633164e-05,2030,source,group_aware_random_forest,single,G2_Temporal_Activity,0.95,0.993821443630352,4.560847396422949e-05
0.5345656487634673,0.6025055995720924,0.26826311996331,80280,69898,0.0,1.0,1.0,1.0,1.0,0.73173688003669,0.0,2030,source,ordinary_random_forest,single,G3_TCP_Control_Flags,0.8,0.9999299073209807,0.0001324293457669
0.6591311643516361,0.7575636011098853,0.2733079997379283,98987,51191,0.0,1.0,1.0,1.0,1.0,0.7266920002620717,0.0,2030,source,ordinary_random_forest,single,G3_TCP_Control_Flags,0.9,0.9993673811367986,0.0001324293457669
0.7774241233735967,0.896859225086083,0.3092773373517657,116752,33426,8.565163765931204e-06,0.999991434836234,1.0,0.9998940790170532,0.9999470367035644,0.6907226626482343,3.2758959575443885e-05,2030,source,ordinary_random_forest,single,G3_TCP_Control_Flags,0.95,0.9970471743755388,0.0001324293457669
0.8515961059542676,0.9001103199277906,0.6614361527877874,127891,22287,0.0,1.0,1.0,1.0,1.0,0.3385638472122125,0.0,2030,source,group_aware_random_forest,single,G3_TCP_Control_Flags,0.8,0.9996786927311252,4.639975699751202e-05
0.9230646299724328,0.960109317019356,0.777861495118915,138624,11554,0.0001659164358264,0.9998340835641736,0.999116310385457,0.9999157717414192,0.9995158812014564,0.2221385048810849,6.551791915088777e-05,2030,source,group_aware_random_forest,single,G3_TCP_Control_Flags,0.9,0.998129275310062,4.639975699751202e-05
0.9525629586224348,0.9842376224384048,0.8284085697438249,143054,7124,0.0002516532218602,0.9997483467781396,0.99869657950865,0.9998813666561216,0.9992886219025412,0.171591430256175,9.827687872633164e-05,2030,source,group_aware_random_forest,single,G3_TCP_Control_Flags,0.95,0.993821443630352,4.639975699751202e-05
0.0,0.0,0.0,0,150178,,,,,,1.0,0.0,2030,source,ordinary_random_forest,single,G4_Rate_Header_Flow_Context,0.8,0.9999299073209807,0.0044463462070748
8.656394411964469e-05,0.0001086484137331,0.0,13,150165,0.0,1.0,0.0,0.0,0.0,1.0,0.0,2030,source,ordinary_random_forest,single,G4_Rate_Header_Flow_Context,0.9,0.9993673811367986,0.0044463462070748
0.1073992195927499,0.1347992511617022,0.0,16129,134049,0.0,1.0,0.0,0.0,0.0,1.0,0.0,2030,source,ordinary_random_forest,single,G4_Rate_Header_Flow_Context,0.95,0.9970471743755388,0.0044463462070748
0.7628547457017673,0.804140340320262,0.601028631330669,114564,35614,1.745749100939213e-05,0.9999825425089908,1.0,0.9998909903526462,0.9999454922053854,0.3989713686693311,6.551791915088777e-05,2030,source,group_aware_random_forest,single,G4_Rate_Header_Flow_Context,0.8,0.9996786927311252,0.0014698418972824
0.8442714645287592,0.868685855648046,0.7485749852584682,126791,23387,0.0002444968491454,0.9997555031508546,0.9988196205298592,0.999824952956107,0.9993220338983052,0.2514250147415318,0.0001310358383017,2030,source,group_aware_random_forest,single,G4_Rate_Header_Flow_Context,0.9,0.998129275310062,0.0014698418972824
0.9011639521101626,0.9297964095878046,0.7889340234554151,135335,14843,0.0010640263050947,0.9989359736949052,0.9983761502269226,0.9956400780633642,0.997006237006237,0.2110659765445849,0.0034396907554216,2030,source,group_aware_random_forest,single,G4_Rate_Header_Flow_Context,0.95,0.993821443630352,0.0014698418972824
0.0,0.0,0.0,0,150178,,,,,,1.0,0.0,2030,source,ordinary_random_forest,pairwise_unseen,G1_Packet_Byte_Magnitude+G2_Temporal_Activity,0.8,0.9999299073209807,0.1109022228627387
0.0,0.0,0.0,0,150178,,,,,,1.0,0.0,2030,source,ordinary_random_forest,pairwise_unseen,G1_Packet_Byte_Magnitude+G2_Temporal_Activity,0.9,0.9993673811367986,0.1109022228627387
0.0022906151367044,0.0028750041787851,0.0,344,149834,0.0,1.0,0.0,0.0,0.0,1.0,0.0,2030,source,ordinary_random_forest,pairwise_unseen,G1_Packet_Byte_Magnitude+G2_Temporal_Activity,0.95,0.9970471743755388,0.1109022228627387
0.1964002716776092,0.2465065356199645,0.0,29495,120683,0.0,1.0,0.0,0.0,0.0,1.0,0.0,2030,source,group_aware_random_forest,pairwise_unseen,G1_Packet_Byte_Magnitude+G2_Temporal_Activity,0.8,0.9996786927311252,0.0235005181809272
0.3658724979690766,0.4592150569986293,0.0,54946,95232,0.0,1.0,0.0,0.0,0.0,1.0,0.0,2030,source,group_aware_random_forest,pairwise_unseen,G1_Packet_Byte_Magnitude+G2_Temporal_Activity,0.9,0.998129275310062,0.0235005181809272
0.5162140926101026,0.6478788486611172,0.0001310358383017,77524,72654,5.159692482328053e-05,0.9999484030751769,0.0,0.0,0.0,0.9998689641616982,0.0001310358383017,2030,source,group_aware_random_forest,pairwise_unseen,G1_Packet_Byte_Magnitude+G2_Temporal_Activity,0.95,0.993821443630352,0.0235005181809272
0.0,0.0,0.0,0,150178,,,,,,1.0,0.0,2030,source,ordinary_random_forest,pairwise_unseen,G1_Packet_Byte_Magnitude+G3_TCP_Control_Flags,0.8,0.9999299073209807,0.129545895282506
0.0,0.0,0.0,0,150178,,,,,,1.0,0.0,2030,source,ordinary_random_forest,pairwise_unseen,G1_Packet_Byte_Magnitude+G3_TCP_Control_Flags,0.9,0.9993673811367986,0.129545895282506
0.0221936635192904,0.0278557817671246,0.0,3333,146845,0.0,1.0,0.0,0.0,0.0,1.0,0.0,2030,source,ordinary_random_forest,pairwise_unseen,G1_Packet_Byte_Magnitude+G3_TCP_Control_Flags,0.95,0.9970471743755388,0.129545895282506
0.4104462704257614,0.4829421990438939,0.1262857891633361,61640,88538,0.0,1.0,1.0,1.0,1.0,0.8737142108366638,0.0,2030,source,group_aware_random_forest,pairwise_unseen,G1_Packet_Byte_Magnitude+G3_TCP_Control_Flags,0.8,0.9996786927311252,0.0005237941073542
0.5691046624672056,0.6770384113930398,0.1460394417873288,85467,64711,0.0,1.0,1.0,1.0,1.0,0.8539605582126711,0.0,2030,source,group_aware_random_forest,pairwise_unseen,G1_Packet_Byte_Magnitude+G3_TCP_Control_Flags,0.9,0.998129275310062,0.0005237941073542
0.6903874069437601,0.8252014174439207,0.1619602961409945,103681,46497,0.0,1.0,1.0,1.0,1.0,0.8380397038590054,0.0,2030,source,group_aware_random_forest,pairwise_unseen,G1_Packet_Byte_Magnitude+G3_TCP_Control_Flags,0.95,0.993821443630352,0.0005237941073542
0.0,0.0,0.0,0,150178,,,,,,1.0,0.0,2030,source,ordinary_random_forest,pairwise_unseen,G1_Packet_Byte_Magnitude+G4_Rate_Header_Flow_Context,0.8,0.9999299073209807,0.0947980257653173
0.0,0.0,0.0,0,150178,,,,,,1.0,0.0,2030,source,ordinary_random_forest,pairwise_unseen,G1_Packet_Byte_Magnitude+G4_Rate_Header_Flow_Context,0.9,0.9993673811367986,0.0947980257653173
0.0,0.0,0.0,0,150178,,,,,,1.0,0.0,2030,source,ordinary_random_forest,pairwise_unseen,G1_Packet_Byte_Magnitude+G4_Rate_Header_Flow_Context,0.95,0.9970471743755388,0.0947980257653173
0.0,0.0,0.0,0,150178,,,,,,1.0,0.0,2030,source,group_aware_random_forest,pairwise_unseen,G1_Packet_Byte_Magnitude+G4_Rate_Header_Flow_Context,0.8,0.9996786927311252,0.027185304734322
0.0,0.0,0.0,0,150178,,,,,,1.0,0.0,2030,source,group_aware_random_forest,pairwise_unseen,G1_Packet_Byte_Magnitude+G4_Rate_Header_Flow_Context,0.9,0.998129275310062,0.027185304734322
0.0006392414334989,0.0008023267475679,0.0,96,150082,0.0,1.0,0.0,0.0,0.0,1.0,0.0,2030,source,group_aware_random_forest,pairwise_unseen,G1_Packet_Byte_Magnitude+G4_Rate_Header_Flow_Context,0.95,0.993821443630352,0.027185304734322
0.3242618759072567,0.4069886002741283,0.0,48697,101481,0.0,1.0,0.0,0.0,0.0,1.0,0.0,2030,source,ordinary_random_forest,pairwise_unseen,G2_Temporal_Activity+G3_TCP_Control_Flags,0.8,0.9999299073209807,0.0075901982756845
0.3487927659177776,0.4377778892120483,0.0,52381,97797,0.0,1.0,0.0,0.0,0.0,1.0,0.0,2030,source,ordinary_random_forest,pairwise_unseen,G2_Temporal_Activity+G3_TCP_Control_Flags,0.9,0.9993673811367986,0.0075901982756845
0.45876892753932,0.5758115200748838,0.0,68897,81281,0.0,1.0,0.0,0.0,0.0,1.0,0.0,2030,source,ordinary_random_forest,pairwise_unseen,G2_Temporal_Activity+G3_TCP_Control_Flags,0.95,0.9970471743755388,0.0075901982756845
0.6587849085751575,0.7589593153478421,0.2661337875909061,98935,51243,0.0,1.0,1.0,1.0,1.0,0.7338662124090939,0.0,2030,source,group_aware_random_forest,pairwise_unseen,G2_Temporal_Activity+G3_TCP_Control_Flags,0.8,0.9996786927311252,5.097667996878664e-05
0.7876253512498502,0.9025089426002072,0.3373190067483457,118284,31894,8.454228805248384e-06,0.9999915457711948,1.0,0.9999028843352432,0.999951439809644,0.6626809932516543,3.2758959575443885e-05,2030,source,group_aware_random_forest,pairwise_unseen,G2_Temporal_Activity+G3_TCP_Control_Flags,0.9,0.998129275310062,5.097667996878664e-05
0.8638881860192571,0.9682746631899174,0.4547271178667365,129737,20441,1.5415802739388146e-05,0.9999845841972608,1.0,0.9998559181615158,0.99992795389049,0.5452728821332634,6.551791915088777e-05,2030,source,group_aware_random_forest,pairwise_unseen,G2_Temporal_Activity+G3_TCP_Control_Flags,0.95,0.993821443630352,5.097667996878664e-05
0.0,0.0,0.0,0,150178,,,,,,1.0,0.0,2030,source,ordinary_random_forest,pairwise_unseen,G2_Temporal_Activity+G4_Rate_Header_Flow_Context,0.8,0.9999299073209807,0.0197162337649098
0.0,0.0,0.0,0,150178,,,,,,1.0,0.0,2030,source,ordinary_random_forest,pairwise_unseen,G2_Temporal_Activity+G4_Rate_Header_Flow_Context,0.9,0.9993673811367986,0.0197162337649098
0.0829748698211455,0.1041436833483769,0.0,12461,137717,0.0,1.0,0.0,0.0,0.0,1.0,0.0,2030,source,ordinary_random_forest,pairwise_unseen,G2_Temporal_Activity+G4_Rate_Header_Flow_Context,0.95,0.9970471743755388,0.0197162337649098
0.3770325879955786,0.4523869220740146,0.0816680862215816,56622,93556,0.0,1.0,1.0,1.0,1.0,0.9183319137784184,0.0,2030,source,group_aware_random_forest,pairwise_unseen,G2_Temporal_Activity+G4_Rate_Header_Flow_Context,0.8,0.9996786927311252,0.0036845509936556
0.603410619398314,0.7051783505499282,0.2045141846294961,90619,59559,0.0004855493880974,0.9995144506119026,1.0,0.9929521063591222,0.99646359106253,0.7954858153705038,0.0014413942213195,2030,source,group_aware_random_forest,pairwise_unseen,G2_Temporal_Activity+G4_Rate_Header_Flow_Context,0.9,0.998129275310062,0.0036845509936556
0.7468737098642944,0.8377377728746699,0.3907161108563192,112164,38014,0.0004457758282514,0.9995542241717486,1.0,0.9958078309717447,0.9978995126869432,0.6092838891436808,0.0016379479787721,2030,source,group_aware_random_forest,pairwise_unseen,G2_Temporal_Activity+G4_Rate_Header_Flow_Context,0.95,0.993821443630352,0.0036845509936556
0.0,0.0,0.0,0,150178,,,,,,1.0,0.0,2030,source,ordinary_random_forest,pairwise_unseen,G3_TCP_Control_Flags+G4_Rate_Header_Flow_Context,0.8,0.9999299073209807,0.0029638806601577
8.656394411964469e-05,0.0001086484137331,0.0,13,150165,0.0,1.0,0.0,0.0,0.0,1.0,0.0,2030,source,ordinary_random_forest,pairwise_unseen,G3_TCP_Control_Flags+G4_Rate_Header_Flow_Context,0.9,0.9993673811367986,0.0029638806601577
0.1011266630265418,0.1269264199511917,0.0,15187,134991,0.0,1.0,0.0,0.0,0.0,1.0,0.0,2030,source,ordinary_random_forest,pairwise_unseen,G3_TCP_Control_Flags+G4_Rate_Header_Flow_Context,0.95,0.9970471743755388,0.0029638806601577
0.6305783803220179,0.6932437401798549,0.384950533971041,94699,55479,1.0559773598454047e-05,0.9999894402264016,1.0,0.9999149008595012,0.9999574486192075,0.6150494660289589,3.2758959575443885e-05,2030,source,group_aware_random_forest,pairwise_unseen,G3_TCP_Control_Flags+G4_Rate_Header_Flow_Context,0.8,0.9996786927311252,0.0031501555947135
0.73950245708426,0.8242820847123324,0.4071938675227675,111057,39121,1.8008770271122037e-05,0.9999819912297288,1.0,0.9998390989541432,0.9999195430042642,0.5928061324772326,6.551791915088777e-05,2030,source,group_aware_random_forest,pairwise_unseen,G3_TCP_Control_Flags+G4_Rate_Header_Flow_Context,0.9,0.998129275310062,0.0031501555947135
0.8123826392680685,0.9136328686524252,0.4155146432549302,122002,28176,0.0009508040851789,0.9990491959148212,1.0,0.9908546199936928,0.9954063044511324,0.5844853567450697,0.0038000393107514,2030,source,group_aware_random_forest,pairwise_unseen,G3_TCP_Control_Flags+G4_Rate_Header_Flow_Context,0.95,0.993821443630352,0.0031501555947135
0.3633113578336635,0.4317041995101636,0.0275270597977169,363000,636143,0.0128209366391184,0.9871790633608816,0.0,0.0,0.0,0.972472940202283,0.0275270597977169,2030,target,ordinary_random_forest,complete,,0.8,0.9999299073209807,0.0496186410214237
0.4591144610931568,0.5450135108598883,0.0373809664635949,458721,540422,0.0137774377017838,0.986222562298216,0.0,0.0,0.0,0.962619033536405,0.0373809664635949,2030,target,ordinary_random_forest,complete,,0.9,0.9993673811367986,0.0496186410214237
0.6213855273969792,0.6948569583639029,0.2606671792748565,620853,378290,0.0709845969980011,0.9290154030019988,0.0,0.0,0.0,0.7393328207251434,0.2606671792748565,2030,target,ordinary_random_forest,complete,,0.95,0.9970471743755388,0.0496186410214237
0.556803180325539,0.6522486576481827,0.0882001537824569,556326,442817,0.0268044276197768,0.9731955723802233,0.0,0.0,0.0,0.9117998462175432,0.0882001537824569,2030,target,group_aware_random_forest,complete,,0.8,0.9996786927311252,0.0450106747709396
0.6840392216129223,0.770626197936808,0.2589282545691134,683453,315690,0.0640526854077749,0.935947314592225,0.0,0.0,0.0,0.7410717454308866,0.2589282545691134,2030,target,group_aware_random_forest,complete,,0.9,0.998129275310062,0.0450106747709396
0.7630219097766786,0.8547272348335628,0.3127816880582007,762368,236775,0.06936545080591,0.93063454919409,0.0,0.0,0.0,0.6872183119417993,0.3127816880582007,2030,target,group_aware_random_forest,complete,,0.95,0.993821443630352,0.0450106747709396
0.0,0.0,0.0,0,999143,,,,,,1.0,0.0,2030,target,ordinary_random_forest,single,G1_Packet_Byte_Magnitude,0.8,0.9999299073209807,0.0664053648602489
0.0,0.0,0.0,0,999143,,,,,,1.0,0.0,2030,target,ordinary_random_forest,single,G1_Packet_Byte_Magnitude,0.9,0.9993673811367986,0.0664053648602489
0.0050733478591152,0.0060235666019735,0.0004081149819601,5069,994074,0.0136121522982836,0.9863878477017164,0.0,0.0,0.0,0.99959188501804,0.0004081149819601,2030,target,ordinary_random_forest,single,G1_Packet_Byte_Magnitude,0.95,0.9970471743755388,0.0664053648602489
0.066773224653528,0.0793809701074483,0.0048737209439876,66716,932427,0.0123508603633311,0.9876491396366688,0.0,0.0,0.0,0.9951262790560124,0.0048737209439876,2030,target,group_aware_random_forest,single,G1_Packet_Byte_Magnitude,0.8,0.9996786927311252,0.0499582520676846
0.3357797632571113,0.3990624920940688,0.0250842846158395,335492,663651,0.0126411360032429,0.987358863996757,0.0,0.0,0.0,0.9749157153841604,0.0250842846158395,2030,target,group_aware_random_forest,single,G1_Packet_Byte_Magnitude,0.9,0.998129275310062,0.0499582520676846
0.646656184349988,0.7303646787692167,0.2356775300171526,646102,353041,0.0616713769652469,0.9383286230347532,0.0,0.0,0.0,0.7643224699828474,0.2356775300171526,2030,target,group_aware_random_forest,single,G1_Packet_Byte_Magnitude,0.95,0.993821443630352,0.0499582520676846
0.2247856412945894,0.2673162480890235,0.01597563139528,224593,774550,0.0120261985012889,0.987973801498711,0.0,0.0,0.0,0.98402436860472,0.01597563139528,2030,target,ordinary_random_forest,single,G2_Temporal_Activity,0.8,0.9999299073209807,0.0524065466057811
0.3370168234176689,0.3912113753850565,0.0709410303424617,336728,662415,0.0356192535221306,0.9643807464778694,0.0,0.0,0.0,0.9290589696575384,0.0709410303424617,2030,target,ordinary_random_forest,single,G2_Temporal_Activity,0.9,0.9993673811367986,0.0524065466057811
0.4106869587236261,0.4778374914013586,0.0810019518542615,410335,588808,0.0333751690691751,0.9666248309308249,0.0,0.0,0.0,0.9189980481457384,0.0810019518542615,2030,target,ordinary_random_forest,single,G2_Temporal_Activity,0.95,0.9970471743755388,0.0524065466057811
0.5950879904077795,0.6956279748889556,0.1014727627609865,594578,404565,0.0288540780183592,0.9711459219816408,0.0,0.0,0.0,0.8985272372390134,0.1014727627609865,2030,target,group_aware_random_forest,single,G2_Temporal_Activity,0.8,0.9996786927311252,0.0366318910060571
0.6847898649142315,0.8003802075239166,0.1172827822795292,684203,314940,0.0289811649466605,0.9710188350533394,0.0,0.0,0.0,0.8827172177204708,0.1172827822795292,2030,target,group_aware_random_forest,single,G2_Temporal_Activity,0.9,0.998129275310062,0.0366318910060571
0.7871565932003727,0.8785215276246788,0.3385875672798249,786482,212661,0.0727861540378546,0.9272138459621454,0.0,0.0,0.0,0.661412432720175,0.3385875672798249,2030,target,group_aware_random_forest,single,G2_Temporal_Activity,0.95,0.993821443630352,0.0366318910060571
0.277914172445786,0.3304215412379393,0.0201218430235996,277676,721467,0.0122516890188565,0.9877483109811436,0.0,0.0,0.0,0.9798781569764003,0.0201218430235996,2030,target,ordinary_random_forest,single,G3_TCP_Control_Flags,0.8,0.9999299073209807,0.0362333017327738
0.4026260505253002,0.4778760422276113,0.0331756077364405,402281,596862,0.0139429900989606,0.9860570099010392,0.0,0.0,0.0,0.9668243922635594,0.0331756077364405,2030,target,ordinary_random_forest,single,G3_TCP_Control_Flags,0.9,0.9993673811367986,0.0362333017327738
0.5801051501136474,0.6871636590998623,0.0544863074466197,579608,419535,0.0158935004347766,0.9841064995652234,0.0,0.0,0.0,0.9455136925533802,0.0544863074466197,2030,target,ordinary_random_forest,single,G3_TCP_Control_Flags,0.95,0.9970471743755388,0.0362333017327738
0.5571084419347381,0.6431374108060376,0.1347370911456793,556631,442512,0.0409247778151055,0.9590752221848944,0.0,0.0,0.0,0.8652629088543207,0.1347370911456793,2030,target,group_aware_random_forest,single,G3_TCP_Control_Flags,0.8,0.9996786927311252,0.044732951951078
0.6946943530605729,0.7837611872690715,0.257408174129059,694099,305044,0.0626999894827683,0.9373000105172316,0.0,0.0,0.0,0.7425918258709411,0.257408174129059,2030,target,group_aware_random_forest,single,G3_TCP_Control_Flags,0.9,0.998129275310062,0.044732951951078
0.7609641462733563,0.8551043101028464,0.2987697403442361,760312,238831,0.0664371994654825,0.9335628005345176,0.0,0.0,0.0,0.7012302596557639,0.2987697403442361,2030,target,group_aware_random_forest,single,G3_TCP_Control_Flags,0.95,0.993821443630352,0.044732951951078
1.0008577350789629e-06,1.2047133203947122e-06,0.0,1,999142,0.0,1.0,0.0,0.0,0.0,1.0,0.0,2030,target,ordinary_random_forest,single,G4_Rate_Header_Flow_Context,0.8,0.9999299073209807,0.0605278044886193
0.0018655988181871,0.0022263102160894,9.463535813568344e-05,1864,997279,0.0085836909871244,0.9914163090128756,0.0,0.0,0.0,0.9999053646418644,9.463535813568344e-05,2030,target,ordinary_random_forest,single,G4_Rate_Header_Flow_Context,0.9,0.9993673811367986,0.0605278044886193
0.078154978816846,0.092250922509225,0.0089489560537055,78088,921055,0.0193755762729228,0.9806244237270773,0.0,0.0,0.0,0.9910510439462944,0.0089489560537055,2030,target,ordinary_random_forest,single,G4_Rate_Header_Flow_Context,0.95,0.9970471743755388,0.0605278044886193
0.4674375940180735,0.555908938129538,0.0330750576684213,467037,532106,0.0119733554300836,0.9880266445699164,0.0,0.0,0.0,0.9669249423315788,0.0330750576684213,2030,target,group_aware_random_forest,single,G4_Rate_Header_Flow_Context,0.8,0.9996786927311252,0.0516414797495357
0.5771936549623027,0.679135449532752,0.0766960430590879,576699,422444,0.0224848664554646,0.9775151335445352,0.0,0.0,0.0,0.923303956940912,0.0766960430590879,2030,target,group_aware_random_forest,single,G4_Rate_Header_Flow_Context,0.9,0.998129275310062,0.0516414797495357
0.6966750505182941,0.7723441191316909,0.3251670905542083,696078,303065,0.0789796545789408,0.9210203454210592,0.0,0.0,0.0,0.6748329094457917,0.3251670905542083,2030,target,group_aware_random_forest,single,G4_Rate_Header_Flow_Context,0.95,0.993821443630352,0.0516414797495357
0.0,0.0,0.0,0,999143,,,,,,1.0,0.0,2030,target,ordinary_random_forest,pairwise_unseen,G1_Packet_Byte_Magnitude+G2_Temporal_Activity,0.8,0.9999299073209807,0.0510339665676493
0.0,0.0,0.0,0,999143,,,,,,1.0,0.0,2030,target,ordinary_random_forest,pairwise_unseen,G1_Packet_Byte_Magnitude+G2_Temporal_Activity,0.9,0.9993673811367986,0.0510339665676493
0.0008277093469103,0.0009818413561216,7.097651860176259e-05,827,998316,0.0145102781136638,0.985489721886336,0.0,0.0,0.0,0.9999290234813982,7.097651860176259e-05,2030,target,ordinary_random_forest,pairwise_unseen,G1_Packet_Byte_Magnitude+G2_Temporal_Activity,0.95,0.9970471743755388,0.0510339665676493
9.007719615710664e-06,9.637706563157696e-06,5.914709883480215e-06,9,999134,0.1111111111111111,0.8888888888888888,0.0,0.0,0.0,0.9999940852901166,5.914709883480215e-06,2030,target,group_aware_random_forest,pairwise_unseen,G1_Packet_Byte_Magnitude+G2_Temporal_Activity,0.8,0.9996786927311252,0.0404481922495913
0.2094064613373661,0.2489082285533922,0.0154669663453007,209227,789916,0.0124983869194702,0.9875016130805296,0.0,0.0,0.0,0.9845330336546992,0.0154669663453007,2030,target,group_aware_random_forest,pairwise_unseen,G1_Packet_Byte_Magnitude+G2_Temporal_Activity,0.9,0.998129275310062,0.0404481922495913
0.399429310919458,0.4656590444454885,0.0742650972969775,399087,600056,0.0314618115849426,0.9685381884150572,0.0,0.0,0.0,0.9257349027030224,0.0742650972969775,2030,target,group_aware_random_forest,pairwise_unseen,G1_Packet_Byte_Magnitude+G2_Temporal_Activity,0.95,0.993821443630352,0.0404481922495913
0.0,0.0,0.0,0,999143,,,,,,1.0,0.0,2030,target,ordinary_random_forest,pairwise_unseen,G1_Packet_Byte_Magnitude+G3_TCP_Control_Flags,0.8,0.9999299073209807,0.0637155095651563
0.0,0.0,0.0,0,999143,,,,,,1.0,0.0,2030,target,ordinary_random_forest,pairwise_unseen,G1_Packet_Byte_Magnitude+G3_TCP_Control_Flags,0.9,0.9993673811367986,0.0637155095651563
0.0154042014006003,0.0182381549574555,0.001490506890637,15391,983752,0.0163732051198752,0.9836267948801248,0.0,0.0,0.0,0.998509493109363,0.001490506890637,2030,target,ordinary_random_forest,pairwise_unseen,G1_Packet_Byte_Magnitude+G3_TCP_Control_Flags,0.95,0.9970471743755388,0.0637155095651563
0.0247842400937603,0.0294431935504467,0.0019104512923641,24763,974380,0.0130436538383879,0.986956346161612,0.0,0.0,0.0,0.998089548707636,0.0019104512923641,2030,target,group_aware_random_forest,pairwise_unseen,G1_Packet_Byte_Magnitude+G3_TCP_Control_Flags,0.8,0.9996786927311252,0.0358239385287092
0.2599157477958611,0.3090354703742924,0.0187555450405157,259693,739450,0.0122105717135232,0.9877894282864768,0.0,0.0,0.0,0.9812444549594842,0.0187555450405157,2030,target,group_aware_random_forest,pairwise_unseen,G1_Packet_Byte_Magnitude+G3_TCP_Control_Flags,0.9,0.998129275310062,0.0358239385287092
0.5774969148560316,0.6873202718315136,0.0383036612054178,577002,422141,0.0112235312875865,0.9887764687124134,0.0,0.0,0.0,0.9616963387945822,0.0383036612054178,2030,target,group_aware_random_forest,pairwise_unseen,G1_Packet_Byte_Magnitude+G3_TCP_Control_Flags,0.95,0.993821443630352,0.0358239385287092
0.0,0.0,0.0,0,999143,,,,,,1.0,0.0,2030,target,ordinary_random_forest,pairwise_unseen,G1_Packet_Byte_Magnitude+G4_Rate_Header_Flow_Context,0.8,0.9999299073209807,0.1546888319834582
0.0,0.0,0.0,0,999143,,,,,,1.0,0.0,2030,target,ordinary_random_forest,pairwise_unseen,G1_Packet_Byte_Magnitude+G4_Rate_Header_Flow_Context,0.9,0.9993673811367986,0.1546888319834582
0.0,0.0,0.0,0,999143,,,,,,1.0,0.0,2030,target,ordinary_random_forest,pairwise_unseen,G1_Packet_Byte_Magnitude+G4_Rate_Header_Flow_Context,0.95,0.9970471743755388,0.1546888319834582
0.0,0.0,0.0,0,999143,,,,,,1.0,0.0,2030,target,group_aware_random_forest,pairwise_unseen,G1_Packet_Byte_Magnitude+G4_Rate_Header_Flow_Context,0.8,0.9996786927311252,0.107662404385429
0.0,0.0,0.0,0,999143,,,,,,1.0,0.0,2030,target,group_aware_random_forest,pairwise_unseen,G1_Packet_Byte_Magnitude+G4_Rate_Header_Flow_Context,0.9,0.998129275310062,0.107662404385429
0.0002652272997959,0.0003168396032638,1.182941976696043e-05,265,998878,0.0075471698113207,0.9924528301886792,0.0,0.0,0.0,0.999988170580233,1.182941976696043e-05,2030,target,group_aware_random_forest,pairwise_unseen,G1_Packet_Byte_Magnitude+G4_Rate_Header_Flow_Context,0.95,0.993821443630352,0.107662404385429
0.2202307377422451,0.2618938334339269,0.015679895901106,220042,779101,0.0120476999845484,0.9879523000154516,0.0,0.0,0.0,0.984320104098894,0.015679895901106,2030,target,ordinary_random_forest,pairwise_unseen,G2_Temporal_Activity+G3_TCP_Control_Flags,0.8,0.9999299073209807,0.0479785873910736
0.2607544665778572,0.3022167929808583,0.0571893298633702,260531,738612,0.0371126660550951,0.9628873339449048,0.0,0.0,0.0,0.9428106701366298,0.0571893298633702,2030,target,ordinary_random_forest,pairwise_unseen,G2_Temporal_Activity+G3_TCP_Control_Flags,0.9,0.9993673811367986,0.0479785873910736
0.4315628493619031,0.5027100026142279,0.0822558703495593,431193,567950,0.0322523788651485,0.9677476211348516,0.0,0.0,0.0,0.9177441296504406,0.0822558703495593,2030,target,ordinary_random_forest,pairwise_unseen,G2_Temporal_Activity+G3_TCP_Control_Flags,0.95,0.9970471743755388,0.0479785873910736
0.527434010947382,0.6169397149407341,0.0879931389365351,526982,472161,0.0282305657498738,0.9717694342501262,0.0,0.0,0.0,0.9120068610634648,0.0879931389365351,2030,target,group_aware_random_forest,pairwise_unseen,G2_Temporal_Activity+G3_TCP_Control_Flags,0.8,0.9996786927311252,0.036703769217002
0.6818243234451925,0.7955167798494831,0.1236351806943869,681240,317903,0.0306837531560096,0.9693162468439904,0.0,0.0,0.0,0.876364819305613,0.1236351806943869,2030,target,group_aware_random_forest,pairwise_unseen,G2_Temporal_Activity+G3_TCP_Control_Flags,0.9,0.998129275310062,0.036703769217002
0.7858734935840015,0.8769168494819131,0.3388833027739989,785200,213943,0.0729686704024452,0.9270313295975549,0.0,0.0,0.0,0.6611166972260011,0.3388833027739989,2030,target,group_aware_random_forest,pairwise_unseen,G2_Temporal_Activity+G3_TCP_Control_Flags,0.95,0.993821443630352,0.036703769217002
0.0,0.0,0.0,0,999143,,,,,,1.0,0.0,2030,target,ordinary_random_forest,pairwise_unseen,G2_Temporal_Activity+G4_Rate_Header_Flow_Context,0.8,0.9999299073209807,0.0486647048586947
0.0,0.0,0.0,0,999143,,,,,,1.0,0.0,2030,target,ordinary_random_forest,pairwise_unseen,G2_Temporal_Activity+G4_Rate_Header_Flow_Context,0.9,0.9993673811367986,0.0486647048586947
0.108131668840196,0.1285826668256888,0.0077246111078251,108039,891104,0.012088227399365,0.987911772600635,0.0,0.0,0.0,0.9922753888921748,0.0077246111078251,2030,target,ordinary_random_forest,pairwise_unseen,G2_Temporal_Activity+G4_Rate_Header_Flow_Context,0.95,0.9970471743755388,0.0486647048586947
0.2568871522895121,0.3054369916862733,0.01852487135506,256667,742476,0.0122025815550888,0.9877974184449112,0.0,0.0,0.0,0.98147512864494,0.01852487135506,2030,target,group_aware_random_forest,pairwise_unseen,G2_Temporal_Activity+G4_Rate_Header_Flow_Context,0.8,0.9996786927311252,0.0383464623550771
0.521871243655813,0.6215188302715544,0.0326373691370438,521424,477719,0.01058255853202,0.98941744146798,0.0,0.0,0.0,0.9673626308629562,0.0326373691370438,2030,target,group_aware_random_forest,pairwise_unseen,G2_Temporal_Activity+G4_Rate_Header_Flow_Context,0.9,0.998129275310062,0.0383464623550771
0.6634715951570496,0.7632244392963029,0.1737209439876974,662903,336240,0.0443066330971499,0.95569336690285,0.0,0.0,0.0,0.8262790560123026,0.1737209439876974,2030,target,group_aware_random_forest,pairwise_unseen,G2_Temporal_Activity+G4_Rate_Header_Flow_Context,0.95,0.993821443630352,0.0383464623550771
1.0008577350789629e-06,1.2047133203947122e-06,0.0,1,999142,0.0,1.0,0.0,0.0,0.0,1.0,0.0,2030,target,ordinary_random_forest,pairwise_unseen,G3_TCP_Control_Flags+G4_Rate_Header_Flow_Context,0.8,0.9999299073209807,0.0565989277024405
0.0018655988181871,0.0022263102160894,9.463535813568344e-05,1864,997279,0.0085836909871244,0.9914163090128756,0.0,0.0,0.0,0.9999053646418644,9.463535813568344e-05,2030,target,ordinary_random_forest,pairwise_unseen,G3_TCP_Control_Flags+G4_Rate_Header_Flow_Context,0.9,0.9993673811367986,0.0565989277024405
0.0720897809422675,0.0851587751920614,0.0079257112438634,72028,927115,0.0186038762703393,0.9813961237296608,0.0,0.0,0.0,0.9920742887561363,0.0079257112438634,2030,target,ordinary_random_forest,pairwise_unseen,G3_TCP_Control_Flags+G4_Rate_Header_Flow_Context,0.95,0.9970471743755388,0.0565989277024405
0.4233618210806661,0.5033039262811825,0.0308747855917667,422999,576144,0.0123404547055666,0.9876595452944332,0.0,0.0,0.0,0.9691252144082332,0.0308747855917667,2030,target,group_aware_random_forest,pairwise_unseen,G3_TCP_Control_Flags+G4_Rate_Header_Flow_Context,0.8,0.9996786927311252,0.0497806301169146
0.5681999473548831,0.6702073191153067,0.0673803749926066,567713,431430,0.0200664772517099,0.97993352274829,0.0,0.0,0.0,0.9326196250073934,0.0673803749926066,2030,target,group_aware_random_forest,pairwise_unseen,G3_TCP_Control_Flags+G4_Rate_Header_Flow_Context,0.9,0.998129275310062,0.0497806301169146
0.7055146260345115,0.7762702798428572,0.3581297687348435,704910,294233,0.0858960718389581,0.9141039281610418,0.0,0.0,0.0,0.6418702312651564,0.3581297687348435,2030,target,group_aware_random_forest,pairwise_unseen,G3_TCP_Control_Flags+G4_Rate_Header_Flow_Context,0.95,0.993821443630352,0.0497806301169146
0.7813394771537775,0.8142028549460101,0.6525257157832667,117340,32838,0.0,1.0,1.0,1.0,1.0,0.3474742842167332,0.0,2031,source,ordinary_random_forest,complete,,0.8,0.9999226740921406,4.8047034661917104e-05
0.8800756435696308,0.9123875906796376,0.7534233112756339,132168,18010,0.0001134919193753,0.9998865080806246,0.9993482228208916,1.0,0.9996740051724512,0.2465766887243661,0.0,2031,source,ordinary_random_forest,complete,,0.9,0.999365814882476,4.8047034661917104e-05
0.9290175658218912,0.9624327215591884,0.7980410142173885,139518,10660,0.0002150260181481,0.9997849739818518,0.9988518472956904,0.9999179015639752,0.9993845901370312,0.2019589857826115,6.551791915088777e-05,2031,source,ordinary_random_forest,complete,,0.95,0.9967570597344648,4.8047034661917104e-05
0.8689954587223162,0.9175692842576806,0.67860184760532,130504,19674,1.532520076012996e-05,0.99998467479924,0.9999034609258096,1.0,0.9999517281328442,0.3213981523946799,0.0,2031,source,group_aware_random_forest,complete,,0.8,0.9996737149683572,3.712990393133978e-05
0.9290375421166882,0.9661016949152542,0.7837581078424949,139521,10657,0.000157682356061,0.9998423176439388,0.9991229901858426,0.9999582027168236,0.9995404219761856,0.216241892157505,3.2758959575443885e-05,2031,source,group_aware_random_forest,complete,,0.9,0.9982744593536624,3.712990393133978e-05
0.957343951843812,0.9878815230836092,0.8376465963441001,143772,6406,0.0003060401190774,0.9996939598809226,0.9983600156188988,0.9999217833398514,0.9991402891754592,0.1623534036558999,6.551791915088777e-05,2031,source,group_aware_random_forest,complete,,0.95,0.99350416759731,3.712990393133978e-05
0.0,0.0,0.0,0,150178,,,,,,1.0,0.0,2031,source,ordinary_random_forest,single,G1_Packet_Byte_Magnitude,0.8,0.9999226740921406,0.0826713363926703
0.0034558989998535,0.0043375789790392,0.0,519,149659,0.0,1.0,0.0,0.0,0.0,1.0,0.0,2031,source,ordinary_random_forest,single,G1_Packet_Byte_Magnitude,0.9,0.999365814882476,0.0826713363926703
0.0962524470961126,0.1208086785009862,0.0,14455,135723,0.0,1.0,0.0,0.0,0.0,1.0,0.0,2031,source,ordinary_random_forest,single,G1_Packet_Byte_Magnitude,0.95,0.9967570597344648,0.0826713363926703
0.5792792552837299,0.6652375221475613,0.2423507829391338,86995,63183,0.0,1.0,1.0,1.0,1.0,0.7576492170608662,0.0,2031,source,group_aware_random_forest,single,G1_Packet_Byte_Magnitude,0.8,0.9996737149683572,9.979507159680524e-05
0.7921533114038009,0.8581553170862167,0.5334468977265282,118964,31214,8.405904307185368e-05,0.9999159409569282,0.9993862771572358,1.0,0.9996930443857818,0.4665531022734718,0.0,2031,source,group_aware_random_forest,single,G1_Packet_Byte_Magnitude,0.9,0.9982744593536624,9.979507159680524e-05
0.8999254218327585,0.9457844415471536,0.7201729673065583,135149,15029,0.0002515741884882,0.9997484258115116,0.9985916772669452,0.999863537117904,0.999227202472952,0.2798270326934416,9.827687872633164e-05,2031,source,group_aware_random_forest,single,G1_Packet_Byte_Magnitude,0.95,0.99350416759731,9.979507159680524e-05
0.3320060195234988,0.4167084545181025,0.0,49860,100318,0.0,1.0,0.0,0.0,0.0,1.0,0.0,2031,source,ordinary_random_forest,single,G2_Temporal_Activity,0.8,0.9999226740921406,0.0057976933632687
0.3948647604842253,0.4956039180289506,0.0,59300,90878,0.0,1.0,0.0,0.0,0.0,1.0,0.0,2031,source,ordinary_random_forest,single,G2_Temporal_Activity,0.9,0.999365814882476,0.0057976933632687
0.5129113452036916,0.6437669240798315,0.0,77028,73150,0.0,1.0,0.0,0.0,0.0,1.0,0.0,2031,source,ordinary_random_forest,single,G2_Temporal_Activity,0.95,0.9967570597344648,0.0057976933632687
0.8290695041883631,0.8813810049142513,0.6240254209526306,124508,25670,0.0,1.0,1.0,1.0,1.0,0.3759745790473695,0.0,2031,source,group_aware_random_forest,single,G2_Temporal_Activity,0.8,0.9996737149683572,4.276668117235466e-05
0.9048728841774428,0.9423076923076924,0.7581406014544978,135892,14286,0.0001545344832661,0.999845465516734,0.9991365167084016,0.9999567903901828,0.999546485260771,0.2418593985455022,3.2758959575443885e-05,2031,source,group_aware_random_forest,single,G2_Temporal_Activity,0.9,0.9982744593536624,4.276668117235466e-05
0.9390989359293638,0.9756961856049208,0.7956496101683811,141032,9146,0.0002765329854217,0.9997234670145784,0.9984378211716342,0.9999588274044796,0.9991977454590336,0.2043503898316189,3.2758959575443885e-05,2031,source,group_aware_random_forest,single,G2_Temporal_Activity,0.95,0.99350416759731,4.276668117235466e-05
0.5773948248078946,0.6583090963795005,0.2602371748673262,86712,63466,0.0,1.0,1.0,1.0,1.0,0.7397628251326738,0.0,2031,source,ordinary_random_forest,single,G3_TCP_Control_Flags,0.8,0.9999226740921406,0.0001219360539801
0.6720891209098536,0.7764433523885936,0.2630544453908144,100933,49245,0.0,1.0,1.0,1.0,1.0,0.7369455546091856,0.0,2031,source,ordinary_random_forest,single,G3_TCP_Control_Flags,0.9,0.999365814882476,0.0001219360539801
0.787145920174726,0.918747701668171,0.2713097032038262,118212,31966,8.459378066524549e-06,0.9999915406219336,1.0,0.9998792562183048,0.9999396244641672,0.7286902967961738,3.2758959575443885e-05,2031,source,ordinary_random_forest,single,G3_TCP_Control_Flags,0.95,0.9967570597344648,0.0001219360539801
0.859373543395171,0.907874502724568,0.6692655441263186,129059,21119,1.5496788290626766e-05,0.9999845032117094,0.999902114330462,1.0,0.9999510547697128,0.3307344558736814,0.0,2031,source,group_aware_random_forest,single,G3_TCP_Control_Flags,0.8,0.9996737149683572,4.532742928011469e-05
0.923710530170864,0.9611707284458262,0.7768787263316517,138721,11457,0.0001730091334405,0.9998269908665596,0.9990730987992416,0.9999156651908075,0.9994942044257112,0.2231212736683483,6.551791915088777e-05,2031,source,group_aware_random_forest,single,G3_TCP_Control_Flags,0.9,0.9982744593536624,4.532742928011469e-05
0.955679260610742,0.9868953297897236,0.8333224136801415,143522,6656,0.0002996056353729,0.999700394364627,0.9984689671416794,0.999842754933564,0.9991553888157766,0.1666775863198585,0.0001310358383017,2031,source,group_aware_random_forest,single,G3_TCP_Control_Flags,0.95,0.99350416759731,4.532742928011469e-05
0.0,0.0,0.0,0,150178,,,,,,1.0,0.0,2031,source,ordinary_random_forest,single,G4_Rate_Header_Flow_Context,0.8,0.9999226740921406,0.0047088233015325
0.0,0.0,0.0,0,150178,,,,,,1.0,0.0,2031,source,ordinary_random_forest,single,G4_Rate_Header_Flow_Context,0.9,0.999365814882476,0.0047088233015325
0.0072713713060501,0.0091264667535853,0.0,1092,149086,0.0,1.0,0.0,0.0,0.0,1.0,0.0,2031,source,ordinary_random_forest,single,G4_Rate_Header_Flow_Context,0.95,0.9967570597344648,0.0047088233015325
0.7771977253658992,0.8118209474141678,0.6414859464063422,116718,33460,1.7135317603111773e-05,0.9999828646823968,0.9999489326932898,0.9999489326932898,0.9999489326932898,0.3585140535936578,3.2758959575443885e-05,2031,source,group_aware_random_forest,single,G4_Rate_Header_Flow_Context,0.8,0.9996737149683572,0.0016313666810792
0.8427665836540639,0.8686942132183332,0.7411387014348424,126565,23613,0.0002765377474025,0.9997234622525976,0.9987635239567232,0.999690594059406,0.9992268439771146,0.2588612985651575,0.0002293127170281,2031,source,group_aware_random_forest,single,G4_Rate_Header_Flow_Context,0.9,0.9982744593536624,0.0016313666810792
0.8880661614883671,0.9141928258616656,0.7856581274978707,133368,16810,0.0005323615859876,0.9994676384140124,0.9984158746039686,0.9986240253512904,0.998519939129891,0.2143418725021293,0.0010810456659896,2031,source,group_aware_random_forest,single,G4_Rate_Header_Flow_Context,0.95,0.99350416759731,0.0016313666810792
0.0,0.0,0.0,0,150178,,,,,,1.0,0.0,2031,source,ordinary_random_forest,pairwise_unseen,G1_Packet_Byte_Magnitude+G2_Temporal_Activity,0.8,0.9999226740921406,0.0763617351551244
0.0007724167321445,0.0009694781533112,0.0,116,150062,0.0,1.0,0.0,0.0,0.0,1.0,0.0,2031,source,ordinary_random_forest,pairwise_unseen,G1_Packet_Byte_Magnitude+G2_Temporal_Activity,0.9,0.999365814882476,0.0763617351551244
0.1097098110242512,0.1375823220673286,0.0004586254340562,16476,133702,0.0008497208060208,0.9991502791939793,0.0,0.0,0.0,0.9995413745659438,0.0004586254340562,2031,source,ordinary_random_forest,pairwise_unseen,G1_Packet_Byte_Magnitude+G2_Temporal_Activity,0.95,0.9967570597344648,0.0763617351551244
0.0981501951018125,0.1231905860328285,0.0,14740,135438,0.0,1.0,0.0,0.0,0.0,1.0,0.0,2031,source,group_aware_random_forest,pairwise_unseen,G1_Packet_Byte_Magnitude+G2_Temporal_Activity,0.8,0.9996737149683572,0.0255688052472457
0.3853893379855904,0.4837110955103132,0.0,57877,92301,0.0,1.0,0.0,0.0,0.0,1.0,0.0,2031,source,group_aware_random_forest,pairwise_unseen,G1_Packet_Byte_Magnitude+G2_Temporal_Activity,0.9,0.9982744593536624,0.0255688052472457
0.5498808081077122,0.6901096513221676,0.0002293127170281,82580,67598,8.476628723661903e-05,0.9999152337127634,0.0,0.0,0.0,0.999770687282972,0.0002293127170281,2031,source,group_aware_random_forest,pairwise_unseen,G1_Packet_Byte_Magnitude+G2_Temporal_Activity,0.95,0.99350416759731,0.0255688052472457
0.0,0.0,0.0,0,150178,,,,,,1.0,0.0,2031,source,ordinary_random_forest,pairwise_unseen,G1_Packet_Byte_Magnitude+G3_TCP_Control_Flags,0.8,0.9999226740921406,0.1366148815597419
0.0001398340635778,0.0001755089760304,0.0,21,150157,0.0,1.0,0.0,0.0,0.0,1.0,0.0,2031,source,ordinary_random_forest,pairwise_unseen,G1_Packet_Byte_Magnitude+G3_TCP_Control_Flags,0.9,0.999365814882476,0.1366148815597419
0.1246254444725592,0.1127686958847323,0.1711000458625434,18716,131462,0.2790660397520837,0.7209339602479162,0.0,0.0,0.0,0.8288999541374565,0.1711000458625434,2031,source,ordinary_random_forest,pairwise_unseen,G1_Packet_Byte_Magnitude+G3_TCP_Control_Flags,0.95,0.9967570597344648,0.1366148815597419
0.3987201853800157,0.5004429512252198,0.0,59879,90299,0.0,1.0,0.0,0.0,0.0,1.0,0.0,2031,source,group_aware_random_forest,pairwise_unseen,G1_Packet_Byte_Magnitude+G3_TCP_Control_Flags,0.8,0.9996737149683572,0.0041650166783006
0.5695840935423298,0.6799301307123993,0.1370634868636572,85539,64639,0.0,1.0,1.0,1.0,1.0,0.8629365131363428,0.0,2031,source,group_aware_random_forest,pairwise_unseen,G1_Packet_Byte_Magnitude+G3_TCP_Control_Flags,0.9,0.9982744593536624,0.0041650166783006
0.7015674732650587,0.8371276702437067,0.1702155539540064,105360,44818,0.0,1.0,1.0,1.0,1.0,0.8297844460459936,0.0,2031,source,group_aware_random_forest,pairwise_unseen,G1_Packet_Byte_Magnitude+G3_TCP_Control_Flags,0.95,0.99350416759731,0.0041650166783006
0.0,0.0,0.0,0,150178,,,,,,1.0,0.0,2031,source,ordinary_random_forest,pairwise_unseen,G1_Packet_Byte_Magnitude+G4_Rate_Header_Flow_Context,0.8,0.9999226740921406,0.1102039398099891
0.0,0.0,0.0,0,150178,,,,,,1.0,0.0,2031,source,ordinary_random_forest,pairwise_unseen,G1_Packet_Byte_Magnitude+G4_Rate_Header_Flow_Context,0.9,0.999365814882476,0.1102039398099891
0.0,0.0,0.0,0,150178,,,,,,1.0,0.0,2031,source,ordinary_random_forest,pairwise_unseen,G1_Packet_Byte_Magnitude+G4_Rate_Header_Flow_Context,0.95,0.9967570597344648,0.1102039398099891
0.0,0.0,0.0,0,150178,,,,,,1.0,0.0,2031,source,group_aware_random_forest,pairwise_unseen,G1_Packet_Byte_Magnitude+G4_Rate_Header_Flow_Context,0.8,0.9996737149683572,0.0272933146547896
0.0,0.0,0.0,0,150178,,,,,,1.0,0.0,2031,source,group_aware_random_forest,pairwise_unseen,G1_Packet_Byte_Magnitude+G4_Rate_Header_Flow_Context,0.9,0.9982744593536624,0.0272933146547896
0.0,0.0,0.0,0,150178,,,,,,1.0,0.0,2031,source,group_aware_random_forest,pairwise_unseen,G1_Packet_Byte_Magnitude+G4_Rate_Header_Flow_Context,0.95,0.99350416759731,0.0272933146547896
0.3260064723195142,0.4091782836893658,0.0,48959,101219,0.0,1.0,0.0,0.0,0.0,1.0,0.0,2031,source,ordinary_random_forest,pairwise_unseen,G2_Temporal_Activity+G3_TCP_Control_Flags,0.8,0.9999226740921406,0.0061973654262234
0.3634953188882526,0.456231404406111,0.0,54589,95589,0.0,1.0,0.0,0.0,0.0,1.0,0.0,2031,source,ordinary_random_forest,pairwise_unseen,G2_Temporal_Activity+G3_TCP_Control_Flags,0.9,0.999365814882476,0.0061973654262234
0.4703019084020295,0.5902868318122555,0.0,70629,79549,0.0,1.0,0.0,0.0,0.0,1.0,0.0,2031,source,ordinary_random_forest,pairwise_unseen,G2_Temporal_Activity+G3_TCP_Control_Flags,0.95,0.9967570597344648,0.0061973654262234
0.6998228768528013,0.7860378430782603,0.3618882264299286,105098,45080,0.0,1.0,1.0,1.0,1.0,0.6381117735700714,0.0,2031,source,group_aware_random_forest,pairwise_unseen,G2_Temporal_Activity+G3_TCP_Control_Flags,0.8,0.9996737149683572,4.4487361797773845e-05
0.7947435709624578,0.9022247852104436,0.3734521391600602,119353,30825,8.37850745268238e-06,0.9999916214925472,1.0,0.9999122807017544,0.999956138427124,0.6265478608399397,3.2758959575443885e-05,2031,source,group_aware_random_forest,pairwise_unseen,G2_Temporal_Activity+G3_TCP_Control_Flags,0.9,0.9982744593536624,4.4487361797773845e-05
0.8714658605121922,0.9703055527696988,0.4840463866867588,130875,19303,2.2922636103151864e-05,0.9999770773638968,1.0,0.9997969680563076,0.999898473721615,0.5159536133132412,9.827687872633164e-05,2031,source,group_aware_random_forest,pairwise_unseen,G2_Temporal_Activity+G3_TCP_Control_Flags,0.95,0.99350416759731,4.4487361797773845e-05
0.0,0.0,0.0,0,150178,,,,,,1.0,0.0,2031,source,ordinary_random_forest,pairwise_unseen,G2_Temporal_Activity+G4_Rate_Header_Flow_Context,0.8,0.9999226740921406,0.0205544776577502
0.0,0.0,0.0,0,150178,,,,,,1.0,0.0,2031,source,ordinary_random_forest,pairwise_unseen,G2_Temporal_Activity+G4_Rate_Header_Flow_Context,0.9,0.999365814882476,0.0205544776577502
0.0,0.0,0.0,0,150178,,,,,,1.0,0.0,2031,source,ordinary_random_forest,pairwise_unseen,G2_Temporal_Activity+G4_Rate_Header_Flow_Context,0.95,0.9967570597344648,0.0205544776577502
0.4607998508436655,0.5783605790124695,0.0,69202,80976,0.0,1.0,0.0,0.0,0.0,1.0,0.0,2031,source,group_aware_random_forest,pairwise_unseen,G2_Temporal_Activity+G4_Rate_Header_Flow_Context,0.8,0.9996737149683572,0.0036180252923948
0.678581416718827,0.7552151238591917,0.3782021882984996,101908,48270,0.0004219492090905,0.9995780507909094,1.0,0.9962754439151148,0.9981342474074716,0.6217978117015004,0.001408635261744,2031,source,group_aware_random_forest,pairwise_unseen,G2_Temporal_Activity+G4_Rate_Header_Flow_Context,0.9,0.9982744593536624,0.0036180252923948
0.7491976188256603,0.8401698258282352,0.3926161305116949,112513,37665,0.0004443930923537,0.9995556069076462,1.0,0.9958281184814352,0.9979096989966556,0.607383869488305,0.0016379479787721,2031,source,group_aware_random_forest,pairwise_unseen,G2_Temporal_Activity+G4_Rate_Header_Flow_Context,0.95,0.99350416759731,0.0036180252923948
0.0,0.0,0.0,0,150178,,,,,,1.0,0.0,2031,source,ordinary_random_forest,pairwise_unseen,G3_TCP_Control_Flags+G4_Rate_Header_Flow_Context,0.8,0.9999226740921406,0.0028636346185333
0.0,0.0,0.0,0,150178,,,,,,1.0,0.0,2031,source,ordinary_random_forest,pairwise_unseen,G3_TCP_Control_Flags+G4_Rate_Header_Flow_Context,0.9,0.999365814882476,0.0028636346185333
0.0039286713100454,0.004930966469428,0.0,590,149588,0.0,1.0,0.0,0.0,0.0,1.0,0.0,2031,source,ordinary_random_forest,pairwise_unseen,G3_TCP_Control_Flags+G4_Rate_Header_Flow_Context,0.95,0.9967570597344648,0.0028636346185333
0.6368842307128874,0.6984922943201952,0.3954006420756076,95646,54532,0.0,1.0,1.0,1.0,1.0,0.6045993579243923,0.0,2031,source,group_aware_random_forest,pairwise_unseen,G3_TCP_Control_Flags+G4_Rate_Header_Flow_Context,0.8,0.9996737149683572,0.0033610399099684
0.7436375501072061,0.8300571657807642,0.4049007403524864,111678,38500,8.954315084439192e-05,0.9999104568491556,1.0,0.9991909385113268,0.999595305544314,0.5950992596475136,0.0003275895957544,2031,source,group_aware_random_forest,pairwise_unseen,G3_TCP_Control_Flags+G4_Rate_Header_Flow_Context,0.9,0.9982744593536624,0.0033610399099684
0.8210656687397622,0.9247400795640692,0.4146956692655441,123306,26872,0.0010218480852513,0.9989781519147488,1.0,0.9900466071569636,0.9949984121943474,0.5853043307344559,0.0041276289065059,2031,source,group_aware_random_forest,pairwise_unseen,G3_TCP_Control_Flags+G4_Rate_Header_Flow_Context,0.95,0.99350416759731,0.0033610399099684
0.3748852766821166,0.4455150330151685,0.0281185307860649,374564,624579,0.0126920900033105,0.9873079099966896,0.0,0.0,0.0,0.971881469213935,0.0281185307860649,2031,target,ordinary_random_forest,complete,,0.8,0.9999226740921406,0.0490153234530105
0.4617597280869705,0.5207409468805756,0.1721831194179925,461364,537779,0.0630976842579828,0.9369023157420172,0.0,0.0,0.0,0.8278168805820074,0.1721831194179925,2031,target,ordinary_random_forest,complete,,0.9,0.999365814882476,0.0490153234530105
0.6631513206818244,0.7447935302075841,0.2623173833323475,662583,336560,0.0669350104062434,0.9330649895937566,0.0,0.0,0.0,0.7376826166676524,0.2623173833323475,2031,target,ordinary_random_forest,complete,,0.95,0.9967570597344648,0.0490153234530105
0.5586057251064162,0.6268846234005925,0.2233808481693973,558127,441016,0.0676673946969059,0.932332605303094,0.0,0.0,0.0,0.7766191518306027,0.2233808481693973,2031,target,group_aware_random_forest,complete,,0.8,0.9996737149683572,0.0496685685515616
0.674466017376892,0.7556877527639135,0.2756964570887798,673888,325255,0.0691687639489054,0.9308312360510944,0.0,0.0,0.0,0.7243035429112202,0.2756964570887798,2031,target,group_aware_random_forest,complete,,0.9,0.9982744593536624,0.0496685685515616
0.7639497048970968,0.8544248517901437,0.3197492163009404,763295,235848,0.0708245173884278,0.9291754826115722,0.0,0.0,0.0,0.6802507836990596,0.3197492163009404,2031,target,group_aware_random_forest,complete,,0.95,0.99350416759731,0.0496685685515616
0.0,0.0,0.0,0,999143,,,,,,1.0,0.0,2031,target,ordinary_random_forest,single,G1_Packet_Byte_Magnitude,0.8,0.9999226740921406,0.0552118849192869
0.000457391984931,0.000525255007692,0.000124208907553,457,998686,0.0459518599562363,0.9540481400437636,0.0,0.0,0.0,0.999875791092447,0.000124208907553,2031,target,ordinary_random_forest,single,G1_Packet_Byte_Magnitude,0.9,0.999365814882476,0.0552118849192869
0.0525250139369439,0.0623234342039796,0.0044182882829597,52480,946663,0.014233993902439,0.9857660060975608,0.0,0.0,0.0,0.9955817117170402,0.0044182882829597,2031,target,ordinary_random_forest,single,G1_Packet_Byte_Magnitude,0.95,0.9967570597344648,0.0552118849192869
0.1401971489566558,0.1667865356420459,0.0096528065298397,140077,859066,0.0116507349529187,0.9883492650470812,0.0,0.0,0.0,0.9903471934701604,0.0096528065298397,2031,target,group_aware_random_forest,single,G1_Packet_Byte_Magnitude,0.8,0.9996737149683572,0.0494434035078498
0.3927465838223357,0.4602908418898097,0.061128526645768,392410,606733,0.0263372493055732,0.9736627506944268,0.0,0.0,0.0,0.938871473354232,0.061128526645768,2031,target,group_aware_random_forest,single,G1_Packet_Byte_Magnitude,0.9,0.9982744593536624,0.0494434035078498
0.6716586114299955,0.7608800671748147,0.233613296267818,671083,328060,0.058855611004898,0.941144388995102,0.0,0.0,0.0,0.766386703732182,0.233613296267818,2031,target,group_aware_random_forest,single,G1_Packet_Byte_Magnitude,0.95,0.99350416759731,0.0494434035078498
0.2281194984101374,0.2712749360598405,0.0162417933400366,227924,771219,0.0120478756076586,0.9879521243923411,0.0,0.0,0.0,0.9837582066599632,0.0162417933400366,2031,target,ordinary_random_forest,single,G2_Temporal_Activity,0.8,0.9999226740921406,0.043606476974473
0.290018545893831,0.3447491967573936,0.0213106997101792,289770,709373,0.0124339993788176,0.9875660006211824,0.0,0.0,0.0,0.9786893002898208,0.0213106997101792,2031,target,ordinary_random_forest,single,G2_Temporal_Activity,0.9,0.999365814882476,0.043606476974473
0.4214952214047439,0.490929111054088,0.0805997515821849,421134,578009,0.0323578718412666,0.9676421281587332,0.0,0.0,0.0,0.9194002484178152,0.0805997515821849,2031,target,ordinary_random_forest,single,G2_Temporal_Activity,0.95,0.9967570597344648,0.043606476974473
0.5582724394806349,0.6515824511820045,0.1001537824569704,557794,441349,0.0303570852321824,0.9696429147678176,0.0,0.0,0.0,0.8998462175430295,0.1001537824569704,2031,target,group_aware_random_forest,single,G2_Temporal_Activity,0.8,0.9996737149683572,0.0381907707314903
0.6717586972035035,0.7824022706436663,0.128538475187792,671183,327960,0.0323786508299524,0.9676213491700476,0.0,0.0,0.0,0.871461524812208,0.128538475187792,2031,target,group_aware_random_forest,single,G2_Temporal_Activity,0.9,0.9982744593536624,0.0381907707314903
0.788859052207742,0.8767758980234268,0.3572189034127876,788183,210960,0.076625605982367,0.923374394017633,0.0,0.0,0.0,0.6427810965872124,0.3572189034127876,2031,target,group_aware_random_forest,single,G2_Temporal_Activity,0.95,0.99350416759731,0.0381907707314903
0.3088196584472893,0.3670412120379774,0.0229727331874371,308555,690588,0.0125877072158934,0.9874122927841066,0.0,0.0,0.0,0.9770272668125628,0.0229727331874371,2031,target,ordinary_random_forest,single,G3_TCP_Control_Flags,0.8,0.9999226740921406,0.0384917766277956
0.434261161815676,0.5152293834397698,0.0367362630862956,433889,565254,0.0143147210461661,0.9856852789538338,0.0,0.0,0.0,0.9632637369137044,0.0367362630862956,2031,target,ordinary_random_forest,single,G3_TCP_Control_Flags,0.9,0.999365814882476,0.0384917766277956
0.6411714839617553,0.7467680553397111,0.1227302300822144,640622,358521,0.0323903955842915,0.9676096044157084,0.0,0.0,0.0,0.8772697699177855,0.1227302300822144,2031,target,ordinary_random_forest,single,G3_TCP_Control_Flags,0.95,0.9967570597344648,0.0384917766277956
0.5528047536738986,0.628406176324251,0.1816289111019104,552331,446812,0.0555970966684832,0.9444029033315168,0.0,0.0,0.0,0.8183710888980895,0.1816289111019104,2031,target,group_aware_random_forest,single,G3_TCP_Control_Flags,0.8,0.9996737149683572,0.0482066548111824
0.6838370483504363,0.7668674923771764,0.2761873780091086,683251,315892,0.0683423807649019,0.931657619235098,0.0,0.0,0.0,0.7238126219908914,0.2761873780091086,2031,target,group_aware_random_forest,single,G3_TCP_Control_Flags,0.9,0.9982744593536624,0.0482066548111824
0.7684355492657208,0.8587027887908654,0.3252558112024605,767777,231366,0.0716236615579784,0.9283763384420216,0.0,0.0,0.0,0.6747441887975395,0.3252558112024605,2031,target,group_aware_random_forest,single,G3_TCP_Control_Flags,0.95,0.99350416759731,0.0482066548111824
0.0,0.0,0.0,0,999143,,,,,,1.0,0.0,2031,target,ordinary_random_forest,single,G4_Rate_Header_Flow_Context,0.8,0.9999226740921406,0.0773152175527611
0.0,0.0,0.0,0,999143,,,,,,1.0,0.0,2031,target,ordinary_random_forest,single,G4_Rate_Header_Flow_Context,0.9,0.999365814882476,0.0773152175527611
0.0016904487145483,0.0020118712450591,0.0001123794877861,1689,997454,0.0112492599171107,0.9887507400828892,0.0,0.0,0.0,0.999887620512214,0.0001123794877861,2031,target,ordinary_random_forest,single,G4_Rate_Header_Flow_Context,0.95,0.9967570597344648,0.0773152175527611
0.4568244985952961,0.5424992741602245,0.0361921097770154,456433,542710,0.0134061297057837,0.9865938702942162,0.0,0.0,0.0,0.9638078902229844,0.0361921097770154,2031,target,group_aware_random_forest,single,G4_Rate_Header_Flow_Context,0.8,0.9996737149683572,0.053240317294884
0.5413239145948078,0.640077438972235,0.0564795646773525,540860,458283,0.0176552157674814,0.9823447842325186,0.0,0.0,0.0,0.9435204353226474,0.0564795646773525,2031,target,group_aware_random_forest,single,G4_Rate_Header_Flow_Context,0.9,0.9982744593536624,0.053240317294884
0.692718659891527,0.765550740717985,0.3351392914177559,692125,307018,0.0818667148275239,0.918133285172476,0.0,0.0,0.0,0.664860708582244,0.3351392914177559,2031,target,group_aware_random_forest,single,G4_Rate_Header_Flow_Context,0.95,0.99350416759731,0.053240317294884
0.0,0.0,0.0,0,999143,,,,,,1.0,0.0,2031,target,ordinary_random_forest,pairwise_unseen,G1_Packet_Byte_Magnitude+G2_Temporal_Activity,0.8,0.9999226740921406,0.0445366215464261
3.002573205236888e-06,3.6141399611841368e-06,0.0,3,999140,0.0,1.0,0.0,0.0,0.0,1.0,0.0,2031,target,ordinary_random_forest,pairwise_unseen,G1_Packet_Byte_Magnitude+G2_Temporal_Activity,0.9,0.999365814882476,0.0445366215464261
0.0694615285299501,0.0823903439817943,0.0059856864020819,69402,929741,0.0145817123425837,0.9854182876574162,0.0,0.0,0.0,0.994014313597918,0.0059856864020819,2031,target,ordinary_random_forest,pairwise_unseen,G1_Packet_Byte_Magnitude+G2_Temporal_Activity,0.95,0.9967570597344648,0.0445366215464261
0.0023259933763235,0.0027575887903834,0.0002070148459218,2324,996819,0.0150602409638554,0.9849397590361446,0.0,0.0,0.0,0.9997929851540782,0.0002070148459218,2031,target,group_aware_random_forest,pairwise_unseen,G1_Packet_Byte_Magnitude+G2_Temporal_Activity,0.8,0.9996737149683572,0.0535319989216431
0.072970535749137,0.0835637347558588,0.0209617318270538,72908,926235,0.0486092061227848,0.9513907938772151,0.0,0.0,0.0,0.979038268172946,0.0209617318270538,2031,target,group_aware_random_forest,pairwise_unseen,G1_Packet_Byte_Magnitude+G2_Temporal_Activity,0.9,0.9982744593536624,0.0535319989216431
0.4428995649271425,0.5164521674599704,0.0817826935588809,442520,556623,0.0312460453764801,0.96875395462352,0.0,0.0,0.0,0.9182173064411192,0.0817826935588809,2031,target,group_aware_random_forest,pairwise_unseen,G1_Packet_Byte_Magnitude+G2_Temporal_Activity,0.95,0.99350416759731,0.0535319989216431
0.0,0.0,0.0,0,999143,,,,,,1.0,0.0,2031,target,ordinary_random_forest,pairwise_unseen,G1_Packet_Byte_Magnitude+G3_TCP_Control_Flags,0.8,0.9999226740921406,0.0546764178102852
0.0,0.0,0.0,0,999143,,,,,,1.0,0.0,2031,target,ordinary_random_forest,pairwise_unseen,G1_Packet_Byte_Magnitude+G3_TCP_Control_Flags,0.9,0.999365814882476,0.0546764178102852
0.0537240415035685,0.0637534289152881,0.004483350091678,53678,945465,0.0141212414769551,0.9858787585230449,0.0,0.0,0.0,0.995516649908322,0.004483350091678,2031,target,ordinary_random_forest,pairwise_unseen,G1_Packet_Byte_Magnitude+G3_TCP_Control_Flags,0.95,0.9967570597344648,0.0546764178102852
0.1044825415380981,0.1243324382313362,0.0070266753415744,104393,894750,0.0113800733765673,0.9886199266234326,0.0,0.0,0.0,0.9929733246584256,0.0070266753415744,2031,target,group_aware_random_forest,pairwise_unseen,G1_Packet_Byte_Magnitude+G3_TCP_Control_Flags,0.8,0.9996737149683572,0.036895948877319
0.326916167155252,0.3886923198321111,0.0236174365647365,326636,672507,0.0122246170048616,0.9877753829951385,0.0,0.0,0.0,0.9763825634352636,0.0236174365647365,2031,target,group_aware_random_forest,pairwise_unseen,G1_Packet_Byte_Magnitude+G3_TCP_Control_Flags,0.9,0.9982744593536624,0.036895948877319
0.6098146111217313,0.7216196647764714,0.0608919382504288,609292,389851,0.0168966603861531,0.9831033396138468,0.0,0.0,0.0,0.9391080617495712,0.0608919382504288,2031,target,group_aware_random_forest,pairwise_unseen,G1_Packet_Byte_Magnitude+G3_TCP_Control_Flags,0.95,0.99350416759731,0.036895948877319
0.0,0.0,0.0,0,999143,,,,,,1.0,0.0,2031,target,ordinary_random_forest,pairwise_unseen,G1_Packet_Byte_Magnitude+G4_Rate_Header_Flow_Context,0.8,0.9999226740921406,0.173252710781404
0.0,0.0,0.0,0,999143,,,,,,1.0,0.0,2031,target,ordinary_random_forest,pairwise_unseen,G1_Packet_Byte_Magnitude+G4_Rate_Header_Flow_Context,0.9,0.999365814882476,0.173252710781404
0.0,0.0,0.0,0,999143,,,,,,1.0,0.0,2031,target,ordinary_random_forest,pairwise_unseen,G1_Packet_Byte_Magnitude+G4_Rate_Header_Flow_Context,0.95,0.9967570597344648,0.173252710781404
0.0,0.0,0.0,0,999143,,,,,,1.0,0.0,2031,target,group_aware_random_forest,pairwise_unseen,G1_Packet_Byte_Magnitude+G4_Rate_Header_Flow_Context,0.8,0.9996737149683572,0.1728793662942567
0.0,0.0,0.0,0,999143,,,,,,1.0,0.0,2031,target,group_aware_random_forest,pairwise_unseen,G1_Packet_Byte_Magnitude+G4_Rate_Header_Flow_Context,0.9,0.9982744593536624,0.1728793662942567
0.0,0.0,0.0,0,999143,,,,,,1.0,0.0,2031,target,group_aware_random_forest,pairwise_unseen,G1_Packet_Byte_Magnitude+G4_Rate_Header_Flow_Context,0.95,0.99350416759731,0.1728793662942567
0.2207762052078631,0.2625455833402604,0.0157035547406399,220587,778556,0.0120360674019774,0.9879639325980224,0.0,0.0,0.0,0.98429644525936,0.0157035547406399,2031,target,ordinary_random_forest,pairwise_unseen,G2_Temporal_Activity+G3_TCP_Control_Flags,0.8,0.9999226740921406,0.0424283367928651
0.2666855495159351,0.3170179008352277,0.019571775004436,266457,732686,0.012418514056677,0.987581485943323,0.0,0.0,0.0,0.980428224995564,0.019571775004436,2031,target,ordinary_random_forest,pairwise_unseen,G2_Temporal_Activity+G3_TCP_Control_Flags,0.9,0.999365814882476,0.0424283367928651
0.3845665735535354,0.4466318022631744,0.0798485834269829,384237,614906,0.0351345653854261,0.964865434614574,0.0,0.0,0.0,0.9201514165730172,0.0798485834269829,2031,target,ordinary_random_forest,pairwise_unseen,G2_Temporal_Activity+G3_TCP_Control_Flags,0.95,0.9967570597344648,0.0424283367928651
0.5611068685863785,0.6562350540253689,0.0940616312769858,560626,438517,0.0283665045859449,0.971633495414055,0.0,0.0,0.0,0.905938368723014,0.0940616312769858,2031,target,group_aware_random_forest,pairwise_unseen,G2_Temporal_Activity+G3_TCP_Control_Flags,0.8,0.9996737149683572,0.0369597885999019
0.6647376801919245,0.7756341912096888,0.1202756254805701,664168,334975,0.0306172534659905,0.9693827465340096,0.0,0.0,0.0,0.8797243745194299,0.1202756254805701,2031,target,group_aware_random_forest,pairwise_unseen,G2_Temporal_Activity+G3_TCP_Control_Flags,0.9,0.9982744593536624,0.0369597885999019
0.7948511874676598,0.8815369250656268,0.3692553380256698,794170,204973,0.0786103730939219,0.921389626906078,0.0,0.0,0.0,0.6307446619743302,0.3692553380256698,2031,target,group_aware_random_forest,pairwise_unseen,G2_Temporal_Activity+G3_TCP_Control_Flags,0.95,0.99350416759731,0.0369597885999019
0.0,0.0,0.0,0,999143,,,,,,1.0,0.0,2031,target,ordinary_random_forest,pairwise_unseen,G2_Temporal_Activity+G4_Rate_Header_Flow_Context,0.8,0.9999226740921406,0.0513533351697798
0.0,0.0,0.0,0,999143,,,,,,1.0,0.0,2031,target,ordinary_random_forest,pairwise_unseen,G2_Temporal_Activity+G4_Rate_Header_Flow_Context,0.9,0.999365814882476,0.0513533351697798
0.0,0.0,0.0,0,999143,,,,,,1.0,0.0,2031,target,ordinary_random_forest,pairwise_unseen,G2_Temporal_Activity+G4_Rate_Header_Flow_Context,0.95,0.9967570597344648,0.0513533351697798
0.342012104373448,0.4067437442249055,0.024202992843201,341719,657424,0.0119747511844527,0.9880252488155472,0.0,0.0,0.0,0.975797007156799,0.024202992843201,2031,target,group_aware_random_forest,pairwise_unseen,G2_Temporal_Activity+G4_Rate_Header_Flow_Context,0.8,0.9996737149683572,0.0434072513735378
0.5859461558555682,0.683082090370365,0.1090435914118412,585444,413699,0.0314906293343172,0.9685093706656828,0.0,0.0,0.0,0.8909564085881587,0.1090435914118412,2031,target,group_aware_random_forest,pairwise_unseen,G2_Temporal_Activity+G4_Rate_Header_Flow_Context,0.9,0.9982744593536624,0.0434072513735378
0.6686140021998853,0.7713201128093553,0.1643638729520317,668041,331102,0.0415977462461136,0.9584022537538864,0.0,0.0,0.0,0.8356361270479683,0.1643638729520317,2031,target,group_aware_random_forest,pairwise_unseen,G2_Temporal_Activity+G4_Rate_Header_Flow_Context,0.95,0.99350416759731,0.0434072513735378
0.0,0.0,0.0,0,999143,,,,,,1.0,0.0,2031,target,ordinary_random_forest,pairwise_unseen,G3_TCP_Control_Flags+G4_Rate_Header_Flow_Context,0.8,0.9999226740921406,0.0710493116850963
0.0,0.0,0.0,0,999143,,,,,,1.0,0.0,2031,target,ordinary_random_forest,pairwise_unseen,G3_TCP_Control_Flags+G4_Rate_Header_Flow_Context,0.9,0.999365814882476,0.0710493116850963
0.0011559906840162,0.0013830108918131,4.140296918436151e-05,1155,997988,0.006060606060606,0.993939393939394,0.0,0.0,0.0,0.9999585970308156,4.140296918436151e-05,2031,target,ordinary_random_forest,pairwise_unseen,G3_TCP_Control_Flags+G4_Rate_Header_Flow_Context,0.95,0.9967570597344648,0.0710493116850963
0.4326577877240795,0.5142065818307546,0.032282486544035,432287,566856,0.0126258712383208,0.9873741287616792,0.0,0.0,0.0,0.967717513455965,0.032282486544035,2031,target,group_aware_random_forest,pairwise_unseen,G3_TCP_Control_Flags+G4_Rate_Header_Flow_Context,0.8,0.9996737149683572,0.0516584856969547
0.5438400709407962,0.6418712571063027,0.0625421423079198,543374,455769,0.0194598931859087,0.9805401068140912,0.0,0.0,0.0,0.9374578576920802,0.0625421423079198,2031,target,group_aware_random_forest,pairwise_unseen,G3_TCP_Control_Flags+G4_Rate_Header_Flow_Context,0.9,0.9982744593536624,0.0516584856969547
0.7080748201208436,0.7800133241293236,0.3548825930088129,707468,291675,0.0848094896164914,0.9151905103835084,0.0,0.0,0.0,0.6451174069911871,0.3548825930088129,2031,target,group_aware_random_forest,pairwise_unseen,G3_TCP_Control_Flags+G4_Rate_Header_Flow_Context,0.95,0.99350416759731,0.0516584856969547
